GENE_NO	GENE_SYMBOL	NAME	COSMIC_GENE_ID	ENSEMBL_GENE_ID	ENSEMBL_GENE_ID_BASE	CHROMOSOME	GENOME_START	GENOME_STOP	LOCATION	CHR_BAND	SOMATIC	GERMLINE	TISSUE_TYPE	MOLECULAR_GENETICS	ROLE_IN_CANCER	MUTATION_TYPES	TRANSLOCATION_PARTNER	TIER	TUMOUR_TYPES_SOMATIC	TUMOUR_TYPES_GERMLINE	CANCER_SYNDROME	OTHER_GERMLINE_MUT	OTHER_SYNDROME	SYNONYMS
1	A1CF	APOBEC1 complementation factor	COSG68236	ENSG00000148584.14	ENSG00000148584	10	50799409	50885675	chr10:50799409-50885675	10q11.23	y	n	E		oncogene	Mis		2	melanoma			n		A1CF,ENSG00000148584.14,29974,ACF,ACF64,ACF65,APOBEC1CF,ASP
2	ABI1	abl interactor 1	COSG100962	ENSG00000136754.17	ENSG00000136754	10	26746593	26861087	chr10:26746593-26861087	10p12.1	y	n	L	Dom	TSG, fusion	T	KMT2A	1	AML			n		ABI1,ENSG00000136754.17,Q8IZP0,10006,ABI-1,E3B1
3	ABL1	ABL proto-oncogene 1, non-receptor tyrosine kinase	COSG106650	ENSG00000097007.17	ENSG00000097007	9	130713946	130887675	chr9:130713946-130887675	9q34.12	y	n	L	Dom	oncogene, fusion	T, Mis	BCR, ETV6, NUP214	1	CML, ALL, T-ALL			n		ABL1,ENSG00000097007.17,P00519,25,JTK7,c-ABL,p150
4	ABL2	ABL proto-oncogene 2, non-receptor tyrosine kinase	COSG93778	ENSG00000143322.19	ENSG00000143322	1	179099327	179229684	chr1:179099327-179229684	1q25.2	y	n	L	Dom	oncogene, fusion	T	ETV6	1	AML			n		ABL2,ENSG00000143322.19,P42684,27,ARG
5	ACKR3	atypical chemokine receptor 3	COSG97311	ENSG00000144476.5	ENSG00000144476	2	236567787	236582358	chr2:236567787-236582358	2q37.3	y	n	M	Dom	oncogene, fusion	T	HMGA2	1	lipoma			n		ACKR3,ENSG00000144476.5,P25106,57007,GPR159,RDC1
6	ACSL3	acyl-CoA synthetase long chain family member 3	COSG110896	ENSG00000123983.13	ENSG00000123983	2	222860934	222944639	chr2:222860934-222944639	2q36.1	y	n	E	Dom	fusion	T	ETV1	1	prostate			n		ACSL3,ENSG00000123983.13,O95573,2181,ACS3,PRO2194
7	ACSL6	acyl-CoA synthetase long chain family member 6	COSG111804	ENSG00000164398.12	ENSG00000164398	5	131949973	132012243	chr5:131949973-132012243	5q31.1	y	n	L	Dom	fusion	T	ETV6	2	AML, AEL			n		ACSL6,ENSG00000164398.12,Q9UKU0,23305,ACS2,KIAA0837,LACS2,LACS5
8	ACVR1	activin A receptor type 1	COSG104387	ENSG00000115170.13	ENSG00000115170	2	157736444	157875862	chr2:157736444-157875862	2q24.1	y	n	O	Dom	oncogene	Mis		1	DIPG			y	Fibrodysplasia ossificans progressiva	ACVR1,ENSG00000115170.13,Q04771,90,ACVR1A,ALK2,SKR1
9	ACVR1B	activin A receptor type 1B	COSG87372	ENSG00000135503.12	ENSG00000135503	12	51951667	51997078	chr12:51951667-51997078	12q13.13	y	n	E		TSG	D, F, Mis, N		1	pancreatic cancer			n		ACVR1B,ENSG00000135503.12,P36896,91,ALK4,ActRIB,SKR2
10	ACVR2A	activin A receptor type 2A	COSG109828	ENSG00000121989.14	ENSG00000121989	2	147844517	147930826	chr2:147844517-147930826	2q23.1	y	n	E	Rec	TSG	Mis, N, F		1	large intestine carcinoma, stomach carcinoma, pancreatic carcinoma, biliary tract, oesophagus			n		ACVR2A,ENSG00000121989.14,P27037,92,ACTRII
11	AFDN	afadin, adherens junction formation factor	COSG74504	ENSG00000130396.20	ENSG00000130396	6	167826922	167972023	chr6:167826922-167972023	6q27	y	n	L	Dom	oncogene, fusion	T	KMT2A	1	AL			n		AFDN,ENSG00000130396.20,4301,AF-6,AF6
12	AFF1	AF4/FMR2 family member 1	COSG69615	ENSG00000172493.20	ENSG00000172493	4	86935002	87141054	chr4:86935002-87141054	4q22.1	y	n	L	Dom	fusion	T	KMT2A	1	AL			n		AFF1,ENSG00000172493.20,P51825,4299,AF-4,AF4
13	AFF3	AF4/FMR2 family member 3	COSG86784	ENSG00000144218.18	ENSG00000144218	2	99545419	100142739	chr2:99545419-100142739	2q11.2	y	n	L	Dom	oncogene, fusion	T	KMT2A, RUNX1	1	ALL, T-ALL			n		AFF3,ENSG00000144218.18,P51826,3899,MLLT2-like
14	AFF4	AF4/FMR2 family member 4	COSG73994	ENSG00000072364.12	ENSG00000072364	5	132875379	132963634	chr5:132875379-132963634	5q31.1	y	n	L	Dom	oncogene, fusion	T	KMT2A	1	ALL			n		AFF4,ENSG00000072364.12,Q9UHB7,27125,AF5Q31,MCEF
15	AKAP9	A-kinase anchoring protein 9	COSG89677	ENSG00000127914.16	ENSG00000127914	7	91940867	92110673	chr7:91940867-92110673	7q21.2	y	n	E	Dom	fusion	T	BRAF	2	papillary thyroid			n		AKAP9,ENSG00000127914.16,Q99996,10142,AKAP350,AKAP450,CG-NAP,HYPERION,KIAA0803,LQT11,MU-RMS-40.16A,PPP1R45,PRKA9,YOTIAO
16	AKT1	AKT serine/threonine kinase 1	COSG100756	ENSG00000142208.15	ENSG00000142208	14	104769349	104795751	chr14:104769349-104795751	14q32.33	y	n	E	Dom	oncogene	Mis		1	breast, colorectal, ovarian, NSCLC			n		AKT1,ENSG00000142208.15,P31749,207,AKT,PKB,PRKBA,RAC
17	AKT2	AKT serine/threonine kinase 2	COSG75261	ENSG00000105221.16	ENSG00000105221	19	40230317	40285536	chr19:40230317-40285536	19q13.2	y	n	E	Dom	oncogene	A		1	ovarian, pancreatic			n		AKT2,ENSG00000105221.16,P31751,208
18	AKT3	AKT serine/threonine kinase 3	COSG82568	ENSG00000117020.16	ENSG00000117020	1	243488233	243851079	chr1:243488233-243851079	1q44	y	n	O		oncogene	A		2	GBM			n		AKT3,ENSG00000117020.16,Q9Y243,10000,PKBG,PRKBG,RAC-gamma
19	ALDH2	aldehyde dehydrogenase 2 family member	COSG78204	ENSG00000111275.12	ENSG00000111275	12	111766887	111817529	chr12:111766887-111817529	12q24.12	y	n	M	Dom	fusion	T	HMGA2	2	leiomyoma			n		ALDH2,ENSG00000111275.12,P05091,217
20	ALK	ALK receptor tyrosine kinase	COSG59677	ENSG00000171094.17	ENSG00000171094	2	29192774	29921566	chr2:29192774-29921566	2p23.2	y	y	L, E, M	Dom	oncogene, fusion	T, Mis, A	NPM1, TPM3, TFG, TPM4, ATIC, CLTC, MSN, RNF213, CARS, EML4, KIF5B, C2orf22, DCTN1, HIP1, TPR, RANBP2, PPFIBP1, SEC31A, STRN, VCL, C2orf44, KLC1	1	ALCL, NSCLC, neuroblastoma, inflammatory myofibroblastic tumour, Spitzoid tumour	neuroblastoma	familial neuroblastoma	n		ALK,ENSG00000171094.17,Q9UM73,238,CD246
21	AMER1	APC membrane recruitment protein 1	COSG111928	ENSG00000184675.9	ENSG00000184675	X	64185117	64205744	chrX:64185117-64205744	Xq11.2	y	n	O	Rec	TSG	F, D, N, Mis		1	Wilms tumour			n		AMER1,ENSG00000184675.9,Q5JTC6,139285,FLJ39827,RP11-403E24.2,WTX
22	ANK1	ankyrin 1	COSG110999	ENSG00000029534.20	ENSG00000029534	8	41653220	41896762	chr8:41653220-41896762	8p11.21	y	n	E			Mis		2	CCRCC			n		ANK1,ENSG00000029534.20,P16157,286,SPH1
23	APC	APC, WNT signaling pathway regulator	COSG108961	ENSG00000134982.16	ENSG00000134982	5	112707498	112846239	chr5:112707498-112846239	5q22.2	y	y	E, M, O	Rec	TSG	D, Mis, N, F, S		1	colorectal, pancreatic, desmoid, hepatoblastoma, glioma, other CNS	colorectal, pancreatic, desmoid, hepatoblastoma, glioma, other CNS	adenomatous polyposis coli; Turcot syndrome	n		APC,ENSG00000134982.16,P25054,324,DP2,DP2.5,DP3,PPP1R46
24	AR	androgen receptor	COSG86691	ENSG00000169083.16	ENSG00000169083	X	67544032	67730619	chrX:67544032-67730619	Xq12	y	y	E	Dom	oncogene	Mis		1	prostate			y	Androgen insensitivity, Hypospadias 1, X-linked, Spinal and bulbar muscular atrophy of Kennedy 	AR,ENSG00000169083.16,P10275,367,AIS,HUMARA,NR3C4,SMAX1
25	ARAF	A-Raf proto-oncogene, serine/threonine kinase	COSG63174	ENSG00000078061.12	ENSG00000078061	X	47561100	47571920	chrX:47561100-47571920	Xp11.3	y	n	E, L		oncogene	Mis		2	cholangiocarcinoma, lung adenocarcinoma, Langerhans cell histiocytosis			n		ARAF,ENSG00000078061.12,369
26	ARHGAP26	Rho GTPase activating protein 26	COSG66814	ENSG00000145819.16	ENSG00000145819	5	142770377	143229011	chr5:142770377-143229011	5q31.3	y	n	L	Dom	TSG, fusion	T, F, S	KMT2A	1	AML, MDS			n		ARHGAP26,ENSG00000145819.16,Q9UNA1,23092,GRAF,KIAA0621,OPHN1L,OPHN1L1
27	ARHGAP35	Rho GTPase activating protein 35	COSG59943	ENSG00000160007.18	ENSG00000160007	19	46918676	47005077	chr19:46918676-47005077	19q13.32	y	n	E		TSG	N, Mis, F, O		1	endometrial carcinoma			n		ARHGAP35,ENSG00000160007.18,Q9NRY4,2909,GRF-1,KIAA1722,P190A,p190ARhoGAP,p190RhoGAP
28	ARHGAP5	Rho GTPase activating protein 5	COSG113539	ENSG00000100852.12	ENSG00000100852	14	32076114	32159728	chr14:32076114-32159728	14q12	y	n	E, O		oncogene	Mis		2	colon cancer, glioma			n		ARHGAP5,ENSG00000100852.12,Q13017,394,RhoGAP5,p190-B,p190BRhoGAP
29	ARHGEF10	Rho guanine nucleotide exchange factor 10	COSG72704	ENSG00000104728.15	ENSG00000104728	8	1823976	1958641	chr8:1823976-1958641	8p23.3	y	n	E		TSG	D		2	colon cancer			n		ARHGEF10,ENSG00000104728.15,O15013,9639,Gef10,KIAA0294
30	ARHGEF10L	Rho guanine nucleotide exchange factor 10 like	COSG64462	ENSG00000074964.16	ENSG00000074964	1	17539835	17697874	chr1:17539835-17697874	1p36.13	y	n	L		TSG	D		2	lymphoma			n		ARHGEF10L,ENSG00000074964.16,Q9HCE6,55160,FLJ10521,KIAA1626
31	ARHGEF12	Rho guanine nucleotide exchange factor 12	COSG109622	ENSG00000196914.8	ENSG00000196914	11	120336914	120489936	chr11:120336914-120489936	11q23.3	y	n	L	Dom	TSG, fusion	T	KMT2A	1	AML			n		ARHGEF12,ENSG00000196914.8,Q9NZN5,23365,KIAA0382,LARG
32	ARID1A	AT-rich interaction domain 1A	COSG71518	ENSG00000117713.19	ENSG00000117713	1	26693236	26782110	chr1:26693236-26782110	1p36.11	y	n	E	Rec	TSG, fusion	Mis, N, F, S, D, T	MAST2	1	clear cell ovarian carcinoma, RCC, breast			n		ARID1A,ENSG00000117713.19,O14497,8289,B120,BAF250,BAF250a,C10rf4,P270
33	ARID1B	AT-rich interaction domain 1B	COSG107409	ENSG00000049618.22	ENSG00000049618	6	156777374	157210779	chr6:156777374-157210779	6q25.3	y	n	E	Rec	TSG	Mis, F, N, O		1	breast, hepatocellular carcinoma, clear cell ovarian carcinoma			n		ARID1B,ENSG00000049618.22,Q8NFD5,57492,6A3-5,BAF250b,DAN15,ELD/OSA1,KIAA1235,p250R
34	ARID2	AT-rich interaction domain 2	COSG89256	ENSG00000189079.15	ENSG00000189079	12	45729665	45908040	chr12:45729665-45908040	12q12	y	n	E	Rec	TSG	N, S, F		1	hepatocellular carcinoma			n		ARID2,ENSG00000189079.15,Q68CP9,196528,BAF200,DKFZp686G052,FLJ30619,KIAA1557
35	ARNT	aryl hydrocarbon receptor nuclear translocator	COSG69731	ENSG00000143437.20	ENSG00000143437	1	150809705	150876768	chr1:150809705-150876768	1q21.3	y	n	L	Dom	oncogene, TSG, fusion	T	ETV6	1	AML			n		ARNT,ENSG00000143437.20,P27540,405,HIF-1beta,bHLHe2
36	ASPM	abnormal spindle microtubule assembly	COSG93625	ENSG00000066279.17	ENSG00000066279	1	197084128	197146694	chr1:197084128-197146694	1q31.3	y	y	E, O			A, F, Mis, N		2	breast cancer, lung cancer, endometrial cancer, melanoma		nevoid basal cell carcinoma syndrome	n		ASPM,ENSG00000066279.17,Q8IZT6,259266,ASP,Calmbp1,FLJ10517,FLJ10549
37	ASPSCR1	ASPSCR1, UBX domain containing tether for SLC2A4	COSG109748	ENSG00000169696.15	ENSG00000169696	17	81976807	82017406	chr17:81976807-82017406	17q25.3	y	n	M	Dom	fusion	T	TFE3	1	alveolar soft part sarcoma			n		ASPSCR1,ENSG00000169696.15,Q9BZE9,79058,ASPL,ASPS,TUG,UBXD9,UBXN9
38	ASXL1	ASXL transcriptional regulator 1	COSG63327	ENSG00000171456.17	ENSG00000171456	20	32358330	32439319	chr20:32358330-32439319	20q11.21	y	n	L	Rec	TSG	F, N, Mis		1	MDS, CMML			y	Bohring-Opitz syndrome	ASXL1,ENSG00000171456.17,Q8IXJ9,171023,KIAA0978
39	ASXL2	ASXL transcriptional regulator 2	COSG71126	ENSG00000143970.16	ENSG00000143970	2	25733753	25878516	chr2:25733753-25878516	2p23.3	y	n	E, L		TSG	O,N, F		2	melanoma, CCRCC, AML			n		ASXL2,ENSG00000143970.16,Q76L83,55252,ASXH2,FLJ10898,KIAA1685
40	ATF1	activating transcription factor 1	COSG90645	ENSG00000123268.8	ENSG00000123268	12	50763710	50821122	chr12:50763710-50821122	12q13.12	y	n	E, M	Dom	oncogene, fusion	T	EWSR1, FUS	1	malignant melanoma of soft parts, angiomatoid fibrous histiocytoma			n		ATF1,ENSG00000123268.8,P18846,466,TREB36
41	ATIC	5-aminoimidazole-4-carboxamide ribonucleotide formyltransferase/IMP cyclohydrolase	COSG101434	ENSG00000138363.14	ENSG00000138363	2	215311817	215349773	chr2:215311817-215349773	2q35	y	n	L	Dom	fusion	T	ALK	1	ALCL			n		ATIC,ENSG00000138363.14,P31939,471,AICARFT,IMPCHASE,PURH
42	ATM	ATM serine/threonine kinase	COSG89944	ENSG00000149311.18	ENSG00000149311	11	108222484	108369102	chr11:108222484-108369102	11q22.3	y	y	L, O	Rec	TSG	D, Mis, N, F, S		1	T-PLL	leukaemia, lymphoma, medulloblastoma, glioma	ataxia-telangiectasia	n		ATM,ENSG00000149311.18,Q13315,472,TEL1,TELO1
43	ATP1A1	ATPase Na+/K+ transporting subunit alpha 1	COSG58843	ENSG00000163399.15	ENSG00000163399	1	116372668	116410261	chr1:116372668-116410261	1p13.1	y	n	E	Dom	oncogene, TSG	Mis, O		1	adrenal aldosterone producing adenoma			n		ATP1A1,ENSG00000163399.15,P05023,476
44	ATP2B3	ATPase plasma membrane Ca2+ transporting 3	COSG102707	ENSG00000067842.17	ENSG00000067842	X	153517676	153582939	chrX:153517676-153582939	Xq28	y	n	E	Dom	TSG	O		1	adrenal aldosterone producing adenoma			n		ATP2B3,ENSG00000067842.17,Q16720,492,CFAP39,PMCA3
45	ATR	ATR serine/threonine kinase	COSG73559	ENSG00000175054.14	ENSG00000175054	3	142449235	142578826	chr3:142449235-142578826	3q23	y	y	E, L	Dom	TSG	F, Mis		1	endometrial, gastric, epithelial ovarian, myeloma	oropharyngeal	familial cutaneous telangiectasia and cancer syndrome	y	Seckel syndrome 1	ATR,ENSG00000175054.14,Q13535,545,FRP1,MEC1,SCKL,SCKL1
46	ATRX	ATRX, chromatin remodeler	COSG106026	ENSG00000085224.21	ENSG00000085224	X	77504878	77786269	chrX:77504878-77786269	Xq21.1	y	n	E	Rec	TSG	Mis, F, N		1	pancreatic neuroendocrine tumours, paediatric GBM			y	ATR-X (alpha thalassemia/mental retardation) syndrome	ATRX,ENSG00000085224.21,P46100,546,XH2,XNP
47	AXIN1	axin 1	COSG75575	ENSG00000103126.14	ENSG00000103126	16	287440	352673	chr16:287440-352673	16p13.3	y	n	E, O	Rec	TSG	D, Mis, N, F, S		1	colorectal, endometrial, prostate, hepatocellular carcinoma, hepatoblastoma, sporadic medulloblastoma			n		AXIN1,ENSG00000103126.14,O15169,8312,PPP1R49
48	AXIN2	axin 2	COSG96143	ENSG00000168646.12	ENSG00000168646	17	65528563	65561647	chr17:65528563-65561647	17q24.1	y	y	E	Rec	TSG	Mis, F, N		1	colorectal carcinoma, stomach carcinoma, hepatocellular carcinoma	colorectal carcinoma	oligodontia-colorectal cancer syndrome	n		AXIN2,ENSG00000168646.12,Q9Y2T1,8313,DKFZp781B0869,MGC126582
49	B2M	beta-2-microglobulin	COSG79234	ENSG00000166710.17	ENSG00000166710	15	44711477	44718877	chr15:44711477-44718877	15q21.1	y	n	E, L	Rec	TSG	Mis, N, F		1	DLBCL, melanoma, colorectal adenocarcinoma			y	Immunodeficiency 43	B2M,ENSG00000166710.17,P61769,567
50	BAP1	BRCA1 associated protein 1	COSG113385	ENSG00000163930.9	ENSG00000163930	3	52401013	52410350	chr3:52401013-52410350	3p21.1	y	y	E	Rec	TSG	N, Mis, F, S, O		1	uveal melanoma, breast, NSCLC, RCC	mesothelioma, skin and uveal melanoma, kidney cancer	BAP1 tumor predisposition syndrome	n		BAP1,ENSG00000163930.9,Q92560,8314,KIAA0272,UCHL2,hucep-6
51	BARD1	BRCA1 associated RING domain 1	COSG71483	ENSG00000138376.10	ENSG00000138376	2	214725646	214809711	chr2:214725646-214809711	2q35	y	y	E		TSG	Mis		1	breast cancer	ovarian cancer, breast cancer, endometrioid cancer		n		BARD1,ENSG00000138376.10,Q99728,580
52	BAX	BCL2 associated X, apoptosis regulator	COSG106962	ENSG00000087088.19	ENSG00000087088	19	48954815	48961798	chr19:48954815-48961798	19q13.33	y	n	E		TSG	F, Mis		1	colorectal cancer			n		BAX,ENSG00000087088.19,Q07812,581,BCL2L4
53	BAZ1A	bromodomain adjacent to zinc finger domain 1A	COSG114282	ENSG00000198604.10	ENSG00000198604	14	34752731	34875647	chr14:34752731-34875647	14q13.2	y	n	E		TSG	D		2	uterine carcinosarcoma, colon cancer			n		BAZ1A,ENSG00000198604.10,Q9NRL2,11177,ACF1,WALp1,WCRF180,hACF1
54	BCL10	BCL10, immune signaling adaptor	COSG86862	ENSG00000142867.12	ENSG00000142867	1	85266248	85277090	chr1:85266248-85277090	1p22.3	y	n	L	Dom	TSG, fusion	T	IGH	1	MALT			n		BCL10,ENSG00000142867.12,O95999,8915,CARMEN,CIPER,CLAP,c-E10,mE10
55	BCL11A	BCL11A, BAF complex component	COSG82877	ENSG00000119866.21	ENSG00000119866	2	60450520	60555154	chr2:60450520-60555154	2p16.1	y	n	L	Dom	oncogene, fusion	T	IGH	1	B-CLL			n		BCL11A,ENSG00000119866.21,53335,BCL11A-L,BCL11A-S,BCL11A-XL,CTIP1,HBFQTL5,ZNF856
56	BCL11B	BCL11B, BAF complex component	COSG102032	ENSG00000127152.17	ENSG00000127152	14	99169287	99271524	chr14:99169287-99271524	14q32.2	y	n	L	Dom	oncogene, TSG, fusion	T	TLX3	1	T-ALL			n		BCL11B,ENSG00000127152.17,Q9C0K0,64919,CTIP-2,CTIP2,hRIT1-alpha
57	BCL2	BCL2, apoptosis regulator	COSG84340	ENSG00000171791.12	ENSG00000171791	18	63123346	63320128	chr18:63123346-63320128	18q21.33	y	n	L	Dom	oncogene, fusion	T	IGH	1	NHL, CLL			n		BCL2,ENSG00000171791.12,P10415,596,Bcl-2,PPP1R50
58	BCL2L12	BCL2 like 12	COSG58663	ENSG00000126453.9	ENSG00000126453	19	49665142	49673916	chr19:49665142-49673916	19q13.33	y	n	E		oncogene	Mis		2	melanoma, SCC			n		BCL2L12,ENSG00000126453.9,Q9HB09,83596
59	BCL3	BCL3, transcription coactivator	COSG88188	ENSG00000069399.14	ENSG00000069399	19	44747705	44760044	chr19:44747705-44760044	19q13.32	y	n	L	Dom	oncogene, fusion	T	IGH	1	CLL			n		BCL3,ENSG00000069399.14,P20749,602
60	BCL6	BCL6, transcription repressor	COSG113725	ENSG00000113916.17	ENSG00000113916	3	187721377	187745727	chr3:187721377-187745727	3q27.3	y	n	L	Dom	oncogene, fusion	T, Mis	IG loci, ZNFN1A1, LCP1, PIM1, TFRC, CIITA, NACA, HSPCB, HSP90AA1, HIST1H4I, IL21R,  POU2AF1, RHOH, EIF4A2, SRSF3	1	NHL, CLL			n		BCL6,ENSG00000113916.17,P41182,604,BCL5,BCL6A,LAZ3,ZBTB27
61	BCL7A	BCL7A, BAF complex component	COSG72854	ENSG00000110987.8	ENSG00000110987	12	122019422	122062044	chr12:122019422-122062044	12q24.31	y	n	L	Dom	fusion	T	MYC	1	BNHL			n		BCL7A,ENSG00000110987.8,Q4VC05,605
62	BCL9	B cell CLL/lymphoma 9	COSG114870	ENSG00000116128.10	ENSG00000116128	1	147541412	147626216	chr1:147541412-147626216	1q21.2	y	n	L	Dom	oncogene, fusion	T	IGH, IGL	1	B-ALL			n		BCL9,ENSG00000116128.10,O00512,607
63	BCL9L	B cell CLL/lymphoma 9 like	COSG105158	ENSG00000186174.12	ENSG00000186174	11	118893875	118925608	chr11:118893875-118925608	11q23.3	y	n	E		oncogene, TSG	Mis, F		1	colorectal cancer, endometrial carcinoma, gastric cancer			n		BCL9L,ENSG00000186174.12,Q86UU0,283149,DLNB11
64	BCLAF1	BCL2 associated transcription factor 1	COSG107886	ENSG00000029363.16	ENSG00000029363	6	136256627	136289851	chr6:136256627-136289851	6q23.3	y	n	E			Mis		2	melanoma, SCC			n		BCLAF1,ENSG00000029363.16,Q9NYF8,9774,BTF,KIAA0164
65	BCOR	BCL6 corepressor	COSG64323	ENSG00000183337.16	ENSG00000183337	X	40049815	40177329	chrX:40049815-40177329	Xp11.4	y	n	L, M	Rec	TSG, fusion	F, N, S, T	RARA	1	retinoblastoma, AML, APL (translocation)			y	Oculo-facio-cardio-dental genetic	BCOR,ENSG00000183337.16,Q6W2J9,54880,FLJ20285,KIAA1575
66	BCORL1	BCL6 corepressor like 1	COSG92901	ENSG00000085185.15	ENSG00000085185	X	129981107	130058083	chrX:129981107-130058083	Xq26.1	y	n	E, L		oncogene, TSG	Mis, N, F		1	AML, HNSCC			n		BCORL1,ENSG00000085185.15,Q5H9F3,63035,FLJ11362
67	BCR	BCR, RhoGEF and GTPase activating protein	COSG70269	ENSG00000186716.20	ENSG00000186716	22	23179704	23318037	chr22:23179704-23318037	22q11.23	y	n	L	Dom	fusion	T	ABL1,  FGFR1, JAK2	1	CML, ALL, AML			n		BCR,ENSG00000186716.20,P11274,613,ALL,CML,D22S662,PHL
68	BIRC3	baculoviral IAP repeat containing 3	COSG64326	ENSG00000023445.13	ENSG00000023445	11	102317450	102339403	chr11:102317450-102339403	11q22.2	y	n	L	Dom	oncogene, TSG, fusion	D, F, N, T, Mis	MALT1	1	CLL, MALT, MCL, MM			n		BIRC3,ENSG00000023445.13,Q13489,330,MALT2,MIHC,RNF49,c-IAP2,cIAP2,hiap-1
69	BIRC6	baculoviral IAP repeat containing 6	COSG78096	ENSG00000115760.13	ENSG00000115760	2	32357028	32618899	chr2:32357028-32618899	2p22.3	y	n	E		oncogene, fusion	T, Mis	ALK	2	melanoma, gastric adenocarcinoma, lung adenocarcinoma			n		BIRC6,ENSG00000115760.13,Q9NR09,57448,BRUCE
70	BLM	BLM RecQ like helicase	COSG113995	ENSG00000197299.10	ENSG00000197299	15	90717327	90816165	chr15:90717327-90816165	15q26.1	n	y	L, E	Rec	TSG	Mis, N, F		1		leukaemia, lymphoma, skin squamous cell, other tumour types	Bloom syndrome	n		BLM,ENSG00000197299.10,P54132,641,BS,RECQ2,RECQL3
71	BMP5	bone morphogenetic protein 5	COSG107337	ENSG00000112175.7	ENSG00000112175	6	55753645	55875564	chr6:55753645-55875564	6p12.1	y	n	E			Mis		2	melanoma			n		BMP5,ENSG00000112175.7,P22003,653
72	BMPR1A	bone morphogenetic protein receptor type 1A	COSG95149	ENSG00000107779.13	ENSG00000107779	10	86756601	86932838	chr10:86756601-86932838	10q23.2	n	y	E	Rec	oncogene, TSG	Mis, N, F		1		gastrointestinal polyps	juvenile polyposis	n		BMPR1A,ENSG00000107779.13,P36894,657,ALK3,CD292
73	BRAF	B-Raf proto-oncogene, serine/threonine kinase	COSG99109	ENSG00000157764.13	ENSG00000157764	7	140719327	140924928	chr7:140719327-140924928	7q34	y	n	E, O	Dom	oncogene, fusion	Mis, T, O	AKAP9, KIAA1549, CEP88, LSM14A, SND1, FCHSD1, SLC45A3, FAM131B, RNF130, CLCN6, MKRN1, GNAI1, AGTRAP	1	melanoma, colorectal, papillary thyroid, borderline ovarian, NSCLC, cholangiocarcinoma, pilocytic astrocytoma, Spitzoid tumour, pancreas acinar carcinoma, melanocytic nevus, prostate, gastric			y	Cardio-facio-cutaneous syndrome	BRAF,ENSG00000157764.13,673,BRAF1
74	BRCA1	BRCA1, DNA repair associated	COSG75342	ENSG00000012048.21	ENSG00000012048	17	43044295	43170245	chr17:43044295-43170245	17q21.31	y	y	E	Rec	TSG	D, Mis, N, F, S		1	ovarian	breast, ovarian	hereditary breast/ovarian cancer	n		BRCA1,ENSG00000012048.21,P38398,672,BRCC1,FANCS,PPP1R53,RNF53
75	BRCA2	BRCA2, DNA repair associated	COSG68498	ENSG00000139618.14	ENSG00000139618	13	32315474	32400266	chr13:32315474-32400266	13q13.1	y	y	L, E	Rec	TSG	D, Mis, N, F, S		1	breast, ovarian, pancreatic	breast, ovarian, pancreatic, leukaemia  (FANCB, FANCD1)	hereditary breast/ovarian cancer	n		BRCA2,ENSG00000139618.14,P51587,675,BRCC2,FAD,FAD1,XRCC11
76	BRD3	bromodomain containing 3	COSG76553	ENSG00000169925.16	ENSG00000169925	9	134030305	134068535	chr9:134030305-134068535	9q34.2	y	n	E	Dom	oncogene, fusion	T	NUTM1	1	lethal midline carcinoma of young people			n		BRD3,ENSG00000169925.16,Q15059,8019,KIAA0043,ORFX,RING3L
77	BRD4	bromodomain containing 4	COSG97085	ENSG00000141867.17	ENSG00000141867	19	15235519	15332545	chr19:15235519-15332545	19p13.12	y	n	E	Dom	oncogene, fusion	T	NUTM1	1	lethal midline carcinoma of young people			n		BRD4,ENSG00000141867.17,O60885,23476,CAP,HUNK1,HUNKI,MCAP
78	BRIP1	BRCA1 interacting protein C-terminal helicase 1	COSG80352	ENSG00000136492.8	ENSG00000136492	17	61681266	61863521	chr17:61681266-61863521	17q23.2	n	y	L, E	Rec	TSG	F, N, Mis		1		AML, leukaemia, breast	Fanconi anaemia J, breast cancer susceptiblity	n		BRIP1,ENSG00000136492.8,Q9BX63,83990,BACH1,FANCJ,OF
79	BTG1	BTG anti-proliferation factor 1	COSG72977	ENSG00000133639.4	ENSG00000133639	12	92140278	92145897	chr12:92140278-92145897	12q21.33	y	n	L	Dom	TSG, fusion	T	MYC	1	B-CLL			n		BTG1,ENSG00000133639.4,P62324,694,APRO2
80	BTG2	BTG anti-proliferation factor 2	COSG94281	ENSG00000159388.5	ENSG00000159388	1	203305491	203309602	chr1:203305491-203309602	1q32.1	y	n	L		TSG	Mis		2	DLBCL			n		BTG2,ENSG00000159388.5,P78543,7832,APRO1,MGC126063,MGC126064,PC3,TIS21
81	BTK	Bruton tyrosine kinase	COSG96537	ENSG00000010671.15	ENSG00000010671	X	101349447	101390796	chrX:101349447-101390796	Xq22.1	y	n	L	Dom	oncogene, TSG	Mis		1	CLL, mantle cell lymphoma, WM			y	agammaglobulinemia	BTK,ENSG00000010671.15,Q06187,695,ATK,PSCTK1,XLA
82	BUB1B	BUB1 mitotic checkpoint serine/threonine kinase B	COSG78158	ENSG00000156970.12	ENSG00000156970	15	40161023	40221136	chr15:40161023-40221136	15q15.1	n	y	M	Rec	TSG	Mis, N, F, S		1		rhabdomyosarcoma	mosaic variegated aneuploidy	n		BUB1B,ENSG00000156970.12,O60566,701,BUBR1,Bub1A,MAD3L,SSK1
83	C15orf65	chromosome 15 open reading frame 65	COSG63238	ENSG00000261652.2	ENSG00000261652	15	55408548	55418764	chr15:55408548-55418764	15q21.3	y	n	L	Dom	fusion	T	CIITA	2	PMBL, Hodgkin lymphoma			n		C15orf65,ENSG00000261652.2,H3BRN8,145788,FLJ27352
84	CACNA1D	calcium voltage-gated channel subunit alpha1 D	COSG88428	ENSG00000157388.16	ENSG00000157388	3	53328963	53813733	chr3:53328963-53813733	3p21.1	y	n	E	Dom	oncogene	Mis		1	adrenal aldosterone producing adenoma			y	Syndrome featuring primary aldosteronism, seizures and neuromuscular disease.	CACNA1D,ENSG00000157388.16,Q01668,776,CACH3,CACN4,Cav1.3
85	CALR	calreticulin	COSG80775	ENSG00000179218.13	ENSG00000179218	19	12938578	12944489	chr19:12938578-12944489	19p13.13	y	n	L	Dom	oncogene	F, Mis		1	MPN, MDS			n		CALR,ENSG00000179218.13,P27797,811,CRT,FLJ26680,RO,SSA,cC1qR
86	CAMTA1	calmodulin binding transcription activator 1	COSG61199	ENSG00000171735.18	ENSG00000171735	1	6785324	7769706	chr1:6785324-7769706	1p36.31	y	n	M	Dom	TSG, fusion	T	WWTR1	1	epithelioid haemangioendothelioma			n		CAMTA1,ENSG00000171735.18,Q9Y6Y1,23261,KIAA0833
87	CANT1	calcium activated nucleotidase 1	COSG63866	ENSG00000171302.16	ENSG00000171302	17	78991717	79009867	chr17:78991717-79009867	17q25.3	y	n	E	Dom	fusion	T	ETV4	1	prostate			n		CANT1,ENSG00000171302.16,Q8WVQ1,124583,SCAN-1,SHAPY
88	CARD11	caspase recruitment domain family member 11	COSG91032	ENSG00000198286.9	ENSG00000198286	7	2906141	3043945	chr7:2906141-3043945	7p22.2	y	n	L	Dom	oncogene	Mis		1	DLBCL			n		CARD11,ENSG00000198286.9,Q9BXL7,84433,BIMP3,CARMA1
89	CARS	cysteinyl-tRNA synthetase	COSG73613	ENSG00000110619.17	ENSG00000110619	11	3000922	3057613	chr11:3000922-3057613	11p15.4	y	n	L	Dom	TSG, fusion	T	ALK	1	ALCL			n		CARS,ENSG00000110619.17,P49589,833,CARS1
90	CASP3	caspase 3	COSG65355	ENSG00000164305.18	ENSG00000164305	4	184627696	184649509	chr4:184627696-184649509	4q35.1	y	n	E		TSG	D		2	ovarian cancer			n		CASP3,ENSG00000164305.18,P42574,836,CPP32,CPP32B,Yama,apopain
91	CASP8	caspase 8	COSG90904	ENSG00000064012.21	ENSG00000064012	2	201233443	201287711	chr2:201233443-201287711	2q33.1	y	n	E	Rec	TSG	N, S, F		1	hepatocellular, oral squamous cell, breast			n		CASP8,ENSG00000064012.21,Q14790,841,Casp-8,FLICE,MACH,MCH5
92	CASP9	caspase 9	COSG102681	ENSG00000132906.17	ENSG00000132906	1	15490832	15526534	chr1:15490832-15526534	1p36.21	y	n	O		TSG	D		2	glioma			n		CASP9,ENSG00000132906.17,P55211,842,APAF-3,ICE-LAP6,MCH6,PPP1R56
93	CBFA2T3	CBFA2/RUNX1 translocation partner 3	COSG96429	ENSG00000129993.14	ENSG00000129993	16	88874858	88977204	chr16:88874858-88977204	16q24.3	y	n	L	Dom	TSG, fusion	T	RUNX1, GLIS2	1	AML			n		CBFA2T3,ENSG00000129993.14,O75081,863,ETO2,MTG16,MTGR2,RUNX1T3,ZMYND4
94	CBFB	core-binding factor subunit beta	COSG115535	ENSG00000067955.13	ENSG00000067955	16	67029116	67101058	chr16:67029116-67101058	16q22.1	y	n	L	Dom	TSG, fusion	T	MYH11	1	AML			n		CBFB,ENSG00000067955.13,Q13951,865,PEBP2B
95	CBL	Cbl proto-oncogene	COSG108842	ENSG00000110395.6	ENSG00000110395	11	119206276	119313926	chr11:119206276-119313926	11q23.3	y	n	L	Dom/Rec	oncogene, TSG, fusion	T, Mis, S, O	KMT2A	1	AML, JMML, MDS			n		CBL,ENSG00000110395.6,P22681,867,RNF55,c-Cbl
96	CBLB	Cbl proto-oncogene B	COSG80246	ENSG00000114423.19	ENSG00000114423	3	105655461	105869552	chr3:105655461-105869552	3q13.11	y	n	L	Rec	TSG	Mis, S		1	AML			n		CBLB,ENSG00000114423.19,Q13191,868,Cbl-b,RNF56
97	CBLC	Cbl proto-oncogene C	COSG97247	ENSG00000142273.11	ENSG00000142273	19	44777869	44800634	chr19:44777869-44800634	19q13.32	y	n	E, O			A, Mis, N		2	cervical SCC, malignant melanoma			n		CBLC,ENSG00000142273.11,Q9ULV8,23624,CBL-3,CBL-SL,RNF57
98	CCDC6	coiled-coil domain containing 6	COSG108617	ENSG00000108091.10	ENSG00000108091	10	59788763	59906656	chr10:59788763-59906656	10q21.2	y	n	E	Dom	TSG, fusion	T	RET, PDGFRB	1	papillary thyroid, CML, NSCLC			n		CCDC6,ENSG00000108091.10,Q16204,8030,H4,PTC,TPC
99	CCNB1IP1	cyclin B1 interacting protein 1	COSG89118	ENSG00000100814.17	ENSG00000100814	14	20311368	20333312	chr14:20311368-20333312	14q11.2	y	n	M	Dom	TSG, fusion	T	HMGA2	1	leiomyoma			n		CCNB1IP1,ENSG00000100814.17,Q9NPC3,57820,HEI10
100	CCNC	cyclin C	COSG78672	ENSG00000112237.12	ENSG00000112237	6	99542380	99568973	chr6:99542380-99568973	6q16.2	y	n	L		TSG	D		2	T-ALL			n		CCNC,ENSG00000112237.12,P24863,892,CycC
101	CCND1	cyclin D1	COSG100191	ENSG00000110092.3	ENSG00000110092	11	69641087	69654474	chr11:69641087-69654474	11q13.3	y	n	L, E	Dom	oncogene, fusion	T	IGH, FSTL3	1	CLL, B-ALL, breast			n		CCND1,ENSG00000110092.3,P24385,595,U21B31
102	CCND2	cyclin D2	COSG114253	ENSG00000118971.7	ENSG00000118971	12	4273772	4305350	chr12:4273772-4305350	12p13.32	y	n	L	Dom	oncogene, fusion	T	IGL	1	NHL,CLL			n		CCND2,ENSG00000118971.7,P30279,894
103	CCND3	cyclin D3	COSG73334	ENSG00000112576.12	ENSG00000112576	6	41934933	42050357	chr6:41934933-42050357	6p21.1	y	n	L	Dom	oncogene, fusion	T	IGH	1	MM			n		CCND3,ENSG00000112576.12,P30281,896
104	CCNE1	cyclin E1	COSG84408	ENSG00000105173.13	ENSG00000105173	19	29811898	29824308	chr19:29811898-29824308	19q12	y	n	E	Dom	oncogene	A		1	serous ovarian			n		CCNE1,ENSG00000105173.13,P24864,898
105	CCR4	C-C motif chemokine receptor 4	COSG64803	ENSG00000183813.6	ENSG00000183813	3	32951574	32956349	chr3:32951574-32956349	3p22.3	y	n	L		oncogene	N		2	adult T-cell leukaemia/lymphoma			n		CCR4,ENSG00000183813.6,P51679,1233,CC-CKR-4,CD194,CKR4,CMKBR4,ChemR13,k5-5
106	CCR7	C-C motif chemokine receptor 7	COSG64716	ENSG00000126353.3	ENSG00000126353	17	40553769	40565472	chr17:40553769-40565472	17q21.2	y	n	L		oncogene	N		2	adult T-cell leukaemia/lymphoma			n		CCR7,ENSG00000126353.3,P32248,1236,BLR2,CD197,CDw197
107	CD209	CD209 molecule	COSG61611	ENSG00000090659.17	ENSG00000090659	19	7739994	7747564	chr19:7739994-7747564	19p13.2	y	n	E			Mis		2	prostate carcinoma			n		CD209,ENSG00000090659.17,Q9NNX6,30835,CDSIGN,CLEC4L,DC-SIGN,DC-SIGN1
108	CD274	CD274 molecule	COSG87130	ENSG00000120217.13	ENSG00000120217	9	5450503	5470566	chr9:5450503-5470566	9p24.1	y	n	L	Dom	TSG, fusion	T	CIITA	1	PMBL, Hodgkin lymphoma			n		CD274,ENSG00000120217.13,Q9NZQ7,29126,B7-H,B7-H1,B7H1,PD-L1,PDL1
109	CD28	CD28 molecule	COSG113949	ENSG00000178562.17	ENSG00000178562	2	203706475	203738912	chr2:203706475-203738912	2q33.2	y	n	L		oncogene	Mis		2	T-cell lymphoma			n		CD28,ENSG00000178562.17,P10747,940
110	CD74	CD74 molecule	COSG107983	ENSG00000019582.14	ENSG00000019582	5	150401637	150412929	chr5:150401637-150412929	5q33.1	y	n	E	Dom	oncogene, fusion	T	ROS1, NRG1	1	NSCLC			n		CD74,ENSG00000019582.14,P04233,972
111	CD79A	CD79a molecule	COSG64986	ENSG00000105369.9	ENSG00000105369	19	41877120	41881372	chr19:41877120-41881372	19q13.2	y	n	L	Dom	oncogene	S		1	DLBCL, WM			y	Agammaglobulinaemia	CD79A,ENSG00000105369.9,P11912,973,MB-1
112	CD79B	CD79b molecule	COSG93491	ENSG00000007312.12	ENSG00000007312	17	63928740	63932354	chr17:63928740-63932354	17q23.3	y	n	L	Dom	oncogene	Mis, S		1	DLBCL, WM			y	Agammaglobulinaemia	CD79B,ENSG00000007312.12,P40259,974,B29
113	CDC73	cell division cycle 73	COSG72057	ENSG00000134371.11	ENSG00000134371	1	193121997	193253901	chr1:193121997-193253901	1q31.2	y	y	E, M	Rec	TSG	Mis, N, F		1	parathyroid adenoma	parathyroid adenoma, multiple ossifying jaw fibroma	hyperparathyroidism-jaw tumour syndrome	n		CDC73,ENSG00000134371.11,Q6P1J9,79577,FIHP,parafibromin
114	CDH1	cadherin 1	COSG106721	ENSG00000039068.18	ENSG00000039068	16	68737225	68835548	chr16:68737225-68835548	16q22.1	y	y	E	Rec	TSG	Mis, N, F, S		1	lobular breast, gastric	gastric	familial gastric carcinoma	n		CDH1,ENSG00000039068.18,P12830,999,CD324,uvomorulin
115	CDH10	cadherin 10	COSG68210	ENSG00000040731.10	ENSG00000040731	5	24487100	24644978	chr5:24487100-24644978	5p14.2	y	y	E		TSG	Mis, F, N		2	melanoma	pancreatic ductal adenocarcinoma		n		CDH10,ENSG00000040731.10,Q9Y6N8,1008
116	CDH11	cadherin 11	COSG67114	ENSG00000140937.13	ENSG00000140937	16	64943753	65126112	chr16:64943753-65126112	16q21	y	n	M	Dom	TSG, fusion	T	USP6	1	aneurysmal bone cyst			n		CDH11,ENSG00000140937.13,P55287,1009,CAD11,OB
117	CDH17	cadherin 17	COSG84364	ENSG00000079112.9	ENSG00000079112	8	94127171	94217303	chr8:94127171-94217303	8q22.1	y	n	E		oncogene	Mis		2	melanoma			n		CDH17,ENSG00000079112.9,Q12864,1015,HPT-1,cadherin
118	CDK12	cyclin dependent kinase 12	COSG101532	ENSG00000167258.13	ENSG00000167258	17	39461511	39564907	chr17:39461511-39564907	17q12	y	n	E	Rec	TSG	Mis, N, F		1	serous ovarian			n		CDK12,ENSG00000167258.13,Q9NYV4,51755,CRK7,CRKR,KIAA0904
119	CDK4	cyclin dependent kinase 4	COSG58322	ENSG00000135446.16	ENSG00000135446	12	57747727	57756013	chr12:57747727-57756013	12q14.1	n	y	E	Dom	oncogene	Mis		1		melanoma	familial malignant melanoma	n		CDK4,ENSG00000135446.16,P11802,1019,PSK-J3
120	CDK6	cyclin dependent kinase 6	COSG96889	ENSG00000105810.9	ENSG00000105810	7	92604921	92836594	chr7:92604921-92836594	7q21.2	y	n	L	Dom	oncogene, fusion	T	MLLT10	1	ALL			n		CDK6,ENSG00000105810.9,Q00534,1021,PLSTIRE
121	CDKN1A	cyclin dependent kinase inhibitor 1A	COSG75563	ENSG00000124762.13	ENSG00000124762	6	36676460	36687339	chr6:36676460-36687339	6p21.2	y	n	E		oncogene, TSG	F, N		2	bladder cancer			n		CDKN1A,ENSG00000124762.13,P38936,1026,CAP20,CIP1,P21,SDI1,WAF1,p21,p21CIP1,p21Cip1/Waf1
122	CDKN1B	cyclin dependent kinase inhibitor 1B	COSG61632	ENSG00000111276.10	ENSG00000111276	12	12715058	12722371	chr12:12715058-12722371	12p13.1	y	y	E	Rec	TSG	F		1	breast, small intestine neuroendocrine tumours	pituitary, parathyroid	multiple endocrine neoplasia type IV	n		CDKN1B,ENSG00000111276.10,P46527,1027,KIP1,P27KIP1
123	CDKN2A	cyclin dependent kinase inhibitor 2A	COSG84244	ENSG00000147889.17	ENSG00000147889	9	21967753	21995301	chr9:21967753-21995301	9p21.3	y	y	L, E, M, O	Rec	TSG	D, Mis, N, F, S		1	melanoma, multiple other tumour types	melanoma, pancreatic	familial malignant melanoma	n		CDKN2A,ENSG00000147889.17,P42771,1029,ARF,CDK4I,CMM2,INK4,INK4a,MTS1,p14,p14ARF,p16,p16INK4a,p19,p19Arf
124	CDKN2C	cyclin dependent kinase inhibitor 2C	COSG85136	ENSG00000123080.10	ENSG00000123080	1	50960745	50974633	chr1:50960745-50974633	1p32.3	y	n	O, L	Rec	TSG	D		1	glioma, MM			n		CDKN2C,ENSG00000123080.10,P42773,1031,INK4C,p18
125	CDX2	caudal type homeobox 2	COSG61853	ENSG00000165556.9	ENSG00000165556	13	27962137	27971139	chr13:27962137-27971139	13q12.2	y	n	L	Dom	TSG, fusion	T	ETV6	1	AML			n		CDX2,ENSG00000165556.9,Q99626,1045
126	CEBPA	CCAAT enhancer binding protein alpha	COSG97270	ENSG00000245848.2	ENSG00000245848	19	33299934	33302564	chr19:33299934-33302564	19q13.11	y	n	L	Dom	TSG	Mis, N, F		1	AML, MDS			n		CEBPA,ENSG00000245848.2,P49715,1050,C/EBP-alpha
127	CEP89	centrosomal protein 89	COSG106418	ENSG00000121289.17	ENSG00000121289	19	32875925	32971991	chr19:32875925-32971991	19q13.11	y	n	E	Dom	fusion	T	BRAF	2	Spitzoid tumour			n		CEP89,ENSG00000121289.17,Q96ST8,84902,FLJ14640
128	CHCHD7	coiled-coil-helix-coiled-coil-helix domain containing 7	COSG94968	ENSG00000170791.17	ENSG00000170791	8	56211686	56218798	chr8:56211686-56218798	8q12.1	y	n	E	Dom	fusion	T	PLAG1	1	salivary adenoma			n		CHCHD7,ENSG00000170791.17,Q9BUK0,79145,COX23,MGC2217
129	CHD2	chromodomain helicase DNA binding protein 2	COSG83485	ENSG00000173575.20	ENSG00000173575	15	92900189	93028005	chr15:92900189-93028005	15q26.1	y	n	E, L		TSG	Mis, F, N		2	melanoma, large intestine, CLL, monoclonal B lymphocytosis			n		CHD2,ENSG00000173575.20,O14647,1106,DKFZp547I1315,DKFZp686E01200,DKFZp781D1727,FLJ38614
130	CHD4	chromodomain helicase DNA binding protein 4	COSG85372	ENSG00000111642.15	ENSG00000111642	12	6570082	6614524	chr12:6570082-6614524	12p13.31	y	n	E	Dom	oncogene	Mis, F, N		1	uterine serous carcinoma			n		CHD4,ENSG00000111642.15,1108,Mi-2b,Mi2-BETA
131	CHEK2	checkpoint kinase 2	COSG85276	ENSG00000183765.20	ENSG00000183765	22	28687743	28742422	chr22:28687743-28742422	22q12.1	n	y	E	Rec	TSG	F		1		breast	familial breast cancer	n		CHEK2,ENSG00000183765.20,O96017,11200,CDS1,CHK2,HuCds1,PP1425,bA444G7
132	CHIC2	cysteine rich hydrophobic domain 2	COSG59473	ENSG00000109220.10	ENSG00000109220	4	54009789	54064690	chr4:54009789-54064690	4q12	y	n	L	Dom	fusion	T	ETV6	2	AML			n		CHIC2,ENSG00000109220.10,Q9UKJ5,26511,BTL
133	CHST11	carbohydrate sulfotransferase 11	COSG107468	ENSG00000171310.10	ENSG00000171310	12	104455295	104762014	chr12:104455295-104762014	12q23.3	y	n	L		oncogene, fusion	T		2	B-CLL			n		CHST11,ENSG00000171310.10,Q9NPF2,50515,C4ST,C4ST1,C4St-1,HSA269537
134	CIC	capicua transcriptional repressor	COSG71296	ENSG00000079432.7	ENSG00000079432	19	42268537	42295797	chr19:42268537-42295797	19q13.2	y	n	O, M	Rec	oncogene, TSG, fusion	Mis, F, S,T	DUX4L1, FOXO4	1	oligodendroglioma, soft tissue sarcoma			n		CIC,ENSG00000079432.7,Q96RK0,23152,KIAA0306
135	CIITA	class II major histocompatibility complex transactivator	COSG86391	ENSG00000179583.19	ENSG00000179583	16	10866222	10943021	chr16:10866222-10943021	16p13.13	y	n	L	Dom	TSG, fusion	T	C15orf55, CD274, PDCD1LG2, RALGDS, RUNDC2A, RMI2, BCL6	1	PMBL, Hodgkin lymphoma			n		CIITA,ENSG00000179583.19,4261,C2TA,NLRA
136	CLIP1	CAP-Gly domain containing linker protein 1	COSG89876	ENSG00000130779.19	ENSG00000130779	12	122271432	122422632	chr12:122271432-122422632	12q24.31	y	n	E	Dom	fusion	T	ROS1	1	Spitzoid tumour			n		CLIP1,ENSG00000130779.19,P30622,6249,CLIP,CLIP-170,CLIP170,CYLN1
137	CLP1	cleavage and polyadenylation factor I subunit 1	COSG71400	ENSG00000172409.5	ENSG00000172409	11	57648992	57661868	chr11:57648992-57661868	11q12.1	y	n	L	Dom	fusion	T	KMT2A	2	AML			n		CLP1,ENSG00000172409.5,Q92989,10978,HEAB,hClp1
138	CLTC	clathrin heavy chain	COSG66844	ENSG00000141367.11	ENSG00000141367	17	59619689	59696956	chr17:59619689-59696956	17q23.1	y	n	L	Dom	TSG, fusion	T	ALK, TFE3	1	ALCL, renal			n		CLTC,ENSG00000141367.11,1213,Hc
139	CLTCL1	clathrin heavy chain like 1	COSG84449	ENSG00000070371.15	ENSG00000070371	22	19179473	19291716	chr22:19179473-19291716	22q11.21	y	n	L	Dom	TSG, fusion	T	?	1	ALCL			n		CLTCL1,ENSG00000070371.15,P53675,8218,CHC22,CLH22,CLTD
140	CNBD1	cyclic nucleotide binding domain containing 1	COSG111140	ENSG00000176571.11	ENSG00000176571	8	86866442	87615219	chr8:86866442-87615219	8q21.3	y	n	E			Mis		2	gastric cancer, colon cancer			n		CNBD1,ENSG00000176571.11,Q8NA66,168975,FLJ35802
141	CNBP	CCHC-type zinc finger nucleic acid binding protein	COSG98835	ENSG00000169714.16	ENSG00000169714	3	129169484	129183922	chr3:129169484-129183922	3q21.3	y	n	M	Dom	TSG, fusion	T	USP6	1	aneurysmal bone cyst			n		CNBP,ENSG00000169714.16,P62633,7555,CNBP1,RNF163,ZCCHC22
142	CNOT3	CCR4-NOT transcription complex subunit 3	COSG61227	ENSG00000088038.18	ENSG00000088038	19	54137717	54155708	chr19:54137717-54155708	19q13.42	y	n	L	Rec	TSG	Mis, N, F		1	T-ALL			n		CNOT3,ENSG00000088038.18,O75175,4849,KIAA0691,LENG2,NOT3H
143	CNTNAP2	contactin associated protein like 2	COSG62503	ENSG00000174469.20	ENSG00000174469	7	146116002	148420998	chr7:146116002-148420998	7q36.1	y	n	E, O		TSG	Mis		2	glioma, melanoma			n		CNTNAP2,ENSG00000174469.20,Q9UHC6,26047,Caspr2,KIAA0868,NRXN4
144	CNTRL	centriolin	COSG105745	ENSG00000119397.16	ENSG00000119397	9	121074863	121177610	chr9:121074863-121177610	9q33.2	y	n	L	Dom	fusion	T	FGFR1	1	MPN, NHL			n		CNTRL,ENSG00000119397.16,Q7Z7A1,11064
145	COL1A1	collagen type I alpha 1 chain	COSG58498	ENSG00000108821.13	ENSG00000108821	17	50183289	50201632	chr17:50183289-50201632	17q21.33	y	n	M	Dom	fusion	T	PDGFB, USP6	1	DFSP, aneurysmal bone cyst			y	Osteogenesis imperfecta	COL1A1,ENSG00000108821.13,P02452,1277,OI4
146	COL2A1	collagen type II alpha 1 chain	COSG77932	ENSG00000139219.18	ENSG00000139219	12	47972965	48004554	chr12:47972965-48004554	12q13.11	y	n	M	Rec	fusion	T	GMEB1, LINC00513, LOC101927502, PPP1R42, TANC2, TMEM106C	1	chondrosarcoma, enchondroma			y	Spondyloepiphyseal Dysplasia Congenita, Achondrogenesis Type II, Stickler Syndrome, Type I and others	COL2A1,ENSG00000139219.18,P02458,1280,STL1
147	COL3A1	collagen type III alpha 1 chain	COSG86912	ENSG00000168542.14	ENSG00000168542	2	188974320	189012746	chr2:188974320-189012746	2q32.2	y	n	E		fusion	T	PLAG1	2	lipoblastoma			n		COL3A1,ENSG00000168542.14,P02461,1281
148	COX6C	cytochrome c oxidase subunit 6C	COSG66350	ENSG00000164919.10	ENSG00000164919	8	99873200	99894062	chr8:99873200-99894062	8q22.2	y	n	M	Dom	fusion	T	HMGA2	2	uterine leiomyoma			n		COX6C,ENSG00000164919.10,P09669,1345
149	CPEB3	cytoplasmic polyadenylation element binding protein 3	COSG87217	ENSG00000107864.14	ENSG00000107864	10	92046692	92291087	chr10:92046692-92291087	10q23.32	y	n	E		TSG	D		2	lung cancer			n		CPEB3,ENSG00000107864.14,Q8NE35,22849,KIAA0940
150	CREB1	cAMP responsive element binding protein 1	COSG102379	ENSG00000118260.14	ENSG00000118260	2	207529737	207603431	chr2:207529737-207603431	2q33.3	y	n	M	Dom	oncogene, fusion	T	EWSR1	1	clear cell sarcoma, angiomatoid fibrous histiocytoma			n		CREB1,ENSG00000118260.14,P16220,1385
151	CREB3L1	cAMP responsive element binding protein 3 like 1	COSG64988	ENSG00000157613.10	ENSG00000157613	11	46277661	46321422	chr11:46277661-46321422	11p11.2	y	n	M	Dom	TSG, fusion	T	FUS	1	myxofibrosarcoma			n		CREB3L1,ENSG00000157613.10,Q96BA8,90993,OASIS
152	CREB3L2	cAMP responsive element binding protein 3 like 2	COSG70393	ENSG00000182158.14	ENSG00000182158	7	137874979	138002067	chr7:137874979-138002067	7q33	y	n	M	Dom	oncogene, fusion	T	FUS	1	fibromyxoid sarcoma			n		CREB3L2,ENSG00000182158.14,Q70SY1,64764,BBF2H7,TCAG_1951439
153	CREBBP	CREB binding protein	COSG105038	ENSG00000005339.14	ENSG00000005339	16	3725054	3880726	chr16:3725054-3880726	16p13.3	y	n	L	Dom/Rec	oncogene, TSG, fusion	T, N, F, Mis, O	KMT2A, MORF, KAT6A	1	ALL, AML, DLBCL, B-NHL			y	Rubinstein-Taybi syndrome	CREBBP,ENSG00000005339.14,Q92793,1387,CBP,KAT3A,RTS
154	CRLF2	cytokine receptor like factor 2	COSG87150	ENSG00000205755.11	ENSG00000205755	X	1187549	1212750	chrX:1187549-1212750	Xp22.33	y	n	L	Dom	oncogene, fusion	Mis, T	P2RY8, IGH	1	B-ALL, Downs associated ALL			n		CRLF2,ENSG00000205755.11,Q9HC73,64109,CRL2,TSLPR
155	CRNKL1	crooked neck pre-mRNA splicing factor 1	COSG82052	ENSG00000101343.14	ENSG00000101343	20	20034368	20056046	chr20:20034368-20056046	20p11.23	y	n	E			Mis		2	basal cell carcinoma			n		CRNKL1,ENSG00000101343.14,Q9BZJ0,51340,CLF,CRN,Clf1,SYF3
156	CRTC1	CREB regulated transcription coactivator 1	COSG85402	ENSG00000105662.15	ENSG00000105662	19	18683677	18782333	chr19:18683677-18782333	19p13.11	y	n	E	Dom	oncogene, fusion	T	MAML2	1	salivary gland mucoepidermoid			n		CRTC1,ENSG00000105662.15,Q6UUV9,23373,FLJ14027,KIAA0616,TORC1
157	CRTC3	CREB regulated transcription coactivator 3	COSG71600	ENSG00000140577.15	ENSG00000140577	15	90529925	90645345	chr15:90529925-90645345	15q26.1	y	n	E	Dom	fusion	T	MAML2	1	salivary gland mucoepidermoid			n		CRTC3,ENSG00000140577.15,Q6UUV7,64784,FLJ21868
158	CSF1R	colony stimulating factor 1 receptor	COSG99554	ENSG00000182578.13	ENSG00000182578	5	150053291	150113372	chr5:150053291-150113372	5q32	y	n	L, M, E		oncogene	Mis, N		2	MDS, CML, AML, hemangioblastoma, CCRCC			y	diffuse leukoencephalopathy with spheroids	CSF1R,ENSG00000182578.13,P07333,1436,C-FMS,CD115,CSFR
159	CSF3R	colony stimulating factor 3 receptor	COSG99846	ENSG00000119535.17	ENSG00000119535	1	36466043	36483278	chr1:36466043-36483278	1p34.3	y	n	L	Dom	oncogene	Mis, N		1	aCML, CNL,  leukaemia lymphoma and MDS associated with severe congenital neutropenia, CMML, de novo AML, MDS			y	Kostmann syndrome, severe congenital neutropenia	CSF3R,ENSG00000119535.17,Q99062,1441,GCSFR
160	CSMD3	CUB and Sushi multiple domains 3	COSG81894	ENSG00000164796.17	ENSG00000164796	8	112222928	113437099	chr8:112222928-113437099	8q23.3	y	n	E		TSG	Mis, N		2	ovarian cancer, oral SCC, lung cancer			n		CSMD3,ENSG00000164796.17,Q7Z407,114788
161	CTCF	CCCTC-binding factor	COSG77622	ENSG00000102974.15	ENSG00000102974	16	67562407	67639185	chr16:67562407-67639185	16q22.1	y	n	E	Dom	TSG	Mis, N		1	endometrial, breast, head and neck cancer			n	Mental retardation, autosomal dominant 21	CTCF,ENSG00000102974.15,10664
162	CTNNA1	catenin alpha 1	COSG89685	ENSG00000044115.20	ENSG00000044115	5	138610967	138935034	chr5:138610967-138935034	5q31.2	y	y	E, L		TSG, fusion	D, Mis, N, T	RAF1	2	AML, MDS, cutaneous melanoma	gastric cancer	Hereditary Diffuse Gastric Cancer Syndrome	n		CTNNA1,ENSG00000044115.20,P35221,1495,CAP102
163	CTNNA2	catenin alpha 2	COSG58363	ENSG00000066032.18	ENSG00000066032	2	79185231	80648861	chr2:79185231-80648861	2p12	y	n	E		oncogene	Mis, S		2	gastric cancer			n		CTNNA2,ENSG00000066032.18,P26232,1496,CAP-R,CT114
164	CTNNB1	catenin beta 1	COSG100985	ENSG00000168036.17	ENSG00000168036	3	41194741	41260096	chr3:41194741-41260096	3p22.1	y	n	E, M, O	Dom	oncogene, fusion	Mis, O, T	PLAG1	1	colorectal, ovarian,  hepatoblastoma, pleomorphic salivary gland adenoma, other tumour types			n		CTNNB1,ENSG00000168036.17,1499,armadillo,beta-catenin
165	CTNND1	catenin delta 1	COSG61803	ENSG00000198561.13	ENSG00000198561	11	57753243	57819546	chr11:57753243-57819546	11q12.1	y	n	E			N		2	large intestine carcinoma			n		CTNND1,ENSG00000198561.13,O60716,1500,KIAA0384,p120,p120cas,p120ctn
166	CTNND2	catenin delta 2	COSG98798	ENSG00000169862.18	ENSG00000169862	5	10971840	11904043	chr5:10971840-11904043	5p15.2	y	n	E		oncogene	Mis		2	prostae adenocarcinoma, GIST			n		CTNND2,ENSG00000169862.18,Q9UQB3,1501,GT24,NPRAP
167	CUL3	cullin 3	COSG110820	ENSG00000036257.12	ENSG00000036257	2	224470150	224585397	chr2:224470150-224585397	2q36.2	y	n	E		TSG	N		2	lung cancer			n		CUL3,ENSG00000036257.12,Q13618,8452
168	CUX1	cut like homeobox 1	COSG83270	ENSG00000257923.10	ENSG00000257923	7	101815904	102283958	chr7:101815904-102283958	7q22.1	y	n	E,L,M,O	Dom	oncogene, TSG	N,F,S,Mis,O,T	CLDN7	1	endometrial, melanoma, colorectal, AML, MDS, other tumour types			n		CUX1,ENSG00000257923.10,P39880,1523,CASP,CDP,CDP/Cut,CDP/Cux,CDP1,CUT,CUX,Clox,Cux/CDP,GOLIM6
169	CXCR4	C-X-C motif chemokine receptor 4	COSG106895	ENSG00000121966.6	ENSG00000121966	2	136114349	136118165	chr2:136114349-136118165	2q22.1	y	n	L	Dom	oncogene	Mis, N, F		1	WM			n		CXCR4,ENSG00000121966.6,P61073,7852,CD184,D2S201E,HM89,HSY3RR,LESTR,NPY3R,NPYR,NPYY3R,fusin
170	CYLD	CYLD lysine 63 deubiquitinase	COSG70548	ENSG00000083799.17	ENSG00000083799	16	50742050	50801935	chr16:50742050-50801935	16q12.1	y	y	E	Rec	TSG	Mis, N, F, S		1	cylindroma	cylindroma	familial cylindromatosis, familial trichoepithelioma, Brooke-Spiegler syndrome	n		CYLD,ENSG00000083799.17,Q9NQC7,1540,KIAA0849,USPL2
171	CYP2C8	cytochrome P450 family 2 subfamily C member 8	COSG86945	ENSG00000138115.13	ENSG00000138115	10	95036772	95069497	chr10:95036772-95069497	10q23.33	y	n	E			Mis		2	melanoma			n		CYP2C8,ENSG00000138115.13,P10632,1558,CPC8
172	CYSLTR2	cysteinyl leukotriene receptor 2	COSG61204	ENSG00000152207.7	ENSG00000152207	13	48653711	48711226	chr13:48653711-48711226	13q14.2	y	n	E		oncogene	Mis		2	uveal melanoma			n		CYSLTR2,ENSG00000152207.7,Q9NS75,57105,CYSLT2R,CysLT(2)
173	DAXX	death domain associated protein	COSG105937	ENSG00000204209.12	ENSG00000204209	6	33318558	33323016	chr6:33318558-33323016	6p21.32	y	n	E	Rec	oncogene, TSG	Mis, F, N		1	pancreatic neuroendocrine tumour, paediatric glioblastoma			n		DAXX,ENSG00000204209.12,Q9UER7,1616,DAP6
174	DCAF12L2	DDB1 and CUL4 associated factor 12 like 2	COSG81265	ENSG00000198354.6	ENSG00000198354	X	126163499	126166097	chrX:126163499-126166097	Xq25	y	n	E			Mis		2	CRC			n		DCAF12L2,ENSG00000198354.6,Q5VW00,340578
175	DCC	DCC netrin 1 receptor	COSG87705	ENSG00000187323.11	ENSG00000187323	18	52340172	53535903	chr18:52340172-53535903	18q21.2	y	n	E			Mis, N, D		2	CRC, melanoma, SCC			n		DCC,ENSG00000187323.11,P43146,1630,IGDCC1,NTN1R1
176	DCTN1	dynactin subunit 1	COSG63863	ENSG00000204843.12	ENSG00000204843	2	74361154	74392087	chr2:74361154-74392087	2p13.1	y	n	M	Dom	fusion	T	ALK, ROS1	1	inflammatory myofibroblastic tumour, Spitzoid tumour			y	Distal hereditary motor neuronopathy, susceptibility to amyotrophic lateral sclerosis, Perry syndrome	DCTN1,ENSG00000204843.12,Q14203,1639
177	DDB2	damage specific DNA binding protein 2	COSG102518	ENSG00000134574.11	ENSG00000134574	11	47214465	47239240	chr11:47214465-47239240	11p11.2	n	y	E	Rec	oncogene, TSG	Mis, N		1		skin basal cell, skin squamous cell, melanoma	xeroderma pigmentosum (E)	n		DDB2,ENSG00000134574.11,Q92466,1643,DDBB,FLJ34321,UV-DDB2,XPE
178	DDIT3	DNA damage inducible transcript 3	COSG112333	ENSG00000175197.12	ENSG00000175197	12	57516588	57521737	chr12:57516588-57521737	12q13.3	y	n	M	Dom	oncogene, fusion	T	FUS, EWSR1	1	liposarcoma			n		DDIT3,ENSG00000175197.12,P35638,1649,CHOP,CHOP10,GADD153
179	DDR2	discoidin domain receptor tyrosine kinase 2	COSG97097	ENSG00000162733.16	ENSG00000162733	1	162631373	162787400	chr1:162631373-162787400	1q23.3	y	n	E	Dom	oncogene	Mis, N		1	squamous cell carcinoma, NSCLC			y	Spondylometaepiphyseal dysplasia, short limb-hand type	DDR2,ENSG00000162733.16,Q16832,4921,TKT
180	DDX10	DEAD-box helicase 10	COSG72683	ENSG00000178105.9	ENSG00000178105	11	108665025	108940930	chr11:108665025-108940930	11q22.3	y	n	L	Dom	TSG, fusion	T	NUP98	1	AML*			n		DDX10,ENSG00000178105.9,Q13206,1662,Dbp4,HRH-J8
181	DDX3X	DEAD-box helicase 3 X-linked	COSG92927	ENSG00000215301.10	ENSG00000215301	X	41333284	41364472	chrX:41333284-41364472	Xp11.4	y	n	L, O		TSG	Mis, N, F		1	CLL, medulloblastoma			y	Mental retardation, X-linked 102	DDX3X,ENSG00000215301.10,1654,DBX,DDX14,HLP2
182	DDX5	DEAD-box helicase 5	COSG107505	ENSG00000108654.14	ENSG00000108654	17	64499616	64508199	chr17:64499616-64508199	17q23.3	y	n	E	Dom	oncogene, fusion	T	ETV4	1	prostate			n		DDX5,ENSG00000108654.14,P17844,1655,p68
183	DDX6	DEAD-box helicase 6	COSG88326	ENSG00000110367.11	ENSG00000110367	11	118747766	118791149	chr11:118747766-118791149	11q23.3	y	n	L	Dom	oncogene, fusion	T	IGH	1	B-NHL			n		DDX6,ENSG00000110367.11,P26196,1656,RCK
184	DEK	DEK proto-oncogene	COSG88864	ENSG00000124795.14	ENSG00000124795	6	18223868	18264823	chr6:18223868-18264823	6p22.3	y	n	L	Dom	oncogene, fusion	T	NUP214	1	AML			n		DEK,ENSG00000124795.14,P35659,7913,D6S231E
185	DGCR8	DGCR8, microprocessor complex subunit	COSG115698	ENSG00000128191.15	ENSG00000128191	22	20080232	20111877	chr22:20080232-20111877	22q11.21	y	n	O		oncogene	Mis		2	Wilms tumour			n		DGCR8,ENSG00000128191.15,Q8WYQ5,54487,DGCRK6,Gy1,pasha
186	DICER1	dicer 1, ribonuclease III	COSG73310	ENSG00000100697.14	ENSG00000100697	14	95086228	95158010	chr14:95086228-95158010	14q32.13	y	y	E, M, O	Rec	TSG	Mis, F, N		1	sex cord-stromal tumour, TGCT, embryonal rhabdomyosarcoma, pleuropulmonary blastoma, pituitary blastoma, Wilms tumour, thyroid cancer, other tumour types	pleuropulmonary blastoma	familial pleuropulmonary blastoma or DICER1 syndrome	n		DICER1,ENSG00000100697.14,Q9UPY3,23405,Dicer,HERNA,K12H4.8-LIKE,KIAA0928
187	DNAJB1	DnaJ heat shock protein family (Hsp40) member B1	COSG101410	ENSG00000132002.7	ENSG00000132002	19	14514770	14529770	chr19:14514770-14529770	19p13.12	y	n	E	Dom	fusion	T	PRKACA	1	fibrolamellar hepatocellular carcinoma			n		DNAJB1,ENSG00000132002.7,P25685,3337,Hsp40,RSPH16B,Sis1
188	DNM2	dynamin 2	COSG110939	ENSG00000079805.16	ENSG00000079805	19	10718079	10833488	chr19:10718079-10833488	19p13.2	y	n	L	Rec	TSG	F, N, S, Mis, O		1	T-ALL			y	Charcot-Marie-Tooth disease, centronuclear myopathy,  lethal congenital contracture syndrome 5	DNM2,ENSG00000079805.16,P50570,1785,CMT2M,CMTDI1,CMTDIB,DI-CMTB,DYN2,DYNII
189	DNMT3A	DNA methyltransferase 3 alpha	COSG110899	ENSG00000119772.16	ENSG00000119772	2	25227855	25342590	chr2:25227855-25342590	2p23.3	y	n	L	Dom	TSG	Mis, F, N, S		1	AML			n		DNMT3A,ENSG00000119772.16,Q9Y6K1,1788
190	DROSHA	drosha ribonuclease III	COSG93909	ENSG00000113360.16	ENSG00000113360	5	31400497	31532196	chr5:31400497-31532196	5p13.3	y	n	E, O		TSG	A, Mis, N, F		1	Wilms tumour, NSCLC, bladder carcinoma			n		DROSHA,ENSG00000113360.16,Q9NRR4,29102,Etohi2,HSA242976,RN3,RNASE3L
191	EBF1	EBF transcription factor 1	COSG87583	ENSG00000164330.16	ENSG00000164330	5	158695916	159099761	chr5:158695916-159099761	5q33.3	y	n	M	Dom	TSG, fusion	T	HMGA2	1	lipoma			n		EBF1,ENSG00000164330.16,Q9UH73,1879,COE1,OLF1
192	ECT2L	epithelial cell transforming 2 like	COSG112583	ENSG00000203734.11	ENSG00000203734	6	138795926	138904070	chr6:138795926-138904070	6q24.1	y	n	L	Rec		N, S, Mis		2	ETP ALL			n		ECT2L,ENSG00000203734.11,Q008S8,345930,ARHGEF32,FBXO49,LFDH
193	EED	embryonic ectoderm development	COSG72252	ENSG00000074266.19	ENSG00000074266	11	86244544	86278813	chr11:86244544-86278813	11q14.2	y	n	E, L		TSG	Mis, F		2	malignant peripheral nerve sheath tumours, MDS and related, lung adenocarcinoma			n		EED,ENSG00000074266.19,O75530,8726,HEED,WAIT-1
194	EGFR	epidermal growth factor receptor	COSG73399	ENSG00000146648.17	ENSG00000146648	7	55019021	55211628	chr7:55019021-55211628	7p11.2	y	y	E, O	Dom	oncogene	A, O, Mis		1	glioma, NSCLC	NSCLC	familial lung cancer	n		EGFR,ENSG00000146648.17,P00533,1956,ERBB1
195	EIF1AX	eukaryotic translation initiation factor 1A X-linked	COSG111079	ENSG00000173674.10	ENSG00000173674	X	20124518	20141844	chrX:20124518-20141844	Xp22.12	y	n	E			Mis, S		2	uveal melanoma, thyroid cancer (PDTC and ATC), low grade serous ovarian cancer			n		EIF1AX,ENSG00000173674.10,P47813,107984923,eIF-1A,eIF-4C
196	EIF3E	eukaryotic translation initiation factor 3 subunit E	COSG72882	ENSG00000104408.9	ENSG00000104408	8	108201216	108435333	chr8:108201216-108435333	8q23.1	y	n	E	Dom	TSG, fusion	T	RSPO3	1	colorectal			n		EIF3E,ENSG00000104408.9,P60228,3646,eIF3-p48,eIF3e
197	EIF4A2	eukaryotic translation initiation factor 4A2	COSG63203	ENSG00000156976.16	ENSG00000156976	3	186783205	186789900	chr3:186783205-186789900	3q27.3	y	n	L	Dom	fusion	T	BCL6	1	NHL			n		EIF4A2,ENSG00000156976.16,Q14240,1974,BM-010,DDX2B,EIF4A
198	ELF3	E74 like ETS transcription factor 3	COSG85943	ENSG00000163435.15	ENSG00000163435	1	202007945	202017188	chr1:202007945-202017188	1q32.1	y	n	E		TSG	Mis, N, F		2	pancreatic cancer			n		ELF3,ENSG00000163435.15,P78545,1999,EPR-1,ERT,ESE-1
199	ELF4	E74 like ETS transcription factor 4	COSG89309	ENSG00000102034.16	ENSG00000102034	X	130064874	130110716	chrX:130064874-130110716	Xq26.1	y	n	L	Dom	oncogene, TSG, fusion	T	ERG	1	AML			n		ELF4,ENSG00000102034.16,Q99607,2000,ELFR,MEF
200	ELK4	ELK4, ETS transcription factor	COSG106299	ENSG00000158711.13	ENSG00000158711	1	205597556	205631962	chr1:205597556-205631962	1q32.1	y	n	E	Dom	oncogene, fusion	T	SLC45A3	1	prostate			n		ELK4,ENSG00000158711.13,P28324,2005,SAP1
201	ELL	elongation factor for RNA polymerase II	COSG79844	ENSG00000105656.12	ENSG00000105656	19	18442663	18522127	chr19:18442663-18522127	19p13.11	y	n	L	Dom	TSG, fusion	T	KMT2A	1	AL			n		ELL,ENSG00000105656.12,P55199,8178,ELL1,Men,PPP1R68
202	ELN	elastin	COSG68285	ENSG00000049540.16	ENSG00000049540	7	74027789	74069907	chr7:74027789-74069907	7q11.23	y	n	L	Dom	fusion	T	PAX5	2	B-ALL			y	Supravalvular Aortic Stenosis, Cutis laxa , Williams-Beuren Syndrome	ELN,ENSG00000049540.16,2006,SVAS,WBS,WS
203	EML4	echinoderm microtubule associated protein like 4	COSG113468	ENSG00000143924.18	ENSG00000143924	2	42169350	42332548	chr2:42169350-42332548	2p21	y	n	E	Dom	fusion	T	ALK	1	NSCLC			n		EML4,ENSG00000143924.18,Q9HC35,27436,ELP120,ROPP120
204	EP300	E1A binding protein p300	COSG106033	ENSG00000100393.12	ENSG00000100393	22	41091786	41180079	chr22:41091786-41180079	22q13.2	y	n	L, E	Rec	TSG, fusion	T,  N, F, Mis, O	KMT2A, KAT6A	1	colorectal, breast, pancreatic, AML, ALL, DLBCL			n		EP300,ENSG00000100393.12,Q09472,2033,KAT3B,p300
205	EPAS1	endothelial PAS domain protein 1	COSG87984	ENSG00000116016.13	ENSG00000116016	2	46293667	46386703	chr2:46293667-46386703	2p21	y	n	E, M	Dom	oncogene, TSG	Mis		1	paraganglioma, pheochromocytoma, central nervous system hemangioblastomas			y	type 3 familial erythrocytosis	EPAS1,ENSG00000116016.13,Q99814,2034,HIF2A,HLF,MOP2,PASD2,bHLHe73
206	EPHA3	EPH receptor A3	COSG75387	ENSG00000044524.10	ENSG00000044524	3	89107524	89482134	chr3:89107524-89482134	3p11.1	y	n	E			Mis		2	lung cancer, CRC, melanoma			n		EPHA3,ENSG00000044524.10,P29320,2042,HEK,HEK4
207	EPHA7	EPH receptor A7	COSG72926	ENSG00000135333.13	ENSG00000135333	6	93240020	93419547	chr6:93240020-93419547	6q16.1	y	n	E			Mis		2	CRC, melanoma			n		EPHA7,ENSG00000135333.13,Q15375,2045,Hek11
208	EPS15	epidermal growth factor receptor pathway substrate 15	COSG98494	ENSG00000085832.16	ENSG00000085832	1	51354263	51519328	chr1:51354263-51519328	1p32.3	y	n	L	Dom	TSG, fusion	T	KMT2A	1	ALL			n		EPS15,ENSG00000085832.16,P42566,2060,AF-1P,MLLT5
209	ERBB2	erb-b2 receptor tyrosine kinase 2	COSG89395	ENSG00000141736.13	ENSG00000141736	17	39687914	39730426	chr17:39687914-39730426	17q12	y	n	E	Dom	oncogene, fusion	A, Mis, O, T		1	breast, ovarian, other tumour types, NSCLC, gastric			n		ERBB2,ENSG00000141736.13,P04626,2064,CD340,HER-2,HER2,NEU
210	ERBB3	erb-b2 receptor tyrosine kinase 3	COSG83414	ENSG00000065361.15	ENSG00000065361	12	56076799	56103505	chr12:56076799-56103505	12q13.2	y	n	E	Dom	oncogene	Mis, N		1	colon, gastric, head and neck, bladder, skin			n		ERBB3,ENSG00000065361.15,P21860,2065,HER3
211	ERBB4	erb-b2 receptor tyrosine kinase 4	COSG86121	ENSG00000178568.14	ENSG00000178568	2	211375717	212538841	chr2:211375717-212538841	2q34	y	y	E	Dom	oncogene, TSG	Mis, N		1	melanoma, gastric, NSCLC			y	Amyotrophic lateral sclerosis 19	ERBB4,ENSG00000178568.14,Q15303,2066,ALS19,HER4
212	ERC1	ELKS/RAB6-interacting/CAST family member 1	COSG81477	ENSG00000082805.19	ENSG00000082805	12	990509	1495933	chr12:990509-1495933	12p13.33	y	n	E	Dom	fusion	T	RET, ROS1	1	papillary thyroid, Spitzoid tumour			n		ERC1,ENSG00000082805.19,Q8IUD2,23085,CAST2,ELKS,KIAA1081,MGC12974
213	ERCC2	ERCC excision repair 2, TFIIH core complex helicase subunit	COSG97421	ENSG00000104884.15	ENSG00000104884	19	45349837	45370918	chr19:45349837-45370918	19q13.32	n	y	E	Rec	TSG	Mis, N, F, S		1		skin basal cell, skin squamous cell, melanoma	xeroderma pigmentosum (D)	n		ERCC2,ENSG00000104884.15,P18074,2068,EM9,MAG,MGC102762,MGC126218,MGC126219,TFIIH
214	ERCC3	ERCC excision repair 3, TFIIH core complex helicase subunit	COSG106100	ENSG00000163161.13	ENSG00000163161	2	127257290	127294176	chr2:127257290-127294176	2q14.3	n	y	E	Rec	TSG	Mis, S		1		skin basal cell, skin squamous cell, melanoma	xeroderma pigmentosum (B)	n		ERCC3,ENSG00000163161.13,P19447,2071,BTF2,GTF2H,RAD25,TFIIH,XPB
215	ERCC4	ERCC excision repair 4, endonuclease catalytic subunit	COSG61416	ENSG00000175595.14	ENSG00000175595	16	13920157	13952345	chr16:13920157-13952345	16p13.12	n	y	E	Rec	TSG	Mis, N, F		1		skin basal cell, skin squamous cell, melanoma	xeroderma pigmentosum (F)	n		ERCC4,ENSG00000175595.14,Q92889,2072,FANCQ,RAD1
216	ERCC5	ERCC excision repair 5, endonuclease	COSG85514	ENSG00000134899.19	ENSG00000134899	13	102807146	102876001	chr13:102807146-102876001	13q33.1	n	y	E	Rec	TSG	Mis, N, F		1		skin basal cell, skin squamous cell, melanoma	xeroderma pigmentosum (G)	n		ERCC5,ENSG00000134899.19,P28715,2073
217	ERG	ETS transcription factor ERG	COSG60964	ENSG00000157554.18	ENSG00000157554	21	38380027	38661780	chr21:38380027-38661780	21q22.2	y	n	M, E, L	Dom	oncogene, fusion	T, A	EWSR1, TMPRSS2, ELF4, FUS, HERPUD1, NDRG1	1	Ewing sarcoma, prostate, AML			n		ERG,ENSG00000157554.18,P11308,2078,erg-3,p55
218	ESR1	estrogen receptor 1	COSG61326	ENSG00000091831.23	ENSG00000091831	6	151656691	152129619	chr6:151656691-152129619	6q25.2	y	n	E	Dom	oncogene, TSG, fusion	Mis, T		1	breast			n		ESR1,ENSG00000091831.23,P03372,2099,ER-alpha,Era,NR3A1
219	ETNK1	ethanolamine kinase 1	COSG90071	ENSG00000139163.15	ENSG00000139163	12	22625075	22690665	chr12:22625075-22690665	12p12.1	y	n	L	Dom	TSG	Mis		1	aCML, CMML, SM-AHD, HES			n		ETNK1,ENSG00000139163.15,Q9HBU6,55500,EKI,EKI1
220	ETV1	ETS variant 1	COSG94966	ENSG00000006468.13	ENSG00000006468	7	13891228	13991425	chr7:13891228-13991425	7p21.2	y	n	M, E	Dom	oncogene, fusion	T	EWSR1, TMPRSS2, SLC45A3, HMGN2P46, HNRNPA2B1. ACSL3	1	Ewing sarcoma, prostate			n		ETV1,ENSG00000006468.13,P50549,2115,ER81
221	ETV4	ETS variant 4	COSG95406	ENSG00000175832.12	ENSG00000175832	17	43527844	43579620	chr17:43527844-43579620	17q21.31	y	n	M, E	Dom	oncogene, fusion	T	EWSR1, TMPRSS2, DDX5, KLK2, CANT1	1	Ewing sarcoma, prostate carcinoma			n		ETV4,ENSG00000175832.12,P43268,2118,E1A-F,E1AF,PEA3
222	ETV5	ETS variant 5	COSG94466	ENSG00000244405.7	ENSG00000244405	3	186046308	186110318	chr3:186046308-186110318	3q27.2	y	n	E	Dom	oncogene, fusion	T	TMPRSS2, SCL45A3	1	prostate			n		ETV5,ENSG00000244405.7,P41161,2119,ERM
223	ETV6	ETS variant 6	COSG88065	ENSG00000139083.10	ENSG00000139083	12	11649854	11895402	chr12:11649854-11895402	12p13.2	y	n	L, E, M	Dom	TSG, fusion	T	NTRK3, RUNX1, PDGFRB, ABL1, MN1, ABL2, ACSL6, CHIC2, ARNT, JAK2, MECOM, CDX2, RNF217-AS1, MNX1, MDS2, PER1, SYK, TTL, FGFR3, PAX5	1	congenital fibrosarcoma, multiple different leukaemia and lymphoma tumour types including ALL, secretory breast, MDS			n		ETV6,ENSG00000139083.10,P41212,2120,TEL
224	EWSR1	EWS RNA binding protein 1	COSG80325	ENSG00000182944.17	ENSG00000182944	22	29268009	29300525	chr22:29268009-29300525	22q12.2	y	n	L, M, E	Dom	oncogene, fusion	T	FLI1, ERG, NR4A3, FEV, ATF1, ETV1, ETV4, WT1, ZNF384, CREB1, POU5F1,  PBX1, NFATC1, NFATC2, DDIT3, PATZ1, SMARCA5, SP3, ZNF444, YY1	1	Ewing sarcoma, desmoplastic small round cell tumour , ALL, clear cell sarcoma, sarcoma, myoepithelioma, mesothelioma			n		EWSR1,ENSG00000182944.17,Q01844,2130,EWS
225	EXT1	exostosin glycosyltransferase 1	COSG91391	ENSG00000182197.10	ENSG00000182197	8	117794490	118111853	chr8:117794490-118111853	8q24.11	n	y	M	Rec	TSG, fusion	Mis, N, F, S, T		1		exostoses, osteosarcoma	multiple exostoses type 1	n		EXT1,ENSG00000182197.10,Q16394,2131,ttv
226	EXT2	exostosin glycosyltransferase 2	COSG109806	ENSG00000151348.13	ENSG00000151348	11	44095549	44245429	chr11:44095549-44245429	11p11.2	n	y	M	Rec	TSG	Mis, N, F, S		1		exostoses, osteosarcoma	multiple exostoses type 2	n		EXT2,ENSG00000151348.13,Q93063,2132,SOTV
227	EZH2	enhancer of zeste 2 polycomb repressive complex 2 subunit	COSG109206	ENSG00000106462.10	ENSG00000106462	7	148807383	148884321	chr7:148807383-148884321	7q36.1	y	n	L	Dom	oncogene, TSG	Mis		1	DLBCL			n		EZH2,ENSG00000106462.10,Q15910,2146,ENX-1,EZH1,KMT6,KMT6A
228	EZR	ezrin	COSG78273	ENSG00000092820.17	ENSG00000092820	6	158765741	158819412	chr6:158765741-158819412	6q25.3	y	n	E	Dom	fusion	T	ROS1	1	NSCLC			n		EZR,ENSG00000092820.17,P15311,7430
229	FADD	Fas associated via death domain	COSG88220	ENSG00000168040.4	ENSG00000168040	11	70203163	70207390	chr11:70203163-70207390	11q13.3	y	n	E, L			A		2	breast cancer, HNSCC			n		FADD,ENSG00000168040.4,Q13158,8772,GIG3,MORT1
230	FAM131B	family with sequence similarity 131 member B	COSG98719	ENSG00000159784.17	ENSG00000159784	7	143353400	143362770	chr7:143353400-143362770	7q34	y	n	O	Dom	fusion	T	BRAF	2	pilocytic astrocytoma			n		FAM131B,ENSG00000159784.17,Q86XD5,9715,KIAA0773
231	FAM135B	family with sequence similarity 135 member B	COSG92822	ENSG00000147724.11	ENSG00000147724	8	138130023	138496822	chr8:138130023-138496822	8q24.23	y	n	E			Mis		2	SCLC			n		FAM135B,ENSG00000147724.11,Q49AJ0,51059,C8ORFK32
232	FAM47C	family with sequence similarity 47 member C	COSG61751	ENSG00000198173.4	ENSG00000198173	X	37008397	37011666	chrX:37008397-37011666	Xp21.1	y	n	E, M			Mis		2	melanoma, clear cell sarcoma of soft parts, SCLC			n		FAM47C,ENSG00000198173.4,Q5HY64,442444
233	FANCA	FA complementation group A	COSG82650	ENSG00000187741.14	ENSG00000187741	16	89737549	89816657	chr16:89737549-89816657	16q24.3	n	y	L	Rec	TSG	D, Mis, N, F, S		1		AML, leukaemia	Fanconi anaemia A	n		FANCA,ENSG00000187741.14,O15360,2175,FA-H,FAA,FAH
234	FANCC	FA complementation group C	COSG73016	ENSG00000158169.12	ENSG00000158169	9	95099054	95426796	chr9:95099054-95426796	9q22.32	n	y	L	Rec	TSG	D, Mis, N, F, S		1		AML, leukaemia	Fanconi anaemia C	n		FANCC,ENSG00000158169.12,Q00597,2176,FA3,FAC
235	FANCD2	FA complementation group D2	COSG111784	ENSG00000144554.10	ENSG00000144554	3	10026414	10101930	chr3:10026414-10101930	3p25.3	n	y	L	Rec	TSG	D, Mis, N, F		1		AML, leukaemia	Fanconi anaemia D2	n		FANCD2,ENSG00000144554.10,Q9BXW9,2177,FA-D2,FAD
236	FANCE	FA complementation group E	COSG112045	ENSG00000112039.3	ENSG00000112039	6	35452361	35467103	chr6:35452361-35467103	6p21.31	n	y	L	Rec	TSG	N, F, S		1		AML, leukaemia	Fanconi anaemia E	n		FANCE,ENSG00000112039.3,Q9HB96,2178,FAE
237	FANCF	FA complementation group F	COSG111782	ENSG00000183161.4	ENSG00000183161	11	22622519	22626787	chr11:22622519-22626787	11p14.3	n	y	L	Rec	TSG	N, F		1		AML, leukaemia	Fanconi anaemia F	n		FANCF,ENSG00000183161.4,Q9NPI8,2188,FAF
238	FANCG	FA complementation group G	COSG78051	ENSG00000221829.9	ENSG00000221829	9	35073835	35080016	chr9:35073835-35080016	9p13.3	n	y	L	Rec	TSG	Mis, N, F, S		1		AML, leukaemia	Fanconi anaemia G	n		FANCG,ENSG00000221829.9,O15287,2189,FAG
239	FANCI	FA complementation group I	COSG110279	ENSG00000140525.17	ENSG00000140525	15	89243949	89317261	chr15:89243949-89317261	15q26.1	n	y	E		TSG	F, N		1		prostate cancer		n		FANCI,ENSG00000140525.17,Q9NVI1,55215,FLJ10719
240	FANCM	FA complementation group M	COSG61011	ENSG00000187790.10	ENSG00000187790	14	45135940	45200890	chr14:45135940-45200890	14q21.2	n	y	E		TSG	N		1		triple-negative breast cancer		n		FANCM,ENSG00000187790.10,Q8IYD8,57697,FAAP250
241	FAS	Fas cell surface death receptor	COSG73953	ENSG00000026103.21	ENSG00000026103	10	88990582	89015785	chr10:88990582-89015785	10q23.31	y	n	L, E, O	Rec	TSG	Mis		1	TGCT, nasal NK/T lymphoma, skin squamous cell carcinoma-burn scar related			y	Autoimmune lymphoproliferative syndrome	FAS,ENSG00000026103.21,P25445,355,APO-1,CD95
242	FAT1	FAT atypical cadherin 1	COSG73476	ENSG00000083857.13	ENSG00000083857	4	186587783	186726722	chr4:186587783-186726722	4q35.2	y	y	E, L		TSG	Mis, N, F, S		1	oral squamous cell, chemorefractory CLL, head and neck, pancreatic acinar cell carcinoma	pancreatic		n		FAT1,ENSG00000083857.13,Q14517,2195,CDHF7,CDHR8
243	FAT3	FAT atypical cadherin 3	COSG114528	ENSG00000165323.15	ENSG00000165323	11	92352096	92896470	chr11:92352096-92896470	11q14.3	y	n	E			Mis		2	SCC, colon adenocarcinoma, gastric adenocarcinoma			n		FAT3,ENSG00000165323.15,120114,CDHF15,CDHR10,KIAA1989
244	FAT4	FAT atypical cadherin 4	COSG107228	ENSG00000196159.11	ENSG00000196159	4	125316399	125492932	chr4:125316399-125492932	4q28.1	y	n	E, L		TSG	Mis, N		1	lymphoma, pancreatic, head and neck, melanoma, hepatocellular carcinoma			y	Hennekam lymphangiectasia-lymphedema syndrome 2, Van Maldergem syndrome 2 	FAT4,ENSG00000196159.11,Q6V0I7,79633,CDHF14,CDHR11,FAT-J
245	FBLN2	fibulin 2	COSG115621	ENSG00000163520.13	ENSG00000163520	3	13549131	13638422	chr3:13549131-13638422	3p25.1	y	n	E		TSG	Mis, S		2	breast cancer, colorectal adenocarcinoma			n		FBLN2,ENSG00000163520.13,P98095,2199
246	FBXO11	F-box protein 11	COSG86840	ENSG00000138081.20	ENSG00000138081	2	47789316	47905793	chr2:47789316-47905793	2p16.3	y	n	L	Rec	TSG	Mis, F, D		1	DLBCL			n		FBXO11,ENSG00000138081.20,Q86XK2,80204,FBX11,UBR6
247	FBXW7	F-box and WD repeat domain containing 7	COSG70576	ENSG00000109670.14	ENSG00000109670	4	152320544	152536063	chr4:152320544-152536063	4q31.3	y	n	E, L	Rec	TSG	Mis, N, D, F		1	colorectal, endometrial, T-ALL			n		FBXW7,ENSG00000109670.14,Q969H0,55294,AGO,CDC4,FBW7,FBX30,FBXW6,FLJ11071,SEL-10,SEL10
248	FCGR2B	Fc fragment of IgG receptor IIb	COSG76068	ENSG00000072694.20	ENSG00000072694	1	161663147	161678654	chr1:161663147-161678654	1q23.3	y	n	L	Dom	oncogene, fusion	T	?	1	ALL			n		FCGR2B,ENSG00000072694.20,P31994,2213,CD32,CD32B
249	FCRL4	Fc receptor like 4	COSG68560	ENSG00000163518.10	ENSG00000163518	1	157573749	157598080	chr1:157573749-157598080	1q23.1	y	n	L	Dom	oncogene, fusion	T	IGH	1	B-NHL			n		FCRL4,ENSG00000163518.10,Q96PJ5,83417,CD307d,FCRH4,IGFP2,IRTA1
250	FEN1	flap structure-specific endonuclease 1	COSG72232	ENSG00000168496.3	ENSG00000168496	11	61792637	61797244	chr11:61792637-61797244	11q12.2	n	y	E		TSG			2		breast cancer		n		FEN1,ENSG00000168496.3,P39748,2237,FEN-1,MF1
251	FES	FES proto-oncogene, tyrosine kinase	COSG94613	ENSG00000182511.11	ENSG00000182511	15	90883695	90895776	chr15:90883695-90895776	15q26.1	y	n	E		oncogene, TSG	Mis, F		1	HNSCC, ovarian carcinoma			n		FES,ENSG00000182511.11,P07332,2242,FPS
252	FEV	FEV, ETS transcription factor	COSG106712	ENSG00000163497.2	ENSG00000163497	2	218981087	218985657	chr2:218981087-218985657	2q35	y	n	M	Dom	oncogene, fusion	T	EWSR1,  FUS	1	Ewing sarcoma			n		FEV,ENSG00000163497.2,Q99581,54738,Pet-1
253	FGFR1	fibroblast growth factor receptor 1	COSG114519	ENSG00000077782.19	ENSG00000077782	8	38411138	38468834	chr8:38411138-38468834	8p11.23	y	n	L	Dom	oncogene, fusion	T	BCR, FOP, ZMYM2, CNTRL, PLAG1	1	MPN, NHL, salivary adenoma			y	Pfeiffer syndrome, Kallman syndrome	FGFR1,ENSG00000077782.19,P11362,2260,BFGFR,CD331,CEK,FLG,H2,H3,H4,H5,N-SAM
254	FGFR1OP	FGFR1 oncogene partner	COSG60450	ENSG00000213066.12	ENSG00000213066	6	166999182	167094789	chr6:166999182-167094789	6q27	y	n	L	Dom	fusion	T	FGFR1	1	MPN, NHL			n		FGFR1OP,ENSG00000213066.12,O95684,11116,FOP
255	FGFR2	fibroblast growth factor receptor 2	COSG61759	ENSG00000066468.22	ENSG00000066468	10	121478334	121598458	chr10:121478334-121598458	10q26.13	y	n	E	Dom	oncogene, fusion	Mis, T		1	gastric, NSCLC, endometrial			y	Crouzon, Pfeiffer, and Apert syndromes	FGFR2,ENSG00000066468.22,P21802,2263,CD332,CEK3,ECT1,K-SAM,TK14,TK25
256	FGFR3	fibroblast growth factor receptor 3	COSG66931	ENSG00000068078.18	ENSG00000068078	4	1793293	1808872	chr4:1793293-1808872	4p16.3	y	n	L, E	Dom	oncogene, fusion	Mis, T	IGH, ETV6	1	bladder, MM, T-cell lymphoma			y	Hypochondroplasia, Thanatophoric dysplasia	FGFR3,ENSG00000068078.18,P22607,2261,CD333,CEK2,JTK4
257	FGFR4	fibroblast growth factor receptor 4	COSG98910	ENSG00000160867.14	ENSG00000160867	5	177086886	177098144	chr5:177086886-177098144	5q35.2	y	n	M	Dom	oncogene	Mis		1	rhabdomyosarcoma			n		FGFR4,ENSG00000160867.14,P22455,2264,CD334,JTK2
258	FH	fumarate hydratase	COSG94388	ENSG00000091483.6	ENSG00000091483	1	241497603	241519761	chr1:241497603-241519761	1q43	y	y	E, O	Rec	TSG	Mis, N, F		1	cutaneous leiomyoma, RCC, uterine leiomyoma	cutaneous leiomyoma, pheochromocytoma and paraganglioma, RCC, uterine leiomyoma	hereditary leiomyomatosis and renal cell cancer	n		FH,ENSG00000091483.6,P07954,2271
259	FHIT	fragile histidine triad	COSG72343	ENSG00000189283.9	ENSG00000189283	3	59749310	61251459	chr3:59749310-61251459	3p14.2	y	n	E	Dom	TSG, fusion	T	HMGA2	1	pleomorphic salivary gland adenoma			n		FHIT,ENSG00000189283.9,P49789,2272,AP3Aase,FRA3B
260	FIP1L1	factor interacting with PAPOLA and CPSF1	COSG62967	ENSG00000145216.15	ENSG00000145216	4	53377643	53460861	chr4:53377643-53460861	4q12	y	n	L	Dom	fusion	T	PDGFRA	1	idiopathic hypereosinophilic syndrome			n		FIP1L1,ENSG00000145216.15,Q6UN15,81608,DKFZp586K0717,FIP1
261	FKBP9	FKBP prolyl isomerase 9	COSG81566	ENSG00000122642.10	ENSG00000122642	7	32957404	33006931	chr7:32957404-33006931	7p14.3	y	n	O			Mis		2	glioma			n		FKBP9,ENSG00000122642.10,O95302,11328,FKBP60,FKBP63
262	FLCN	folliculin	COSG83404	ENSG00000154803.12	ENSG00000154803	17	17212212	17237188	chr17:17212212-17237188	17p11.2	n	y	E, M	Rec	TSG	Mis. N, F		1		renal, fibrofolliculomas, trichodiscomas	Birt-Hogg-Dube syndrome	n		FLCN,ENSG00000154803.12,Q8NFG4,201163,BHD,MGC17998,MGC23445
263	FLI1	Fli-1 proto-oncogene, ETS transcription factor	COSG104312	ENSG00000151702.16	ENSG00000151702	11	128686535	128813267	chr11:128686535-128813267	11q24.3	y	n	M	Dom	oncogene, fusion	T	EWSR1	1	Ewing sarcoma			n		FLI1,ENSG00000151702.16,Q01543,2313,EWSR2,SIC-1
264	FLNA	filamin A	COSG74753	ENSG00000196924.15	ENSG00000196924	X	154348524	154374638	chrX:154348524-154374638	Xq28	y	n	E			Mis, F, O		2	phyllodes tumour of the breast			n		FLNA,ENSG00000196924.15,P21333,2316,ABP-280
265	FLT3	fms related tyrosine kinase 3	COSG64752	ENSG00000122025.14	ENSG00000122025	13	28003274	28100592	chr13:28003274-28100592	13q12.2	y	n	L	Dom	oncogene	Mis, O		1	AML, ALL			n		FLT3,ENSG00000122025.14,P36888,2322,CD135,FLK2,STK1
266	FLT4	fms related tyrosine kinase 4	COSG95485	ENSG00000037280.15	ENSG00000037280	5	180601506	180649624	chr5:180601506-180649624	5q35.3	y	n	M	Dom	oncogene	A		1	soft tissue sarcoma			n		FLT4,ENSG00000037280.15,P35916,2324,PCL,VEGFR3
267	FNBP1	formin binding protein 1	COSG106586	ENSG00000187239.16	ENSG00000187239	9	129887187	130043194	chr9:129887187-130043194	9q34.11	y	n	L	Dom	fusion	T	KMT2A	2	AML			n		FNBP1,ENSG00000187239.16,Q96RU3,23048,FBP17,KIAA0554
268	FOXA1	forkhead box A1	COSG106486	ENSG00000129514.5	ENSG00000129514	14	37589984	37596059	chr14:37589984-37596059	14q21.1	y	n	E	Dom	oncogene	Mis, F		1	breast, prostate			n		FOXA1,ENSG00000129514.5,P55317,3169
269	FOXL2	forkhead box L2	COSG66822	ENSG00000183770.5	ENSG00000183770	3	138944224	138947140	chr3:138944224-138947140	3q22.3	y	n	O	Dom	oncogene, TSG	Mis		1	granulosa-cell tumour of the ovary			y	Blepharophimosis, ptosis and epicanthus inversus Types I, II; Premature ovarian failure type III	FOXL2,ENSG00000183770.5,P58012,668,BPES1
270	FOXO1	forkhead box O1	COSG102574	ENSG00000150907.7	ENSG00000150907	13	40469953	40666597	chr13:40469953-40666597	13q14.11	y	n	M	Dom	oncogene, TSG, fusion	T	PAX3, PAX7	1	alveolar rhabdomyosarcoma			n		FOXO1,ENSG00000150907.7,Q12778,2308,FKH1
271	FOXO3	forkhead box O3	COSG76666	ENSG00000118689.14	ENSG00000118689	6	108559835	108684774	chr6:108559835-108684774	6q21	y	n	L	Dom	oncogene, TSG, fusion	T	KMT2A	1	AL			n		FOXO3,ENSG00000118689.14,O43524,2309,AF6q21,FOXO2
272	FOXO4	forkhead box O4	COSG58773	ENSG00000184481.16	ENSG00000184481	X	71096197	71103535	chrX:71096197-71103535	Xq13.1	y	n	L, M	Dom	oncogene, TSG, fusion	T	KMT2A, CIC	1	AL, soft tissue sarcoma			n		FOXO4,ENSG00000184481.16,P98177,4303,AFX1
273	FOXP1	forkhead box P1	COSG71217	ENSG00000114861.19	ENSG00000114861	3	70952817	71583993	chr3:70952817-71583993	3p13	y	n	L	Dom	oncogene, fusion	T	PAX5	1	ALL			n		FOXP1,ENSG00000114861.19,Q9H334,27086,12CC4,HSPC215,QRF1,hFKH1B
274	FOXR1	forkhead box R1	COSG107615	ENSG00000176302.12	ENSG00000176302	11	118971707	118981291	chr11:118971707-118981291	11q23.3	y	n	O		oncogene, fusion	T		2	neuroblastoma			n		FOXR1,ENSG00000176302.12,Q6PIV2,283150,DLNB13,FOXN5
275	FSTL3	follistatin like 3	COSG114579	ENSG00000070404.9	ENSG00000070404	19	676365	683399	chr19:676365-683399	19p13.3	y	n	L	Dom	oncogene, fusion	T	CCND1	1	B-CLL			n		FSTL3,ENSG00000070404.9,O95633,10272,FLRG,FSRP
276	FUBP1	far upstream element binding protein 1	COSG70617	ENSG00000162613.16	ENSG00000162613	1	77944055	77979110	chr1:77944055-77979110	1p31.1	y	n	O	Rec	oncogene	F, N		1	oligodendroglioma			n		FUBP1,ENSG00000162613.16,Q96AE4,8880,FBP
277	FUS	FUS RNA binding protein	COSG115221	ENSG00000089280.18	ENSG00000089280	16	31180110	31194871	chr16:31180110-31194871	16p11.2	y	n	M, L	Dom	TSG, fusion	T	DDIT3, ERG, FEV, ATF1, CREB3L2, CREB3L1, NFATC2	1	liposarcoma, AML, Ewing sarcoma, angiomatoid fibrous histiocytoma, fibromyxoid sarcoma			n		FUS,ENSG00000089280.18,P35637,2521,FUS1,HNRNPP2,TLS,hnRNP-P2
278	GAS7	growth arrest specific 7	COSG96511	ENSG00000007237.18	ENSG00000007237	17	9910609	10198551	chr17:9910609-10198551	17p13.1	y	n	L	Dom	fusion	T	KMT2A	1	AML*			n		GAS7,ENSG00000007237.18,O60861,8522,KIAA0394,MGC1348
279	GATA1	GATA binding protein 1	COSG87468	ENSG00000102145.13	ENSG00000102145	X	48786554	48794311	chrX:48786554-48794311	Xp11.23	y	n	L	Dom	oncogene, TSG	Mis, F		1	megakaryoblastic leukaemia of Downs syndrome			n		GATA1,ENSG00000102145.13,P15976,2623,ERYF1,GATA-1,NF-E1,NFE1
280	GATA2	GATA binding protein 2	COSG113001	ENSG00000179348.11	ENSG00000179348	3	128479427	128493185	chr3:128479427-128493185	3q21.3	y	n	L	Dom	oncogene	Mis		1	AML (CML blast transformation)			n		GATA2,ENSG00000179348.11,P23769,2624,NFE1B
281	GATA3	GATA binding protein 3	COSG76073	ENSG00000107485.16	ENSG00000107485	10	8045378	8075203	chr10:8045378-8075203	10p14	y	n	E	Rec	oncogene, TSG	F, N, S		1	breast			y	HDR syndrome (hypoparathyroidism, sensorineural deafness, and renal disease)	GATA3,ENSG00000107485.16,P23771,2625,HDR
282	GLI1	GLI family zinc finger 1	COSG60145	ENSG00000111087.9	ENSG00000111087	12	57460135	57472262	chr12:57460135-57472262	12q13.3	y	n	E		oncogene, fusion	T, F		2	CRC, oesophagus cancer			y	IBD	GLI1,ENSG00000111087.9,P08151,2735
283	GMPS	guanine monophosphate synthase	COSG90794	ENSG00000163655.15	ENSG00000163655	3	155870536	155944026	chr3:155870536-155944026	3q25.31	y	n	L	Dom	fusion	T	KMT2A	2	AML			n		GMPS,ENSG00000163655.15,P49915,8833,GATD7
284	GNA11	G protein subunit alpha 11	COSG111894	ENSG00000088256.8	ENSG00000088256	19	3094410	3124004	chr19:3094410-3124004	19p13.3	y	n	E, O	Dom	oncogene	Mis		1	uveal melanoma, primary central nervous system melanocytic neoplasms			n		GNA11,ENSG00000088256.8,P29992,2767,FBH,FBH2,FHH2
285	GNAQ	G protein subunit alpha q	COSG98291	ENSG00000156052.10	ENSG00000156052	9	77716087	78031458	chr9:77716087-78031458	9q21.2	y	n	E, O	Dom	oncogene	Mis		1	uveal melanoma, primary central nervous system melanocytic neoplasms			n		GNAQ,ENSG00000156052.10,P50148,2776,G-ALPHA-q,GAQ
286	GNAS	GNAS complex locus	COSG82860	ENSG00000087460.24	ENSG00000087460	20	58839718	58911192	chr20:58839718-58911192	20q13.32	y	n	E, M	Dom	oncogene	Mis		1	pituitary adenoma, pancreatic intraductal papillary mucinous neoplasm, fibrous dysplasia			y	McCune-Albright syndrome; pseudohypoparathyroidism, type IA	GNAS,ENSG00000087460.24,Q5JWF2,2778,GNASXL,GPSA,NESP,NESP55,SCG6,SgVI
287	GOLGA5	golgin A5	COSG65089	ENSG00000066455.12	ENSG00000066455	14	92794231	92839963	chr14:92794231-92839963	14q32.12	y	n	E	Dom	fusion	T	RET	1	papillary thyroid, Spitzoid tumour			n		GOLGA5,ENSG00000066455.12,Q8TBA6,9950,GOLIM5,golgin-84,ret-II,rfg5
288	GOLPH3	golgi phosphoprotein 3	COSG112121	ENSG00000113384.13	ENSG00000113384	5	32124704	32174350	chr5:32124704-32174350	5p13.3	y	n	E			A		2	breast cancer, NSCLC, ovarian cancer			n		GOLPH3,ENSG00000113384.13,Q9H4A6,64083,GOPP1,GPP34,MIDAS,Vps74
289	GOPC	golgi associated PDZ and coiled-coil motif containing	COSG62335	ENSG00000047932.13	ENSG00000047932	6	117560269	117602542	chr6:117560269-117602542	6q22.1	y	n	E, O	Dom	fusion	T	ROS1	1	glioblastoma, cholangiocarcinoma, borderline ovarian			n		GOPC,ENSG00000047932.13,Q9HD26,57120,CAL,FIG,GOPC1,PIST,dJ94G16.2
290	GPC3	glypican 3	COSG62939	ENSG00000147257.13	ENSG00000147257	X	133535745	133985895	chrX:133535745-133985895	Xq26.2	n	y	O	Rec/X	oncogene, TSG	D, Mis, N, F, S		1		Wilms tumour	Simpson-Golabi-Behmel syndrome	n		GPC3,ENSG00000147257.13,P51654,2719,DGSX,OCI-5,SGB,SGBS,SGBS1
291	GPC5	glypican 5	COSG92536	ENSG00000179399.14	ENSG00000179399	13	91398607	92873682	chr13:91398607-92873682	13q31.3	y	n	E		TSG	D		2	lung adenocarcinoma			n		GPC5,ENSG00000179399.14,P78333,2262
292	GPHN	gephyrin	COSG100626	ENSG00000171723.15	ENSG00000171723	14	66507407	67181803	chr14:66507407-67181803	14q23.3	y	n	L	Dom	fusion	T	KMT2A	1	AL			n		GPHN,ENSG00000171723.15,Q9NQX3,10243,KIAA1385
293	GRIN2A	glutamate ionotropic receptor NMDA type subunit 2A	COSG108203	ENSG00000183454.16	ENSG00000183454	16	9753404	10182754	chr16:9753404-10182754	16p13.2	y	n	E	Rec	TSG	Mis, N, F, O		1	melanoma, colorectal carcinoma, gastric carcinoma, lung carcinoma			y	Focal epilepsy and speech disorder with or without mental retardation	GRIN2A,ENSG00000183454.16,Q12879,2903,GluN2A
294	GRM3	glutamate metabotropic receptor 3	COSG74476	ENSG00000198822.10	ENSG00000198822	7	86643914	86864884	chr7:86643914-86864884	7q21.12	y	n	E		oncogene	Mis, A		2	melanoma, oral SCC			n		GRM3,ENSG00000198822.10,Q14832,2913,GPRC1C,MGLUR3,mGlu3
295	GSK3B	glycogen synthase kinase 3 beta	COSG78014	ENSG00000082701.14	ENSG00000082701	3	119821323	120094417	chr3:119821323-120094417	3q13.33	y	n	E			F, Mis, N		2	endometrial cancer			n		GSK3B,ENSG00000082701.14,P49841,2932
296	GTF2I	general transcription factor IIi	COSG103299	ENSG00000263001.5	ENSG00000263001	7	74657667	74760692	chr7:74657667-74760692	7q11.23	y	n	E			Mis		2	thymoma			n	Williams-Beuren syndrome	GTF2I,ENSG00000263001.5,P78347,2969,BAP-135,BTKAP1,DIWS,IB291,SPIN,TFII-I
297	H3F3A	H3 histone family member 3A	COSG83297	ENSG00000163041.9	ENSG00000163041	1	226061851	226072001	chr1:226061851-226072001	1q42.12	y	n	O	Dom	oncogene	Mis		1	glioma			n		H3F3A,ENSG00000163041.9,P84243,3020,H3.3A
298	H3F3B	H3 histone family member 3B	COSG91461	ENSG00000132475.10	ENSG00000132475	17	75776434	75785893	chr17:75776434-75785893	17q25.1	y	n	M	Dom	oncogene	Mis		1	chondroblastoma			n		H3F3B,ENSG00000132475.10,P84243,3021,H3.3B
299	HERPUD1	homocysteine inducible ER protein with ubiquitin like domain 1	COSG102009	ENSG00000051108.14	ENSG00000051108	16	56932048	56944863	chr16:56932048-56944863	16q13	y	n	E	Dom	fusion	T	ERG	1	prostate			n		HERPUD1,ENSG00000051108.14,Q15011,9709,HERP,KIAA0025,Mif1,SUP
300	HEY1	hes related family bHLH transcription factor with YRPW motif 1	COSG65409	ENSG00000164683.16	ENSG00000164683	8	79764010	79767863	chr8:79764010-79767863	8q21.13	y	n	M	Dom	oncogene, fusion	T	NCOA2	1	mesenchymal chondrosarcoma			n		HEY1,ENSG00000164683.16,Q9Y5J3,23462,CHF-2,CHF2,HERP2,HESR-1,HESR1,HRT-1,bHLHb31
301	HGF	hepatocyte growth factor	COSG65657	ENSG00000019991.16	ENSG00000019991	7	81699008	81770438	chr7:81699008-81770438	7q21.11	y	n	E, M		oncogene, fusion	A, F, Mis, N, T	CACNA2D1	1	breast cancer, lung cancer, multiple myeloma			n		HGF,ENSG00000019991.16,P14210,3082,F-TCF,HGFB,HPTA,SF
302	HIF1A	hypoxia inducible factor 1 subunit alpha	COSG84346	ENSG00000100644.16	ENSG00000100644	14	61695513	61748259	chr14:61695513-61748259	14q23.2	y	n	E, O	Dom	oncogene	Mis, F, N		1	endometrioid carcinoma, glioblastoma, colorectal, renal, lung, pancreatic			n		HIF1A,ENSG00000100644.16,Q16665,3091,HIF-1alpha,HIF1,MOP1,PASD8,bHLHe78
303	HIP1	huntingtin interacting protein 1	COSG87160	ENSG00000127946.16	ENSG00000127946	7	75533300	75738962	chr7:75533300-75738962	7q11.23	y	n	L, E	Dom	oncogene, fusion	T	PDGFRB, ALK	1	CMML, NSCLC			n		HIP1,ENSG00000127946.16,O00291,3092,ILWEQ
304	HIST1H3B	histone cluster 1 H3 family member b	COSG99727	ENSG00000274267.1	ENSG00000274267	6	26031650	26032060	chr6:26031650-26032060	6p22.2	y	n	O	Dom	oncogene	Mis		1	glioma			n		HIST1H3B,ENSG00000274267.1,P68431,8358,H3/l
305	HIST1H4I	histone cluster 1 H4 family member i	COSG99670	ENSG00000276180.1	ENSG00000276180	6	27138588	27139881	chr6:27138588-27139881	6p22.1	y	n	L	Dom	fusion	T	BCL6	1	NHL			n		HIST1H4I,ENSG00000276180.1,P62805,8294,H4/m
306	HLA-A	major histocompatibility complex, class I, A	COSG104170	ENSG00000206503.12	ENSG00000206503	6	29941260	29945884	chr6:29941260-29945884	6p22.1	y	n	E	Dom	fusion	T	ROS1	1	Spitzoid tumour			y	Carbamazepine-induced hypersensitivity syndrome	HLA-A,ENSG00000206503.12,P04439,P13746,P16188,3105
307	HLF	HLF, PAR bZIP transcription factor	COSG74351	ENSG00000108924.13	ENSG00000108924	17	55265012	55325065	chr17:55265012-55325065	17q22	y	n	L	Dom	oncogene, fusion	T	TCF3	1	ALL			n		HLF,ENSG00000108924.13,Q16534,3131,MGC33822
308	HMGA1	high mobility group AT-hook 1	COSG100629	ENSG00000137309.19	ENSG00000137309	6	34236873	34246231	chr6:34236873-34246231	6p21.31	y	n	E, M	Dom	oncogene, fusion	T	?	1	microfollicular thyroid adenoma, various benign mesenchymal tumours			n		HMGA1,ENSG00000137309.19,P17096,3159
309	HMGA2	high mobility group AT-hook 2	COSG69442	ENSG00000149948.13	ENSG00000149948	12	65824131	65966295	chr12:65824131-65966295	12q14.3	y	n	M	Dom	oncogene, fusion	T	LHFP, RAD51B, LPP, COX6C, ACKR3, NFIB, ALDH2, CCNB1IP1, EBF1, WIF1, FHIT	1	lipoma, leiomyoma, pleomorphic salivary gland adenoma			n		HMGA2,ENSG00000149948.13,8091,BABL,LIPO
310	HMGN2P46	high mobility group nucleosomal binding domain 2 pseudogene 46	COSG91008	ENSG00000179362.14	ENSG00000179362	15	45511136	45586290	chr15:45511136-45586290	15q21.1	y	n	E	Dom	fusion	T	ETV1	2	prostate			n		HMGN2P46,ENSG00000179362.14,,D-PCa-2,FLJ39426
311	HNF1A	HNF1 homeobox A	COSG70564	ENSG00000135100.17	ENSG00000135100	12	120978543	121002512	chr12:120978543-121002512	12q24.31	y	y	E	Rec	TSG	Mis, F		1	hepatic adenoma, hepatocellular	hepatic adenoma, hepatocellular carcinoma	familial hepatic adenoma	y	Maturity-onset diabetes of the young, TYPE III	HNF1A,ENSG00000135100.17,6927,HNF1,LFB1
312	HNRNPA2B1	heterogeneous nuclear ribonucleoprotein A2/B1	COSG88183	ENSG00000122566.20	ENSG00000122566	7	26189927	26201529	chr7:26189927-26201529	7p15.2	y	n	E	Dom	oncogene, fusion	T	ETV1	1	prostate			n		HNRNPA2B1,ENSG00000122566.20,P22626,3181
313	HOOK3	hook microtubule tethering protein 3	COSG101512	ENSG00000168172.8	ENSG00000168172	8	42896932	43030539	chr8:42896932-43030539	8p11.21	y	n	E	Dom	fusion	T	RET	1	papillary thyroid			n		HOOK3,ENSG00000168172.8,Q86VS8,84376,HK3
314	HOXA11	homeobox A11	COSG65276	ENSG00000005073.5	ENSG00000005073	7	27181510	27185223	chr7:27181510-27185223	7p15.2	y	n	L	Dom	oncogene, TSG, fusion	T	NUP98	1	CML			n		HOXA11,ENSG00000005073.5,P31270,3207
315	HOXA13	homeobox A13	COSG98272	ENSG00000106031.7	ENSG00000106031	7	27193503	27200106	chr7:27193503-27200106	7p15.2	y	n	L	Dom	oncogene, fusion	T	NUP98	1	AML			n		HOXA13,ENSG00000106031.7,P31271,3209
316	HOXA9	homeobox A9	COSG109289	ENSG00000078399.17	ENSG00000078399	7	27162435	27175180	chr7:27162435-27175180	7p15.2	y	n	L	Dom	oncogene, TSG, fusion	T	NUP98, MSI2	1	AML*			n		HOXA9,ENSG00000078399.17,P31269,3205
317	HOXC11	homeobox C11	COSG63604	ENSG00000123388.4	ENSG00000123388	12	53973126	53977643	chr12:53973126-53977643	12q13.13	y	n	L	Dom	oncogene, fusion	T	NUP98	1	AML			n		HOXC11,ENSG00000123388.4,O43248,3227
318	HOXC13	homeobox C13	COSG58815	ENSG00000123364.4	ENSG00000123364	12	53938765	53946544	chr12:53938765-53946544	12q13.13	y	n	L	Dom	oncogene, fusion	T	NUP98	1	AML			n		HOXC13,ENSG00000123364.4,P31276,3229
319	HOXD11	homeobox D11	COSG102737	ENSG00000128713.13	ENSG00000128713	2	176104216	176109754	chr2:176104216-176109754	2q31.1	y	n	L	Dom	oncogene, fusion	T	NUP98	1	AML			n		HOXD11,ENSG00000128713.13,P31277,3237
320	HOXD13	homeobox D13	COSG60623	ENSG00000128714.5	ENSG00000128714	2	176092891	176095938	chr2:176092891-176095938	2q31.1	y	n	L	Dom	oncogene, fusion	T	NUP98	1	AML*			n		HOXD13,ENSG00000128714.5,P35453,3239
321	HRAS	HRas proto-oncogene, GTPase	COSG113788	ENSG00000174775.16	ENSG00000174775	11	532242	537287	chr11:532242-537287	11p15.5	y	y	E, L, M	Dom	oncogene	Mis		1	infrequent sarcomas, rare other tumour types	rhabdomyosarcoma, ganglioneuroblastoma, bladder	Costello syndrome	n		HRAS,ENSG00000174775.16,P01112,3265
322	HSP90AA1	heat shock protein 90 alpha family class A member 1	COSG94795	ENSG00000080824.18	ENSG00000080824	14	102080738	102139699	chr14:102080738-102139699	14q32.31	y	n	L	Dom	fusion	T	BCL6	1	NHL			n		HSP90AA1,ENSG00000080824.18,P07900,3320,FLJ31884,HSP90N,Hsp89,Hsp90
323	HSP90AB1	heat shock protein 90 alpha family class B member 1	COSG103171	ENSG00000096384.19	ENSG00000096384	6	44246166	44253888	chr6:44246166-44253888	6p21.1	y	n	L	Dom	fusion	T	BCL6	1	NHL			n		HSP90AB1,ENSG00000096384.19,P08238,3326
324	ID3	inhibitor of DNA binding 3, HLH protein	COSG96223	ENSG00000117318.8	ENSG00000117318	1	23557918	23559794	chr1:23557918-23559794	1p36.12	y	n	L		TSG	Mis, N		2	Burkitt lymphoma			n		ID3,ENSG00000117318.8,Q02535,3399,HEIR-1,bHLHb25
325	IDH1	isocitrate dehydrogenase (NADP(+)) 1, cytosolic	COSG108257	ENSG00000138413.13	ENSG00000138413	2	208236227	208266074	chr2:208236227-208266074	2q34	y	n	O	Dom	oncogene	Mis		1	glioblastoma			n		IDH1,ENSG00000138413.13,O75874,3417
326	IDH2	isocitrate dehydrogenase (NADP(+)) 2, mitochondrial	COSG106830	ENSG00000182054.9	ENSG00000182054	15	90083045	90102504	chr15:90083045-90102504	15q26.1	y	n	O	Dom	oncogene	Mis		1	glioblastoma			n		IDH2,ENSG00000182054.9,P48735,3418
327	IGF2BP2	insulin like growth factor 2 mRNA binding protein 2	COSG84546	ENSG00000073792.15	ENSG00000073792	3	185643739	185825056	chr3:185643739-185825056	3q27.2	y	n	L		TSG	D		2	lymphoma			y	Diabetes mellitus, noninsulin-dependent, susceptibility	IGF2BP2,ENSG00000073792.15,10644,IMP-2
328	IGH	immunoglobulin heavy locus	COSG116137			14				14q32.33	y	n	L	Dom	fusion	T	MYC, FGFR3, PAX5, FCRL4, IRF4, CCND1, BCL9, BCL8, BCL6, BCL2, BCL3, BCL10, BCL11A. LHX4, DDX6, NFKB2, PAFAH1B2, PCSK7, CRLF2	1	MM, Burkitt lymphoma, NHL, CLL, B-ALL, MALT, MLCLS			n		IGH,3492
329	IGK	immunoglobulin kappa locus	COSG116138			2				2p12	y	n	L	Dom	fusion	T	MYC, KDSR	1	Burkitt lymphoma, B-NHL			n		IGK,50802
330	IGL	immunoglobulin lambda locus	COSG116139			22				22q11.2	y	n	L	Dom	fusion	T	BCL9, MYC, CCND2	1	Burkitt lymphoma			n		IGL,3535
331	IKBKB	inhibitor of nuclear factor kappa B kinase subunit beta	COSG112543	ENSG00000104365.13	ENSG00000104365	8	42271302	42332653	chr8:42271302-42332653	8p11.21	y	n	L	Dom	oncogene	Mis		1	SMZL			y	Immunodeficiency 15	IKBKB,ENSG00000104365.13,O14920,3551,IKK-beta,IKK2,IKKB,NFKBIKB
332	IKZF1	IKAROS family zinc finger 1	COSG89430	ENSG00000185811.18	ENSG00000185811	7	50304068	50405101	chr7:50304068-50405101	7p12.2	y	n	L	Dom/Rec	TSG, fusion	D,T	BCL6	1	ALL, DLBCL			n		IKZF1,ENSG00000185811.18,10320,Hs.54452,IKAROS,LyF-1,PPP1R92,hIk-1
333	IKZF3	IKAROS family zinc finger 3	COSG116030	ENSG00000161405.16	ENSG00000161405	17	39757715	39864188	chr17:39757715-39864188	17q21.1	y	n	L, E		oncogene, TSG, fusion	D, Mis, F, N, T	NAGLU, VAPB	1	B-ALL, CLL, breast cancer, colorectal cancer			n		IKZF3,ENSG00000161405.16,Q9UKT9,22806,Aiolos
334	IL2	interleukin 2	COSG70981	ENSG00000109471.4	ENSG00000109471	4	122451470	122456725	chr4:122451470-122456725	4q27	y	n	L	Dom	fusion	T	TNFRSF17	1	intestinal T-cell lymphoma			n		IL2,ENSG00000109471.4,P60568,3558,IL-2,TCGF
335	IL21R	interleukin 21 receptor	COSG111352	ENSG00000103522.15	ENSG00000103522	16	27402162	27452042	chr16:27402162-27452042	16p12.1	y	n	L	Dom	fusion	T	BCL6	1	NHL			n		IL21R,ENSG00000103522.15,Q9HBE5,50615,CD360
336	IL6ST	interleukin 6 signal transducer	COSG71872	ENSG00000134352.19	ENSG00000134352	5	55935095	55994993	chr5:55935095-55994993	5q11.2	y	n	E	Dom	oncogene	O		1	hepatocellular carcinoma			n		IL6ST,ENSG00000134352.19,P40189,3572,CD130,GP130
337	IL7R	interleukin 7 receptor	COSG64472	ENSG00000168685.14	ENSG00000168685	5	35852695	35879603	chr5:35852695-35879603	5p13.2	y	n	L	Dom	oncogene	Mis, O		1	ALL, ETP ALL			y	Severe combined immune deficiency	IL7R,ENSG00000168685.14,P16871,3575,CD127,IL7RA
338	IRF4	interferon regulatory factor 4	COSG105639	ENSG00000137265.14	ENSG00000137265	6	391739	411447	chr6:391739-411447	6p25.3	y	n	L	Dom	oncogene, TSG, fusion	T	IGH	1	MM			n		IRF4,ENSG00000137265.14,Q15306,3662,LSIRF
339	IRS4	insulin receptor substrate 4	COSG76787	ENSG00000133124.11	ENSG00000133124	X	108732482	108736409	chrX:108732482-108736409	Xq22.3	y	n	E, O, M, L		oncogene, TSG	Mis, F, T	TRB	1	glioma, rhabdomyosarcoma, melanoma, breast cancer, T-ALL			n		IRS4,ENSG00000133124.11,O14654,8471,IRS-4,PY160
340	ISX	intestine specific homeobox	COSG92515	ENSG00000175329.12	ENSG00000175329	22	35066136	35087387	chr22:35066136-35087387	22q12.3	y	n	E			Mis		2	melanoma			n		ISX,ENSG00000175329.12,Q2M1V0,91464,RAXLX
341	ITGAV	integrin subunit alpha V	COSG89546	ENSG00000138448.11	ENSG00000138448	2	186590065	186680901	chr2:186590065-186680901	2q32.1	y	n	E			F		2	large intestine carcinoma			n		ITGAV,ENSG00000138448.11,P06756,3685,CD51
342	ITGB1	integrin subunit beta 1	COSG60418	ENSG00000150093.18	ENSG00000150093	10	32900319	33005792	chr10:32900319-33005792	10p11.22	y	n	O, E			Mis, N		2	cutaneous melanoma, lung adenocarcinoma			n		ITGB1,ENSG00000150093.18,P05556,3688,CD29,GPIIA
343	ITK	IL2 inducible T cell kinase	COSG90766	ENSG00000113263.12	ENSG00000113263	5	157142933	157255191	chr5:157142933-157255191	5q33.3	y	n	L	Dom	fusion	T	SYK	1	peripheral T-cell lymphoma			n		ITK,ENSG00000113263.12,Q08881,3702,EMT,LYK,PSCTK2
344	JAK1	Janus kinase 1	COSG63689	ENSG00000162434.11	ENSG00000162434	1	64833229	64966504	chr1:64833229-64966504	1p31.3	y	n	L	Dom	oncogene, TSG	Mis		1	ALL			n		JAK1,ENSG00000162434.11,P23458,3716,JAK1A,JTK3
345	JAK2	Janus kinase 2	COSG58883	ENSG00000096968.13	ENSG00000096968	9	4984390	5128183	chr9:4984390-5128183	9p24.1	y	n	L	Dom	oncogene, fusion	T, Mis, O	ETV6, PCM1, BCR	1	ALL, AML, MPN,  CML			n		JAK2,ENSG00000096968.13,O60674,3717,JTK10
346	JAK3	Janus kinase 3	COSG84587	ENSG00000105639.18	ENSG00000105639	19	17824780	17848071	chr19:17824780-17848071	19p13.11	y	n	L	Dom	oncogene	Mis		1	acute megakaryocytic leukaemia, ETP ALL			n		JAK3,ENSG00000105639.18,P52333,3718,JAK-3,JAK3_HUMAN,JAKL,L-JAK,LJAK
347	JAZF1	JAZF zinc finger 1	COSG79452	ENSG00000153814.11	ENSG00000153814	7	27830573	28180743	chr7:27830573-28180743	7p15.2	y	n	M	Dom	fusion	T	SUZ12	2	endometrial stromal tumour			n		JAZF1,ENSG00000153814.11,Q86VZ6,221895,DKFZp761K2222,TIP27,ZNF802
348	JUN	Jun proto-oncogene, AP-1 transcription factor subunit	COSG84672	ENSG00000177606.6	ENSG00000177606	1	58780788	58784327	chr1:58780788-58784327	1p32.1	y	n	M	Dom	oncogene	A		1	sarcoma			n		JUN,ENSG00000177606.6,P05412,3725,AP-1,c-Jun
349	KAT6A	lysine acetyltransferase 6A	COSG110810	ENSG00000083168.9	ENSG00000083168	8	41929479	42051990	chr8:41929479-42051990	8p11.21	y	n	L	Dom	oncogene, fusion	T, A	CREBBP, NCOA2, EP300	1	AML			n		KAT6A,ENSG00000083168.9,Q92794,7994,MOZ,ZC2HC6A
350	KAT6B	lysine acetyltransferase 6B	COSG100264	ENSG00000156650.12	ENSG00000156650	10	74825582	75032622	chr10:74825582-75032622	10q22.2	y	n	L, M	Dom	TSG, fusion	T	CREBBP, KANSL1	1	AML, leiomyoma			n	Genitopatellar syndrome, Say-Barber-Biesecker/Young-Simpson syndrome	KAT6B,ENSG00000156650.12,Q8WYB5,23522,MOZ2,Morf,ZC2HC6B,qkf,querkopf
351	KAT7	lysine acetyltransferase 7	COSG90061	ENSG00000136504.11	ENSG00000136504	17	49788555	49835030	chr17:49788555-49835030	17q21.33	y	n	E		oncogene	Mis		2	CCRCC			n		KAT7,ENSG00000136504.11,O95251,11143,HBO1,HBOA,ZC2HC7
352	KCNJ5	potassium voltage-gated channel subfamily J member 5	COSG80472	ENSG00000120457.11	ENSG00000120457	11	128891356	128921035	chr11:128891356-128921035	11q24.3	y	n	E	Dom	oncogene	Mis		1	adrenal adenoma			y	Familial hyperaldosteronism type III, Long QT syndrome	KCNJ5,ENSG00000120457.11,P48544,3762,CIR,GIRK4,KATP1,Kir3.4,LQT13
353	KDM5A	lysine demethylase 5A	COSG94857	ENSG00000073614.12	ENSG00000073614	12	280129	389454	chr12:280129-389454	12p13.33	y	n	L	Dom	oncogene, fusion	T	NUP98	1	AML			n		KDM5A,ENSG00000073614.12,P29375,5927
354	KDM5C	lysine demethylase 5C	COSG86736	ENSG00000126012.11	ENSG00000126012	X	53191321	53225422	chrX:53191321-53225422	Xp11.22	y	n	E	Rec	TSG	N, F, S, Mis		1	clear cell renal carcinoma			y	 X-linked mental retardation syndromic Claes-Jensen-type.	KDM5C,ENSG00000126012.11,P41229,8242,DXS1272E,XE169
355	KDM6A	lysine demethylase 6A	COSG88842	ENSG00000147050.14	ENSG00000147050	X	44873177	45112602	chrX:44873177-45112602	Xp11.3	y	n	E, L	Rec	oncogene, TSG	D, N, F, S		1	renal cell carcinoma, bladder carcinoma, oesophageal SCC, MM, medulloblastoma, T-ALL, other tumour types			y	Kabuki syndrome	KDM6A,ENSG00000147050.14,O15550,7403
356	KDR	kinase insert domain receptor	COSG106784	ENSG00000128052.9	ENSG00000128052	4	55078259	55125595	chr4:55078259-55125595	4q12	y	y	E	Dom	oncogene	Mis		1	NSCLC, angiosarcoma	melanoma		n		KDR,ENSG00000128052.9,3791,CD309,FLK1,VEGFR,VEGFR2
357	KDSR	3-ketodihydrosphingosine reductase	COSG71181	ENSG00000119537.16	ENSG00000119537	18	63327726	63367510	chr18:63327726-63367510	18q21.33	y	n	L	Dom	fusion	T	IGK	1	B-NHL			n		KDSR,ENSG00000119537.16,Q06136,2531,DHSR,SDR35C1
358	KEAP1	kelch like ECH associated protein 1	COSG96808	ENSG00000079999.13	ENSG00000079999	19	10486120	10503741	chr19:10486120-10503741	19p13.2	y	n	E		TSG	Mis, N, F		1	NSCLC, breast carcinoma			n		KEAP1,ENSG00000079999.13,Q14145,9817,INrf2,KIAA0132,KLHL19,MGC10630,MGC1114,MGC20887,MGC4407,MGC9454
359	KIAA1549	KIAA1549	COSG104988	ENSG00000122778.9	ENSG00000122778	7	138831381	138981318	chr7:138831381-138981318	7q34	y	n	O	Dom	fusion	T	BRAF	2	pilocytic astrocytoma			n		KIAA1549,ENSG00000122778.9,Q9HCM3,57670
360	KIF5B	kinesin family member 5B	COSG69778	ENSG00000170759.10	ENSG00000170759	10	32009010	32056431	chr10:32009010-32056431	10p11.22	y	n	E	Dom	fusion	T	RET, ALK	1	NSCLC, Spitzoid tumour			n		KIF5B,ENSG00000170759.10,P33176,3799,KNS
361	KIT	KIT proto-oncogene receptor tyrosine kinase	COSG63709	ENSG00000157404.15	ENSG00000157404	4	54657918	54740715	chr4:54657918-54740715	4q12	y	y	L, M, O, E	Dom	oncogene	Mis, O		1	GIST, AML, TGCT, mastocytosis, mucosal melanoma	GIST, epithelioma	familial gastrointestinal stromal tumour	y	Piebald trait	KIT,ENSG00000157404.15,P10721,3815,C-Kit,CD117,SCFR
362	KLF4	Kruppel like factor 4	COSG110029	ENSG00000136826.14	ENSG00000136826	9	107484852	107490482	chr9:107484852-107490482	9q31.2	y	n	O	Dom	oncogene, TSG	Mis		1	meningioma			n		KLF4,ENSG00000136826.14,O43474,9314,EZF,GKLF
363	KLF6	Kruppel like factor 6	COSG63910	ENSG00000067082.14	ENSG00000067082	10	3775996	3785281	chr10:3775996-3785281	10p15.2	y	n	E, O	Rec	TSG	Mis, N		1	prostate, glioma			n		KLF6,ENSG00000067082.14,Q99612,1316,CPBP,GBF,PAC1,Zf9
364	KLK2	kallikrein related peptidase 2	COSG112026	ENSG00000167751.12	ENSG00000167751	19	50861568	50880567	chr19:50861568-50880567	19q13.33	y	n	E	Dom	fusion	T	ETV4	1	prostate			n		KLK2,ENSG00000167751.12,P20151,3817
365	KMT2A	lysine methyltransferase 2A	COSG86533	ENSG00000118058.20	ENSG00000118058	11	118436490	118526832	chr11:118436490-118526832	11q23.3	y	n	L	Dom	oncogene, fusion	T, O	KMT2A, MLLT1, AFF1, MLLT3, MLLT4, FOXO4, MLLT10, MLLT6, ELL, EPS15, MLLT11, CREBBP, SH3GL1, FNBP1, SEPT5, SEPT9, GPHN, GMPS, ABI1, ARHGEF12, GAS7, FOXO3, AFF3, TET1, SEPT6, LPP, RUNX1T1, ARHGAP26, EP300, PICALM, CLP1, PRRC1, DAB2IP, MAPRE1, KIAA1524, SEPT2, SARNP, ZFYVE19, TOP3A, CASC5, EEFSEC, FRYL, SORBS2, ABI2, LASP1, CASP8AP2, AFF4, NRIP3, NCKIPSD, CBL, ACTN4, PDS5A, CT45A2, MYO1F, KIAA0284, BTBD18	1	AML, ALL			n		KMT2A,ENSG00000118058.20,Q03164,4297,ALL-1,CXXC7,HRX,HTRX1,MLL1A,TRX1
366	KMT2C	lysine methyltransferase 2C	COSG85495	ENSG00000055609.17	ENSG00000055609	7	152134922	152436005	chr7:152134922-152436005	7q36.1	y	n	O	Rec	TSG	N		1	medulloblastoma			n		KMT2C,ENSG00000055609.17,Q8NEZ4,58508,HALR,KIAA1506
367	KMT2D	lysine methyltransferase 2D	COSG107783	ENSG00000167548.14	ENSG00000167548	12	49018975	49059774	chr12:49018975-49059774	12q13.12	y	n	O, E	Rec	oncogene, TSG	N, F, Mis		1	medulloblastoma, renal			n		KMT2D,ENSG00000167548.14,O14686,8085,ALR,CAGL114,MLL4
368	KNL1	kinetochore scaffold 1	COSG107147	ENSG00000137812.19	ENSG00000137812	15	40594020	40664342	chr15:40594020-40664342	15q15.1	y	n	L	Dom	TSG, fusion	T	KMT2A	1	AML			n		KNL1,ENSG00000137812.19,Q8NG31,57082,AF15Q14,CT29,D40,KIAA1570,PPP1R55,Spc7,hKNL-1,hSpc105
369	KNSTRN	kinetochore localized astrin (SPAG5) binding protein	COSG111763	ENSG00000128944.13	ENSG00000128944	15	40382721	40394246	chr15:40382721-40394246	15q15.1	y	n	E		oncogene	Mis		2	SCC			n		KNSTRN,ENSG00000128944.13,Q9Y448,90417,FLJ14502,SKAP,TRAF4AF1,kinastrin
370	KRAS	KRAS proto-oncogene, GTPase	COSG86962	ENSG00000133703.11	ENSG00000133703	12	25204789	25250936	chr12:25204789-25250936	12p12.1	y	n	L, E, M, O	Dom	oncogene	Mis		1	pancreatic, colorectal, lung, thyroid, AML, other tumour types			n		KRAS,ENSG00000133703.11,P01116,3845,KRAS1
371	KTN1	kinectin 1	COSG63135	ENSG00000126777.17	ENSG00000126777	14	55559072	55701526	chr14:55559072-55701526	14q22.3	y	n	E	Dom	fusion	T	RET	1	papillary thyroid			n		KTN1,ENSG00000126777.17,Q86UP2,3895,CG1,KIAA0004,KNT
372	LARP4B	La ribonucleoprotein domain family member 4B	COSG101167	ENSG00000107929.14	ENSG00000107929	10	806914	931705	chr10:806914-931705	10p15.3	y	n	E, O		TSG	F, D		2	CRC, glioma			n		LARP4B,ENSG00000107929.14,Q92615,23185
373	LASP1	LIM and SH3 protein 1	COSG73683	ENSG00000002834.17	ENSG00000002834	17	38869859	38921770	chr17:38869859-38921770	17q12	y	n	L	Dom	fusion	T	KMT2A	1	AML			n		LASP1,ENSG00000002834.17,Q14847,3927,Lasp-1,MLN50
374	LATS1	large tumor suppressor kinase 1	COSG78588	ENSG00000131023.12	ENSG00000131023	6	149658153	149718256	chr6:149658153-149718256	6q25.1	y	n	E		TSG	Mis, N		1	skin basal cell carcinoma			n		LATS1,ENSG00000131023.12,O95835,9113,WARTS
375	LATS2	large tumor suppressor kinase 2	COSG64660	ENSG00000150457.8	ENSG00000150457	13	20973032	21061547	chr13:20973032-21061547	13q12.11	y	n	E		TSG	D, F, N		1	malignant mesothelioma			n		LATS2,ENSG00000150457.8,Q9NRM7,26524
376	LCK	LCK proto-oncogene, Src family tyrosine kinase	COSG82227	ENSG00000182866.16	ENSG00000182866	1	32251239	32286165	chr1:32251239-32286165	1p35.2	y	n	L	Dom	oncogene, fusion	T	TRB	1	T-ALL			n		LCK,ENSG00000182866.16,P06239,3932
377	LCP1	lymphocyte cytosolic protein 1	COSG88254	ENSG00000136167.13	ENSG00000136167	13	46125920	46211871	chr13:46125920-46211871	13q14.13	y	n	L	Dom	fusion	T	BCL6	2	NHL			n		LCP1,ENSG00000136167.13,P13796,3936,CP64,L-PLASTIN,LC64P,PLS2
378	LEF1	lymphoid enhancer binding factor 1	COSG73617	ENSG00000138795.9	ENSG00000138795	4	108047545	108168956	chr4:108047545-108168956	4q25	y	n	L, E		oncogene, TSG	Mis, N		1	B-ALL, T-ALL, eyelid sebaceous carcinoma, AML, lymphomas			n		LEF1,ENSG00000138795.9,Q9UJU2,51176,TCF10,TCF1ALPHA,TCF7L3
379	LEPROTL1	leptin receptor overlapping transcript like 1	COSG59675	ENSG00000104660.17	ENSG00000104660	8	30095398	30177208	chr8:30095398-30177208	8p12	y	n	E		TSG	D		2	lung cancer, colon cancer			n		LEPROTL1,ENSG00000104660.17,O95214,23484,Vps55,my047
380	LHFPL6	LHFPL tetraspan subfamily member 6	COSG81838	ENSG00000183722.7	ENSG00000183722	13	39342892	39603528	chr13:39342892-39603528	13q14.11	y	n	M	Dom	fusion	T	HMGA2	2	lipoma			n		LHFPL6,ENSG00000183722.7,Q9Y693,10186,MGC22429
381	LIFR	LIF receptor alpha	COSG108001	ENSG00000113594.9	ENSG00000113594	5	38474963	38608354	chr5:38474963-38608354	5p13.1	y	n	E	Dom	fusion	T	PLAG1	1	salivary adenoma			n		LIFR,ENSG00000113594.9,P42702,3977,CD118
382	LMNA	lamin A/C	COSG61379	ENSG00000160789.19	ENSG00000160789	1	156082573	156140089	chr1:156082573-156140089	1q22	y	n	E	Dom	fusion	T	NTRK1	1	Spitzoid tumour			y	Muscular dystrophy, dilated cardiomyopathy,  familial partial lipodystrophy, and others	LMNA,ENSG00000160789.19,P02545,4000,HGPS,MADA
383	LMO1	LIM domain only 1	COSG58772	ENSG00000166407.13	ENSG00000166407	11	8224304	8268716	chr11:8224304-8268716	11p15.4	y	y	L	Dom	oncogene, fusion	T, A	TRD	1	T-ALL, neuroblastoma	neuroblastoma		n		LMO1,ENSG00000166407.13,P25800,4004,RHOM1,TTG1
384	LMO2	LIM domain only 2	COSG66206	ENSG00000135363.11	ENSG00000135363	11	33858576	33892289	chr11:33858576-33892289	11p13	y	n	L	Dom	oncogene, fusion	T	TRD	1	T-ALL			n		LMO2,ENSG00000135363.11,P25791,4005,RBTN2,RHOM2,TTG2
385	LPP	LIM domain containing preferred translocation partner in lipoma	COSG108197	ENSG00000145012.13	ENSG00000145012	3	188153284	188890671	chr3:188153284-188890671	3q28	y	n	L, M	Dom	oncogene, fusion	T	HMGA2, KMT2A, C12orf9	1	lipoma, leukaemia			n		LPP,ENSG00000145012.13,Q93052,4026
386	LRIG3	leucine rich repeats and immunoglobulin like domains 3	COSG77544	ENSG00000139263.11	ENSG00000139263	12	58872149	58920522	chr12:58872149-58920522	12q14.1	y	n	E	Dom	TSG, fusion	T	ROS1	1	NSCLC			n		LRIG3,ENSG00000139263.11,Q6UXM1,121227,FLJ90440,KIAA3016
387	LRP1B	LDL receptor related protein 1B	COSG104741	ENSG00000168702.17	ENSG00000168702	2	140231423	142131701	chr2:140231423-142131701	2q22.2	y	n	E, L	Rec	TSG	D, Mis, N, F		1	CLL, ovarian cancer, oesophageal squamous cell carcinoma, urothelial cancer			n		LRP1B,ENSG00000168702.17,Q9NZR2,53353,LRP-DIT,LRPDIT
388	LSM14A	LSM14A, mRNA processing body assembly factor	COSG71888	ENSG00000257103.8	ENSG00000257103	19	34172504	34229515	chr19:34172504-34229515	19q13.11	y	n	E	Dom	fusion	T	BRAF	2	Spitzoid tumour			n		LSM14A,ENSG00000257103.8,Q8ND56,26065,DKFZP434D1335,RAP55,RAP55A
389	LYL1	LYL1, basic helix-loop-helix family member	COSG61746	ENSG00000104903.4	ENSG00000104903	19	13099033	13103161	chr19:13099033-13103161	19p13.13	y	n	L	Dom	oncogene, fusion	T	TRB	1	T-ALL			n		LYL1,ENSG00000104903.4,P12980,4066,bHLHa18
390	LYN	LYN proto-oncogene, Src family tyrosine kinase	COSG98294	ENSG00000254087.7	ENSG00000254087	8	55879813	56014168	chr8:55879813-56014168	8q12.1	y	n	L		oncogene, fusion	Mis, T	ETV6, GATAD2A, NCOR1	2	DLBCL, B-ALL, MPN			n		LYN,ENSG00000254087.7,P07948,4067,JTK8
391	LZTR1	leucine zipper like transcription regulator 1	COSG108978	ENSG00000099949.19	ENSG00000099949	22	20982013	20999038	chr22:20982013-20999038	22q11.21	y	y	E	Dom	TSG	Mis, F, N		1	glioblastoma	glioblastoma, schwannoma	Schwannomatosis-2	y	Noonan syndrome 10	LZTR1,ENSG00000099949.19,Q8N653,8216,BTBD29,LZTR-1
392	MACC1	MET transcriptional regulator MACC1	COSG59645	ENSG00000183742.12	ENSG00000183742	7	20134655	20217404	chr7:20134655-20217404	7p21.1	y	n	E		oncogene	Mis		2	liver, CRC			n		MACC1,ENSG00000183742.12,Q6ZN28,346389,7A5,SH3BP4L
393	MAF	MAF bZIP transcription factor	COSG112125	ENSG00000178573.6	ENSG00000178573	16	79585843	79600714	chr16:79585843-79600714	16q23.2	y	n	L	Dom	oncogene, fusion	T	IGH	1	MM			n		MAF,ENSG00000178573.6,O75444,4094,c-MAF
394	MAFB	MAF bZIP transcription factor B	COSG61544	ENSG00000204103.3	ENSG00000204103	20	40685848	40689240	chr20:40685848-40689240	20q12	y	n	L	Dom	oncogene, fusion	T	IGH	1	MM			n		MAFB,ENSG00000204103.3,Q9Y5Q3,9935
395	MALAT1	metastasis associated lung adenocarcinoma transcript 1	COSG99097	ENSG00000251562.8	ENSG00000251562	11	65497688	65506516	chr11:65497688-65506516	11q13.1	y	n	E	Dom	oncogene, TSG, fusion	T	TFEB	2	renal cell carcinoma (childhood epithelioid), lung			n		MALAT1,ENSG00000251562.8,,HCN,LINC00047,MALAT-1,NCRNA00047,NEAT2,PRO1073,mascRNA
396	MALT1	MALT1 paracaspase	COSG103261	ENSG00000172175.12	ENSG00000172175	18	58671386	58754477	chr18:58671386-58754477	18q21.32	y	n	L	Dom	oncogene, fusion	T	BIRC3	1	MALT			n		MALT1,ENSG00000172175.12,Q9UDY8,10892,PCASP1
397	MAML2	mastermind like transcriptional coactivator 2	COSG108970	ENSG00000184384.13	ENSG00000184384	11	95976598	96343180	chr11:95976598-96343180	11q21	y	n	E	Dom	oncogene, fusion	T	CRTC3, CRTC1	1	salivary gland mucoepidermoid			n		MAML2,ENSG00000184384.13,Q8IZL2,84441,KIAA1819,MAM3
398	MAP2K1	mitogen-activated protein kinase kinase 1	COSG59287	ENSG00000169032.9	ENSG00000169032	15	66386817	66492312	chr15:66386817-66492312	15q22.31	y	n	E	Dom	oncogene	Mis		1	NSCLC, melanoma, colorectal			y	Cardiofaciocutaneous syndrome	MAP2K1,ENSG00000169032.9,Q02750,5604,MAPKK1,MEK1
399	MAP2K2	mitogen-activated protein kinase kinase 2	COSG59865	ENSG00000126934.13	ENSG00000126934	19	4090321	4124129	chr19:4090321-4124129	19p13.3	y	n	E	Dom	oncogene	Mis		1	NSCLC, melanoma			y	Cardiofaciocutaneous syndrome	MAP2K2,ENSG00000126934.13,P36507,5605,MEK2
400	MAP2K4	mitogen-activated protein kinase kinase 4	COSG96219	ENSG00000065559.14	ENSG00000065559	17	12020824	12143830	chr17:12020824-12143830	17p12	y	n	E	Rec	oncogene, TSG	D, Mis, N		1	pancreatic, breast, colorectal			n		MAP2K4,ENSG00000065559.14,P45985,6416,JNKK1,MEK4,MKK4,PRKMK4
401	MAP3K1	mitogen-activated protein kinase kinase kinase 1	COSG73783	ENSG00000095015.5	ENSG00000095015	5	56815574	56896152	chr5:56815574-56896152	5q11.2	y	n	E	Rec	oncogene, TSG	N, F, Mis, O, S		1	luminal A breast			y	46,XY sex reversal 6	MAP3K1,ENSG00000095015.5,Q13233,4214,MAPKKK1,MEKK
402	MAP3K13	mitogen-activated protein kinase kinase kinase 13	COSG59626	ENSG00000073803.13	ENSG00000073803	3	185282941	185489097	chr3:185282941-185489097	3q27.2	y	n	E	Rec	oncogene, TSG	F		1	breast			n		MAP3K13,ENSG00000073803.13,O43283,9175,LZK,MEKK13
403	MAPK1	mitogen-activated protein kinase 1	COSG103824	ENSG00000100030.14	ENSG00000100030	22	21754500	21867680	chr22:21754500-21867680	22q11.22	y	n	E, L	Dom	oncogene	Mis		1	CLL, ovarian mixed germ cell tumour, cervical carcinoma			n		MAPK1,ENSG00000100030.14,P28482,5594,ERK,ERK2,MAPK2,p41mapk
404	MAX	MYC associated factor X	COSG102148	ENSG00000125952.18	ENSG00000125952	14	65006174	65102695	chr14:65006174-65102695	14q23.3	y	y	E, O	Rec	TSG	Mis, N, F		1	pheochromocytoma, endometrioid carcinoma, colon carcinoma	pheochromocytoma		n		MAX,ENSG00000125952.18,P61244,4149,bHLHd4,bHLHd5,bHLHd6,bHLHd7,bHLHd8
405	MB21D2	Mab-21 domain containing 2	COSG110450	ENSG00000180611.6	ENSG00000180611	3	192796815	192918161	chr3:192796815-192918161	3q29	y	n	E			Mis		2	lung cancer			n		MB21D2,ENSG00000180611.6,Q8IYB1,151963
406	MDM2	MDM2 proto-oncogene	COSG71043	ENSG00000135679.23	ENSG00000135679	12	68808176	68850686	chr12:68808176-68850686	12q15	y	n	M, O, E, L	Dom	oncogene	A		1	sarcoma, glioma, colorectal, other tumour types			n		MDM2,ENSG00000135679.23,Q00987,4193,HDM2,MGC5370
407	MDM4	MDM4, p53 regulator	COSG62931	ENSG00000198625.12	ENSG00000198625	1	204516379	204558120	chr1:204516379-204558120	1q32.1	y	n	M	Dom	oncogene	A		1	glioblastoma, bladder, retinoblastoma			n		MDM4,ENSG00000198625.12,O15151,4194,HDMX,MDMX
408	MDS2	myelodysplastic syndrome 2 translocation associated	COSG80166	ENSG00000197880.8	ENSG00000197880	1	23581495	23640568	chr1:23581495-23640568	1p36.12	y	n	L	Dom	fusion	T	ETV6	2	MDS			n		MDS2,ENSG00000197880.8,
409	MECOM	MDS1 and EVI1 complex locus	COSG112625	ENSG00000085276.17	ENSG00000085276	3	169083499	169663618	chr3:169083499-169663618	3q26.2	y	n	L	Dom	oncogene, fusion	T	RUNX1, ETV6, PRDM16, RPN1	1	AML, CML, MDS			n		MECOM,ENSG00000085276.17,Q03112,2122,KMT8E,MDS1-EVI1,PRDM3
410	MED12	mediator complex subunit 12	COSG113013	ENSG00000184634.15	ENSG00000184634	X	71118556	71142454	chrX:71118556-71142454	Xq13.1	y	n	M, E	Dom	TSG	Mis, S, O		1	uterine leiomyoma, fibroadenoma, phyllodes tumour			y	Opitz-Kaveggia Syndrome	MED12,ENSG00000184634.15,Q93074,9968,CAGH45,HOPA,KIAA0192,OKS,OPA1,TRAP230
411	MEN1	menin 1	COSG70965	ENSG00000133895.14	ENSG00000133895	11	64803510	64811294	chr11:64803510-64811294	11q13.1	y	y	E	Rec	TSG	D, Mis, N, F, S		1	parathyroid tumours, pancreatic neuroendocrine tumour	parathyroid adenoma, pituitary adenoma, pancreatic islet cell, carcinoid	multiple endocrine neoplasia type 1	n		MEN1,ENSG00000133895.14,O00255,4221
412	MET	MET proto-oncogene, receptor tyrosine kinase	COSG91620	ENSG00000105976.14	ENSG00000105976	7	116672390	116798386	chr7:116672390-116798386	7q31.2	y	n	E	Dom	oncogene	Mis		1	papillary renal, head-neck squamous cell	papillary renal	familial papillary renal cancer	n		MET,ENSG00000105976.14,P08581,4233,DFNB97,HGFR,RCCP2
413	MGMT	O-6-methylguanine-DNA methyltransferase	COSG64570	ENSG00000170430.9	ENSG00000170430	10	129467184	129768007	chr10:129467184-129768007	10q26.3	y	n	O		TSG	D		2	glioma			n		MGMT,ENSG00000170430.9,P16455,4255
414	MITF	melanocyte inducing transcription factor	COSG60330	ENSG00000187098.15	ENSG00000187098	3	69739435	69968337	chr3:69739435-69968337	3p13	y	n	E	Dom	oncogene	A		1	melanoma			y	Waardenburg syndrome type 2, Tietz syndrome	MITF,ENSG00000187098.15,O75030,4286,MI,bHLHe32
415	MLF1	myeloid leukemia factor 1	COSG93816	ENSG00000178053.17	ENSG00000178053	3	158571163	158607252	chr3:158571163-158607252	3q25.32	y	n	L	Dom	TSG, fusion	T	NPM1	1	AML			n		MLF1,ENSG00000178053.17,P58340,4291
416	MLH1	mutL homolog 1	COSG61713	ENSG00000076242.14	ENSG00000076242	3	36993332	37050918	chr3:36993332-37050918	3p22.2	y	y	E, O	Rec	TSG	D, Mis, N, F, S		1	colorectal, endometrial, ovarian, CNS tumours	colorectal, endometrial, ovarian, CNS	hereditary non-polyposis colorectal cancer, Turcot syndrome	n		MLH1,ENSG00000076242.14,P40692,4292,FCC2,HNPCC,HNPCC2
417	MLLT1	MLLT1, super elongation complex subunit	COSG68573	ENSG00000130382.8	ENSG00000130382	19	6210379	6279948	chr19:6210379-6279948	19p13.3	y	n	L	Dom	fusion	T	KMT2A	1	AL			n		MLLT1,ENSG00000130382.8,Q03111,4298,ENL,LTG19,YEATS1
418	MLLT10	MLLT10, histone lysine methyltransferase DOT1L cofactor	COSG111142	ENSG00000078403.16	ENSG00000078403	10	21524675	21743630	chr10:21524675-21743630	10p12.31	y	n	L	Dom	oncogene, fusion	T	KMT2A, PICALM, CDK6	1	AL			n		MLLT10,ENSG00000078403.16,P55197,8028,AF10
419	MLLT11	MLLT11, transcription factor 7 cofactor	COSG113048	ENSG00000213190.3	ENSG00000213190	1	151057758	151068497	chr1:151057758-151068497	1q21.3	y	n	L	Dom	fusion	T	KMT2A	1	ALL			n		MLLT11,ENSG00000213190.3,Q13015,10962,AF1Q
420	MLLT3	MLLT3, super elongation complex subunit	COSG76560	ENSG00000171843.15	ENSG00000171843	9	20341665	20622543	chr9:20341665-20622543	9p21.3	y	n	L	Dom	fusion	T	KMT2A	1	ALL			n		MLLT3,ENSG00000171843.15,P42568,4300,AF-9,AF9,YEATS3
421	MLLT6	MLLT6, PHD finger containing	COSG94026	ENSG00000275023.4	ENSG00000275023	17	38705542	38729803	chr17:38705542-38729803	17q12	y	n	L	Dom	fusion	T	KMT2A	1	AL			n		MLLT6,ENSG00000275023.4,P55198,4302,AF17,FLJ23480
422	MN1	MN1 proto-oncogene, transcriptional regulator	COSG93089	ENSG00000169184.5	ENSG00000169184	22	27748277	27801498	chr22:27748277-27801498	22q12.1	y	n	L	Dom	oncogene, fusion	T	ETV6	1	AML, MDS			n		MN1,ENSG00000169184.5,Q10571,4330,MGCR1,MGCR1-PEN
423	MNX1	motor neuron and pancreas homeobox 1	COSG97814	ENSG00000130675.14	ENSG00000130675	7	156994051	157010651	chr7:156994051-157010651	7q36.3	y	n	L	Dom	fusion	T	ETV6	2	AML			y	Currarino syndrome	MNX1,ENSG00000130675.14,P50219,3110,HB9,HOXHB9,SCRA1
424	MPL	MPL proto-oncogene, thrombopoietin receptor	COSG91606	ENSG00000117400.17	ENSG00000117400	1	43337849	43352772	chr1:43337849-43352772	1p34.2	y	y	L	Dom	oncogene	Mis		1	MPN	MPN	familial essential thrombocythemia	y	Congenital amegakaryocytic thrombocytopenia	MPL,ENSG00000117400.17,P40238,4352,CD110,TPOR
425	MRTFA	myocardin related transcription factor A	COSG105252	ENSG00000196588.15	ENSG00000196588	22	40410281	40636702	chr22:40410281-40636702	22q13.2	y	n	L	Dom	oncogene, TSG, fusion	T	RBM15	1	acute megakaryocytic leukaemia			n		MRTFA,ENSG00000196588.15,57591,BSAC,KIAA1438,MAL,MKL,MRTF-A
426	MSH2	mutS homolog 2	COSG105361	ENSG00000095002.14	ENSG00000095002	2	47402969	47663146	chr2:47402969-47663146	2p21	y	y	E	Rec	TSG	D, Mis, N, F, S		1	colorectal, endometrial, ovarian	colorectal, endometrial, ovarian	hereditary non-polyposis colorectal cancer	n		MSH2,ENSG00000095002.14,P43246,4436,HNPCC,HNPCC1
427	MSH6	mutS homolog 6	COSG85949	ENSG00000116062.14	ENSG00000116062	2	47695530	47810101	chr2:47695530-47810101	2p16.3	y	y	E	Rec	TSG	Mis, N, F, S		1	colorectal	colorectal, endometrial, ovarian	hereditary non-polyposis colorectal cancer	n		MSH6,ENSG00000116062.14,P52701,2956
428	MSI2	musashi RNA binding protein 2	COSG62555	ENSG00000153944.10	ENSG00000153944	17	57255851	57684685	chr17:57255851-57684685	17q22	y	n	L	Dom	oncogene, fusion	T	HOXA9	1	CML			n		MSI2,ENSG00000153944.10,Q96DH6,124540
429	MSN	moesin	COSG88623	ENSG00000147065.16	ENSG00000147065	X	65588377	65741931	chrX:65588377-65741931	Xq12	y	n	L	Dom	fusion	T	ALK	1	ALCL			n		MSN,ENSG00000147065.16,P26038,4478
430	MTCP1	mature T cell proliferation 1	COSG88748	ENSG00000214827.9	ENSG00000214827	X	155061622	155147937	chrX:155061622-155147937	Xq28	y	n	L	Dom	oncogene, fusion	T	TRA	1	T cell prolymphocytic leukaemia			n		MTCP1,ENSG00000214827.9,P56278,4515,P13MTCP1,p8MTCP1
431	MTOR	mechanistic target of rapamycin kinase	COSG77957	ENSG00000198793.12	ENSG00000198793	1	11106535	11262507	chr1:11106535-11262507	1p36.22	y	n	E	Dom	oncogene	Mis, N		1	endometrial carcinoma, head and neck, clear cell renal cell carcinoma, anaplastic thyroid cancer, urothelial cell carcinoma, central nervous system tumours, testicular germ cell tumours and other tumour types			y	Smith-Kingsmore syndrome, brain overgrowth phenotypes such as focal cortical dysplasia and megalencephaly,	MTOR,ENSG00000198793.12,P42345,2475,FLJ44809,RAFT1,RAPT1
432	MUC1	mucin 1, cell surface associated	COSG69593	ENSG00000185499.16	ENSG00000185499	1	155185824	155192916	chr1:155185824-155192916	1q22	y	n	L	Dom	fusion	T	IGH	1	B-NHL			n		MUC1,ENSG00000185499.16,4582,ADMCKD,ADMCKD1,CD227,MCD,MCKD,PEM
433	MUC16	mucin 16, cell surface associated	COSG72822	ENSG00000181143.15	ENSG00000181143	19	8848844	8981342	chr19:8848844-8981342	19p13.2	y	n	E		oncogene	Mis		2	HNSCC, melanoma			n		MUC16,ENSG00000181143.15,Q8WXI7,94025,CA125,FLJ14303
434	MUC4	mucin 4, cell surface associated	COSG97438	ENSG00000145113.21	ENSG00000145113	3	195746765	195812277	chr3:195746765-195812277	3q29	y	n	E		oncogene	Mis, O		2	HNSCC			n		MUC4,ENSG00000145113.21,4585
435	MUC6	mucin 6, oligomeric mucus/gel-forming	COSG58094	ENSG00000184956.15	ENSG00000184956	11	1012821	1036706	chr11:1012821-1036706	11p15.5	y	n	E			F, M, O		2	gastric cancer			n		MUC6,ENSG00000184956.15,Q6W4X9,4588
436	MUTYH	mutY DNA glycosylase	COSG107077	ENSG00000132781.17	ENSG00000132781	1	45329163	45340470	chr1:45329163-45340470	1p34.1	y	y	E, O	Rec	TSG	Mis, N, F, S, D		1	pancreatic neuroendocrine tumour	colorectal carcinoma, pancreatic neuroendocrine tumour	familial adenomatous polyposis-2	n		MUTYH,ENSG00000132781.17,Q9UIF7,4595,MYH
437	MYB	MYB proto-oncogene, transcription factor	COSG76382	ENSG00000118513.18	ENSG00000118513	6	135181315	135219173	chr6:135181315-135219173	6q23.3	y	n	E	Dom	oncogene, fusion	T	NFIB	1	adenoid cystic carcinoma			n		MYB,ENSG00000118513.18,P10242,4602,c-myb
438	MYC	MYC proto-oncogene, bHLH transcription factor	COSG111896	ENSG00000136997.17	ENSG00000136997	8	127735434	127741434	chr8:127735434-127741434	8q24.21	y	n	L, E	Dom	oncogene, fusion	A, T	IGK, BCL5, BCL7A , BTG1, TRA, IGH	1	B-CLL, breast cancer, Burkitt lymphoma, gastric cancer, ovarian cancer			n		MYC,ENSG00000136997.17,4609,MYCC,bHLHe39,c-Myc
439	MYCL	MYCL proto-oncogene, bHLH transcription factor	COSG62582	ENSG00000116990.10	ENSG00000116990	1	39895426	39902256	chr1:39895426-39902256	1p34.2	y	n	E	Dom	oncogene	A		1	small cell lung carcinoma			n		MYCL,ENSG00000116990.10,P12524,4610,LMYC,bHLHe38
440	MYCN	MYCN proto-oncogene, bHLH transcription factor	COSG83025	ENSG00000134323.11	ENSG00000134323	2	15940564	15947007	chr2:15940564-15947007	2p24.3	y	n	O	Dom	oncogene	A, Mis		1	neuroblastoma, Wilms tumour			y	Feingold syndrome 1	MYCN,ENSG00000134323.11,P04198,4613,MYCNOT,N-myc,bHLHe37
441	MYD88	MYD88, innate immune signal transduction adaptor	COSG74574	ENSG00000172936.12	ENSG00000172936	3	38138478	38143022	chr3:38138478-38143022	3p22.2	y	n	L	Dom	oncogene	Mis		1	ABC-DLBCL			n		MYD88,ENSG00000172936.12,4615
442	MYH11	myosin heavy chain 11	COSG71408	ENSG00000133392.17	ENSG00000133392	16	15703172	15857033	chr16:15703172-15857033	16p13.11	y	n	L	Dom	fusion	T	CBFB	1	AML			n		MYH11,ENSG00000133392.17,P35749,4629,SMHC,SMMHC
443	MYH9	myosin heavy chain 9	COSG99603	ENSG00000100345.21	ENSG00000100345	22	36281277	36388067	chr22:36281277-36388067	22q12.3	y	n	L	Dom	TSG, fusion	T	ALK	1	ALCL			y	Deafness, autosomal dominant 17, Epstein syndrome, Fechtner syndrome, May-Hegglin anomaly, Sebastian syndrome	MYH9,ENSG00000100345.21,P35579,4627,EPSTS,FTNS,MHA,NMHC-II-A,NMMHCA
444	MYO5A	myosin VA	COSG82675	ENSG00000197535.14	ENSG00000197535	15	52307283	52529050	chr15:52307283-52529050	15q21.2	y	n	E	Dom	fusion	T	ROS1	1	Spitzoid tumour			y	Griscelli syndrome	MYO5A,ENSG00000197535.14,Q9Y4I1,4644,GS1,MYO5,MYR12
445	MYOD1	myogenic differentiation 1	COSG76774	ENSG00000129152.3	ENSG00000129152	11	17719568	17722131	chr11:17719568-17722131	11p15.1	y	n	M	Dom	oncogene	Mis		1	embryonal rhabdomyosarcoma			n		MYOD1,ENSG00000129152.3,P15172,4654,MYOD,PUM,bHLHc1
446	N4BP2	NEDD4 binding protein 2	COSG74686	ENSG00000078177.13	ENSG00000078177	4	40056826	40158252	chr4:40056826-40158252	4p14	y	n	E		TSG	D		2	lung cancer			n		N4BP2,ENSG00000078177.13,Q86UW6,55728,B3BP
447	NAB2	NGFI-A binding protein 2	COSG115963	ENSG00000166886.12	ENSG00000166886	12	57088894	57095476	chr12:57088894-57095476	12q13.3	y	n	M, O	Dom	TSG, fusion	T	STAT6	1	solitary fibrous tumour, meningeal haemangiopericytoma			n		NAB2,ENSG00000166886.12,Q15742,4665,MADER
448	NACA	nascent polypeptide associated complex subunit alpha	COSG63264	ENSG00000196531.10	ENSG00000196531	12	56712428	56731628	chr12:56712428-56731628	12q13.3	y	n	L	Dom	fusion	T	BCL6	2	NHL			n		NACA,ENSG00000196531.10,E9PAV3,4666,NACA1
449	NBEA	neurobeachin	COSG78133	ENSG00000172915.18	ENSG00000172915	13	34942287	35673022	chr13:34942287-35673022	13q13.3	y	n	E, L			F, T	PVT1	2	large intestine carcinoma, multiple myeloma			n		NBEA,ENSG00000172915.18,Q8NFP9,26960,BCL8B,FLJ10197,KIAA1544,LYST2
450	NBN	nibrin	COSG81202	ENSG00000104320.13	ENSG00000104320	8	89933336	90003228	chr8:89933336-90003228	8q21.3	n	y	L, E, M, O	Rec	TSG	Mis, N, F		1		NHL, glioma, medulloblastoma, rhabdomyosarcoma	Nijmegen breakage syndrome	n		NBN,ENSG00000104320.13,O60934,4683,AT-V1,AT-V2,ATV
451	NCKIPSD	NCK interacting protein with SH3 domain	COSG97371	ENSG00000213672.7	ENSG00000213672	3	48673844	48686364	chr3:48673844-48686364	3p21.31	y	n	L	Dom	fusion	T	KMT2A	2	ALL			n		NCKIPSD,ENSG00000213672.7,Q9NZQ3,51517,AF3P21,DIP1,ORF1,SPIN90,WASLBP,WISH
452	NCOA1	nuclear receptor coactivator 1	COSG74320	ENSG00000084676.15	ENSG00000084676	2	24491914	24770702	chr2:24491914-24770702	2p23.3	y	n	M	Dom	fusion	T	PAX3	1	alveolar rhabdomyosarcoma			n		NCOA1,ENSG00000084676.15,Q15788,8648,F-SRC-1,KAT13A,NCoA-1,RIP160,SRC1,bHLHe74
453	NCOA2	nuclear receptor coactivator 2	COSG79853	ENSG00000140396.12	ENSG00000140396	8	70109762	70403805	chr8:70109762-70403805	8q13.3	y	n	L, M	Dom	oncogene, fusion	T	KAT6A, HEY1	1	AML, chondrosarcoma, rhabdomyosarcoma			n		NCOA2,ENSG00000140396.12,Q15596,10499,GRIP1,KAT13C,NCoA-2,TIF2,bHLHe75
454	NCOA4	nuclear receptor coactivator 4	COSG112601	ENSG00000266412.5	ENSG00000266412	10	46005088	46030714	chr10:46005088-46030714	10q11.22	y	n	E	Dom	TSG, fusion	T	RET	1	papillary thyroid			n		NCOA4,ENSG00000266412.5,Q13772,8031,ARA70,DKFZp762E1112,ELE1,PTC3,RFG
455	NCOR1	nuclear receptor corepressor 1	COSG82654	ENSG00000141027.20	ENSG00000141027	17	16029157	16218185	chr17:16029157-16218185	17p12	y	n	E	Rec	TSG	Mis, F, N, O		1	breast			y	Ulnar-mammary syndrome	NCOR1,ENSG00000141027.20,O75376,9611,KIAA1047,MGC104216,N-CoR,PPP1R109,TRAC1,hCIT529I10,hN-CoR
456	NCOR2	nuclear receptor corepressor 2	COSG59133	ENSG00000196498.13	ENSG00000196498	12	124324415	124567589	chr12:124324415-124567589	12q24.31	y	n	E	Dom	TSG	Mis, F, N, O		1	prostate			n		NCOR2,ENSG00000196498.13,9612,CTG26,SMRT,SMRTE,TNRC14,TRAC-1
457	NDRG1	N-myc downstream regulated 1	COSG109165	ENSG00000104419.14	ENSG00000104419	8	133237171	133302022	chr8:133237171-133302022	8q24.22	y	n	E	Dom	TSG, fusion	T	ERG	1	prostate			n		NDRG1,ENSG00000104419.14,Q92597,10397,DRG1,NDR1,RTP,TDD5
458	NF1	neurofibromin 1	COSG113820	ENSG00000196712.17	ENSG00000196712	17	31094927	31382116	chr17:31094927-31382116	17q11.2	y	y	O	Rec	TSG, fusion	D, Mis, N, F, S, O, T		1	neurofibroma, glioma	neurofibroma, glioma	neurofibromatosis type 1	n		NF1,ENSG00000196712.17,P21359,4763
459	NF2	neurofibromin 2	COSG66613	ENSG00000186575.17	ENSG00000186575	22	29603556	29698598	chr22:29603556-29698598	22q12.2	y	y	O	Rec	TSG	D, Mis, N, F, S, O		1	meningioma, acoustic neuroma, renal	meningioma, acoustic neuroma	neurofibromatosis type 2	n		NF2,ENSG00000186575.17,P35240,4771,ACN,BANF,SCH,merlin
460	NFATC2	nuclear factor of activated T cells 2	COSG102348	ENSG00000101096.19	ENSG00000101096	20	51386957	51562831	chr20:51386957-51562831	20q13.2	y	n	M	Dom	oncogene, fusion	T	EWSR1	1	Ewing sarcoma			n		NFATC2,ENSG00000101096.19,Q13469,4773,NF-ATP,NFAT1,NFATp
461	NFE2L2	nuclear factor, erythroid 2 like 2	COSG108145	ENSG00000116044.15	ENSG00000116044	2	177227595	177392697	chr2:177227595-177392697	2q31.2	y	n	E	Dom	oncogene, TSG	Mis		1	NSCLC, HNSCC			n		NFE2L2,ENSG00000116044.15,Q16236,4780,NRF2
462	NFIB	nuclear factor I B	COSG89976	ENSG00000147862.16	ENSG00000147862	9	14081843	14398983	chr9:14081843-14398983	9p23	y	n	E	Dom	fusion	T	MYB, HGMA2	1	adenoid cystic carcinoma, lipoma			n		NFIB,ENSG00000147862.16,O00712,4781,NFI-RED,NFIB2,NFIB3
463	NFKB2	nuclear factor kappa B subunit 2	COSG64880	ENSG00000077150.18	ENSG00000077150	10	102394110	102402529	chr10:102394110-102402529	10q24.32	y	n	L	Dom	oncogene, TSG, fusion	T	IGH	1	B-NHL			n		NFKB2,ENSG00000077150.18,Q00653,4791,LYT-10,NF-kB2,p105,p49/p100,p52
464	NFKBIE	NFKB inhibitor epsilon	COSG91546	ENSG00000146232.16	ENSG00000146232	6	44258166	44265788	chr6:44258166-44265788	6p21.1	y	n	L, E	Dom/Rec	TSG	F, Mis		1	CLL, desmoplastic melanoma			n		NFKBIE,ENSG00000146232.16,O00221,4794,IKBE
465	NIN	ninein	COSG85374	ENSG00000100503.23	ENSG00000100503	14	50719763	50831121	chr14:50719763-50831121	14q22.1	y	n	L	Dom	fusion	T	PDGFRB	1	MPN			n		NIN,ENSG00000100503.23,Q8N4C6,51199
466	NKX2-1	NK2 homeobox 1	COSG92746	ENSG00000136352.17	ENSG00000136352	14	36516392	36521149	chr14:36516392-36521149	14q13.3	y	n	E	Dom	oncogene, TSG	A, F, N, T		1	lung adenocarcinoma, lung adenocarcinoma (mucinous), T-ALL			n		NKX2-1,ENSG00000136352.17,P43699,7080,TTF-1,TTF1
467	NONO	non-POU domain containing octamer binding	COSG106782	ENSG00000147140.15	ENSG00000147140	X	71283192	71301168	chrX:71283192-71301168	Xq13.1	y	n	E	Dom	fusion	T	TFE3	1	papillary renal			n		NONO,ENSG00000147140.15,Q15233,4841,NMT55,NRB54,P54,P54NRB,PPP1R114
468	NOTCH1	notch 1	COSG79338	ENSG00000148400.10	ENSG00000148400	9	136494433	136545786	chr9:136494433-136545786	9q34.3	y	n	L, E	Dom/Rec	oncogene, TSG, fusion	T, Mis, O	TRB, SEC16A, GABBR2	1	T-ALL, breast, bladder, skin SCC, lung SCC, head and neck SCC			n		NOTCH1,ENSG00000148400.10,P46531,4851
469	NOTCH2	notch 2	COSG91716	ENSG00000134250.19	ENSG00000134250	1	119911553	120069626	chr1:119911553-120069626	1p12	y	n	L, E	Dom/Rec	oncogene, TSG	N, F, Mis		1	marginal zone lymphoma, DLBCL, bladder			y	Hajdu-Cheney syndrome, serpentine fibula-polycystic kidney syndrome	NOTCH2,ENSG00000134250.19,Q04721,4853
470	NPM1	nucleophosmin 1	COSG103724	ENSG00000181163.13	ENSG00000181163	5	171387116	171411137	chr5:171387116-171411137	5q35.1	y	n	L	Dom	oncogene, fusion	T, F	ALK, RARA, MLF1	1	NHL, APL, AML			n		NPM1,ENSG00000181163.13,P06748,4869,B23,NPM
471	NR2F2	nuclear receptor subfamily 2 group F member 2	COSG60087	ENSG00000185551.14	ENSG00000185551	15	96325938	96340263	chr15:96325938-96340263	15q26.2	y	n	E, M			A, Mis, O		2	endometrioid carcinoma, soft-tissue sarcoma			n		NR2F2,ENSG00000185551.14,P24468,7026,COUP-TFII,COUPTF2,COUPTFB,NF-E3,SVP40
472	NR4A3	nuclear receptor subfamily 4 group A member 3	COSG89778	ENSG00000119508.17	ENSG00000119508	9	99821855	99866891	chr9:99821855-99866891	9q31.1	y	n	M	Dom	oncogene, fusion	T	EWSR1, TAF15, TCF12, TFG	1	extraskeletal myxoid chondrosarcoma			n		NR4A3,ENSG00000119508.17,Q92570,8013,CHN,CSMF,MINOR,NOR1
473	NRAS	NRAS proto-oncogene, GTPase	COSG95814	ENSG00000213281.4	ENSG00000213281	1	114704469	114716894	chr1:114704469-114716894	1p13.2	y	n	L, E	Dom	oncogene	Mis		1	melanoma, MM, AML, thyroid			n		NRAS,ENSG00000213281.4,P01111,4893,N-ras
474	NRG1	neuregulin 1	COSG74798	ENSG00000157168.18	ENSG00000157168	8	31639386	32767959	chr8:31639386-32767959	8p12	y	n	E	Dom	TSG, fusion	T	CD74	1	NSCLC			n		NRG1,ENSG00000157168.18,Q02297,3084,GGF,HRG,NDF
475	NSD1	nuclear receptor binding SET domain protein 1	COSG113851	ENSG00000165671.20	ENSG00000165671	5	177133025	177300215	chr5:177133025-177300215	5q35.3	y	n	L	Dom	fusion	T	NUP98	1	AML			y	Sotos Syndrome	NSD1,ENSG00000165671.20,Q96L73,64324,ARA267,FLJ22263,KMT3B
476	NSD2	nuclear receptor binding SET domain protein 2	COSG91695	ENSG00000109685.17	ENSG00000109685	4	1871424	1982207	chr4:1871424-1982207	4p16.3	y	n	L	Dom	oncogene, fusion	T	IGH	1	MM			n		NSD2,ENSG00000109685.17,O96028,7468,KMT3G,MMSET
477	NSD3	nuclear receptor binding SET domain protein 3	COSG105269	ENSG00000147548.16	ENSG00000147548	8	38269697	38382272	chr8:38269697-38382272	8p11.23	y	n	L	Dom	oncogene, fusion	T, A	NUP98	1	AML			n		NSD3,ENSG00000147548.16,Q9BZ95,54904,FLJ20353,KMT3F,WHISTLE
478	NT5C2	5'-nucleotidase, cytosolic II	COSG109595	ENSG00000076685.18	ENSG00000076685	10	103088017	103193306	chr10:103088017-103193306	10q24.33	y	n	L	Dom	oncogene	Mis		1	relapse ALL			y	Spastic paraplegia-45	NT5C2,ENSG00000076685.18,P49902,22978,GMP,PNT5,SPG65,cN-II
479	NTHL1	nth like DNA glycosylase 1	COSG76849	ENSG00000065057.7	ENSG00000065057	16	2039815	2047866	chr16:2039815-2047866	16p13.3	n	y	E		TSG	N, S		2		CRC	Familial adenomatous polyposis	n		NTHL1,ENSG00000065057.7,P78549,4913,NTH1,OCTS3
480	NTRK1	neurotrophic receptor tyrosine kinase 1	COSG99947	ENSG00000198400.11	ENSG00000198400	1	156815640	156881850	chr1:156815640-156881850	1q23.1	y	n	E	Dom	oncogene, TSG, fusion	T, A	TPM3, TPR, TFG, TP53, LMNA	1	papillary thyroid, Spitzoid tumour			n		NTRK1,ENSG00000198400.11,P04629,4914,MTC,TRK,TRKA
481	NTRK2	neurotrophic receptor tyrosine kinase 2	COSG88009	ENSG00000148053.15	ENSG00000148053	9	84668551	85027070	chr9:84668551-85027070	9q21.33	y	n	E, O		oncogene, fusion	T, Mis	AFAP1, AGBL4, BCR, MUC2, NACC2, PAN3, QK1, SLMAP, SQSTM1, TRIM24, VCL	1	colorectal cancer, ganglioglioma, glioma, HNSCC, lung adenocarcinoma			n		NTRK2,ENSG00000148053.15,Q16620,4915,TRKB
482	NTRK3	neurotrophic receptor tyrosine kinase 3	COSG72654	ENSG00000140538.16	ENSG00000140538	15	87859751	88256768	chr15:87859751-88256768	15q25.3	y	n	E, M	Dom	oncogene, fusion	T	ETV6	1	congenital fibrosarcoma, secretory breast			n		NTRK3,ENSG00000140538.16,Q16288,4916,TRKC
483	NUMA1	nuclear mitotic apparatus protein 1	COSG96943	ENSG00000137497.17	ENSG00000137497	11	72002864	72080693	chr11:72002864-72080693	11q13.4	y	n	L	Dom	fusion	T	RARA	1	APL			n		NUMA1,ENSG00000137497.17,Q14980,4926
484	NUP214	nucleoporin 214	COSG89278	ENSG00000126883.16	ENSG00000126883	9	131125561	131234670	chr9:131125561-131234670	9q34.13	y	n	L	Dom	fusion	T	DEK, SET, ABL1	1	AML, T-ALL			n		NUP214,ENSG00000126883.16,P35658,8021,CAIN,CAN,D9S46E,N214
485	NUP98	nucleoporin 98	COSG101334	ENSG00000110713.15	ENSG00000110713	11	3671083	3797792	chr11:3671083-3797792	11p15.4	y	n	L	Dom	oncogene, fusion	T	HOXA9, NSD1, WHSC1L1, DDX10, TOP1, HOXD13, PRRX1, HOXA13, HOXD11, HOXA11, RAP1GDS1, HOXC11	1	AML			n		NUP98,ENSG00000110713.15,P52948,4928,NUP96
486	NUTM1	NUT midline carcinoma family member 1	COSG103408	ENSG00000184507.15	ENSG00000184507	15	34343315	34357737	chr15:34343315-34357737	15q14	y	n	E	Dom	oncogene, fusion	T	BRD3, BRD4	1	lethal midline carcinoma			n		NUTM1,ENSG00000184507.15,Q86Y26,256646,DKFZp434O192,FAM22H,NUT
487	NUTM2B	NUT family member 2B	COSG100150	ENSG00000188199.10	ENSG00000188199	10	79703227	79714681	chr10:79703227-79714681	10q22.3	y	n	M	Dom	fusion	T	YWHAE	1	endometrial stromal sarcoma			n		NUTM2B,ENSG00000188199.10,A6NNL0,729262,bA119F19.1
488	NUTM2D	NUT family member 2D	COSG61484	ENSG00000214562.14	ENSG00000214562	10	87357668	87370695	chr10:87357668-87370695	10q23.2	y	n	M	Dom	fusion	T	YWHAE	1	endometrial stromal sarcoma			n		NUTM2D,ENSG00000214562.14,Q5VT03,728130
489	OLIG2	oligodendrocyte transcription factor 2	COSG58216	ENSG00000205927.4	ENSG00000205927	21	33025845	33029196	chr21:33025845-33029196	21q22.11	y	n	L	Dom	oncogene, fusion	T	TRA	1	T-ALL			n		OLIG2,ENSG00000205927.4,Q13516,10215,OLIGO2,RACK17,bHLHe19
490	OMD	osteomodulin	COSG113070	ENSG00000127083.7	ENSG00000127083	9	92414245	92424461	chr9:92414245-92424461	9q22.31	y	n	M	Dom	fusion	T	USP6	2	aneurysmal bone cyst			n		OMD,ENSG00000127083.7,Q99983,4958,SLRR2C,osteoadherin
491	P2RY8	P2Y receptor family member 8	COSG63457	ENSG00000182162.10	ENSG00000182162	X	1462572	1537107	chrX:1462572-1537107	Xp22.33	y	n	L	Dom	oncogene, fusion	T	CRLF2	1	B-ALL, Down syndrome associated ALL			n		P2RY8,ENSG00000182162.10,Q86VZ1,286530,P2Y8
492	PABPC1	poly(A) binding protein cytoplasmic 1	COSG65621	ENSG00000070756.15	ENSG00000070756	8	100685816	100722809	chr8:100685816-100722809	8q22.3	y	n	E		oncogene, TSG	Mis, F		2	HNSCC, biliary tract carcinoma			n		PABPC1,ENSG00000070756.15,P11940,26986,PABP1,PABPL1
493	PAFAH1B2	platelet activating factor acetylhydrolase 1b catalytic subunit 2	COSG80684	ENSG00000168092.13	ENSG00000168092	11	117144267	117176894	chr11:117144267-117176894	11q23.3	y	n	L	Dom	fusion	T	IGH	1	MLCLS			n		PAFAH1B2,ENSG00000168092.13,P68402,5049
494	PALB2	partner and localizer of BRCA2	COSG88841	ENSG00000083093.9	ENSG00000083093	16	23603160	23641310	chr16:23603160-23641310	16p12.2	n	y	L, O, E	Rec	TSG	F, N, Mis		1		Wilms tumour, medulloblastoma, AML ,breast	Fanconi anaemia N, breast cancer susceptibility	n		PALB2,ENSG00000083093.9,Q86YC2,79728,FANCN,FLJ21816
495	PATZ1	POZ/BTB and AT hook containing zinc finger 1	COSG93407	ENSG00000100105.17	ENSG00000100105	22	31325804	31346232	chr22:31325804-31346232	22q12.2	y	n	M	Dom	TSG, fusion	T	EWSR1	1	Ewing sarcoma			n		PATZ1,ENSG00000100105.17,Q9HBE1,23598,MAZR,PATZ,RIAZ,ZBTB19,ZSG,dJ400N23
496	PAX3	paired box 3	COSG99941	ENSG00000135903.19	ENSG00000135903	2	222199888	222298996	chr2:222199888-222298996	2q36.1	y	n	M	Dom	oncogene, fusion	T	FOXO1, NCOA1, NCOA2	1	alveolar rhabdomyosarcoma			y	Waardenburg syndrome; craniofacial-deafness-hand syndrome	PAX3,ENSG00000135903.19,P23760,5077,HUP2
497	PAX5	paired box 5	COSG90817	ENSG00000196092.12	ENSG00000196092	9	36833275	37034185	chr9:36833275-37034185	9p13.2	y	n	L	Dom	oncogene, TSG, fusion	T, Mis, D, F, S	IGH, ETV6, PML, FOXP1, ZNF521, ELN	1	NHL, ALL, B-ALL			n		PAX5,ENSG00000196092.12,Q02548,5079,BSAP
498	PAX7	paired box 7	COSG77467	ENSG00000009709.11	ENSG00000009709	1	18631006	18748866	chr1:18631006-18748866	1p36.13	y	n	M	Dom	fusion	T	FOXO1	1	alveolar rhabdomyosarcoma			n		PAX7,ENSG00000009709.11,P23759,5081,Hup1
499	PAX8	paired box 8	COSG64987	ENSG00000125618.16	ENSG00000125618	2	113215997	113278950	chr2:113215997-113278950	2q14.1	y	n	E	Dom	fusion	T	PPARG	1	follicular thyroid			y	Thyroid dysgenesis	PAX8,ENSG00000125618.16,Q06710,7849
500	PBRM1	polybromo 1	COSG76325	ENSG00000163939.18	ENSG00000163939	3	52545352	52685917	chr3:52545352-52685917	3p21.1	y	n	E	Rec	TSG	Mis, N, F, S, D, O		1	clear cell renal carcinoma, breast			n		PBRM1,ENSG00000163939.18,Q86U86,55193,BAF180,PB1
501	PBX1	PBX homeobox 1	COSG64184	ENSG00000185630.18	ENSG00000185630	1	164555584	164899296	chr1:164555584-164899296	1q23.3	y	n	L, M	Dom	oncogene, fusion	T	TCF3, EWSR1	1	pre B-ALL, myoepithelioma			n		PBX1,ENSG00000185630.18,P40424,5087
502	PCBP1	poly(rC) binding protein 1	COSG91935	ENSG00000169564.6	ENSG00000169564	2	70087454	70089203	chr2:70087454-70089203	2p13.3	y	n	E			Mis		2	CRC			n		PCBP1,ENSG00000169564.6,Q15365,5093,HNRPE1,HNRPX,hnRNP-E1,hnRNP-X
503	PCM1	pericentriolar material 1	COSG110669	ENSG00000078674.17	ENSG00000078674	8	17922840	18029944	chr8:17922840-18029944	8p22	y	n	E, L	Dom	fusion	T	RET, JAK2	1	papillary thyroid, CML, MPN			n		PCM1,ENSG00000078674.17,Q15154,5108,PTC4
504	PDCD1LG2	programmed cell death 1 ligand 2	COSG62946	ENSG00000197646.7	ENSG00000197646	9	5510570	5571254	chr9:5510570-5571254	9p24.1	y	n	L	Dom	oncogene, fusion	T	CIITA	1	PMBL, Hodgkin lymphoma			n		PDCD1LG2,ENSG00000197646.7,Q9BQ51,80380,B7-DC,Btdc,CD273,PD-L2,PDL2,bA574F11.2
505	PDE4DIP	phosphodiesterase 4D interacting protein	COSG70412	ENSG00000178104.19	ENSG00000178104	1	148808181	149048286	chr1:148808181-149048286	1q21.2	y	n	L	Dom	fusion	T	PDGFRB	1	MPN			n		PDE4DIP,ENSG00000178104.19,Q5VU43,9659,KIAA0454,KIAA0477,MMGL
506	PDGFB	platelet derived growth factor subunit B	COSG86049	ENSG00000100311.16	ENSG00000100311	22	39223359	39244751	chr22:39223359-39244751	22q13.1	y	n	M	Dom	oncogene, fusion	T	COL1A1	1	DFSP			n		PDGFB,ENSG00000100311.16,P01127,5155,SSV
507	PDGFRA	platelet derived growth factor receptor alpha	COSG95745	ENSG00000134853.11	ENSG00000134853	4	54229097	54298247	chr4:54229097-54298247	4q12	y	y	L, M, O	Dom	oncogene, fusion	Mis, O, T	FIP1L1	1	GIST, idiopathic hypereosinophilic syndrome, paediatric glioblastoma	GIST	familial gastrointestinal stromal tumour	n		PDGFRA,ENSG00000134853.11,P16234,5156,CD140a,GAS9,PDGFR2
508	PDGFRB	platelet derived growth factor receptor beta	COSG64110	ENSG00000113721.13	ENSG00000113721	5	150113837	150155872	chr5:150113837-150155872	5q32	y	n	L	Dom	oncogene, fusion	T	ETV6, TRIP11, HIP1, RABEP1, H4, NIN, SPECC1, PDE4DIP	1	MPN, AML, CMML, CML			n		PDGFRB,ENSG00000113721.13,P09619,5159,CD140b,JTK12,PDGFR1
509	PER1	period circadian regulator 1	COSG77832	ENSG00000179094.15	ENSG00000179094	17	8140472	8156506	chr17:8140472-8156506	17p13.1	y	n	L	Dom	TSG, fusion	T	ETV6	1	AML, CMML			n		PER1,ENSG00000179094.15,O15534,5187,RIGUI
510	PHF6	PHD finger protein 6	COSG104198	ENSG00000156531.16	ENSG00000156531	X	134373253	134428791	chrX:134373253-134428791	Xq26.2	y	n	L	Rec	TSG	F, N, S, Mis		1	ETP ALL			y	Boerjeson-Forssman-Lehmann syndrome	PHF6,ENSG00000156531.16,Q8IWS0,84295,CENP-31,KIAA1823,MGC14797
511	PHOX2B	paired like homeobox 2B	COSG85171	ENSG00000109132.6	ENSG00000109132	4	41744082	41748970	chr4:41744082-41748970	4p13	y	y	O	Rec	TSG	Mis, F		1	neuroblastoma	neuroblastoma	familial neuroblastoma	y	Congenital central hypoventilation syndrome	PHOX2B,ENSG00000109132.6,Q99453,8929,NBPhox,Phox2b
512	PICALM	phosphatidylinositol binding clathrin assembly protein	COSG93214	ENSG00000073921.17	ENSG00000073921	11	85957684	86069882	chr11:85957684-86069882	11q14.2	y	n	L	Dom	fusion	T	MLLT10, KMT2A	1	T-ALL, AML			n		PICALM,ENSG00000073921.17,Q13492,8301,CALM,CLTH
513	PIK3CA	phosphatidylinositol-4,5-bisphosphate 3-kinase catalytic subunit alpha	COSG95525	ENSG00000121879.4	ENSG00000121879	3	179148114	179240093	chr3:179148114-179240093	3q26.32	y	n	E, O	Dom	oncogene	Mis		1	colorectal, gastric, glioblastoma, breast			n		PIK3CA,ENSG00000121879.4,P42336,5290,PI3K
514	PIK3CB	phosphatidylinositol-4,5-bisphosphate 3-kinase catalytic subunit beta	COSG82958	ENSG00000051382.8	ENSG00000051382	3	138652699	138834938	chr3:138652699-138834938	3q22.3	y	n	E		oncogene	Mis		1	SCC, NSCLC			n		PIK3CB,ENSG00000051382.8,P42338,5291
515	PIK3R1	phosphoinositide-3-kinase regulatory subunit 1	COSG108408	ENSG00000145675.14	ENSG00000145675	5	68215720	68301821	chr5:68215720-68301821	5q13.1	y	n	E, O	Rec	TSG	Mis, F, O		1	glioblastoma, ovarian, colorectal			n		PIK3R1,ENSG00000145675.14,P27986,5295,GRB1,p85,p85-ALPHA
516	PIK3R2	phosphoinositide-3-kinase regulatory subunit 2	COSG111839	ENSG00000105647.16	ENSG00000105647	19	18153118	18170540	chr19:18153118-18170540	19p13.11	y	n	E		oncogene	A, Mis, F		2	ovarian carcinoma			y	Megalencephaly-polymicrogyria-polydactyly-hydrocephalus syndrome 1	PIK3R2,ENSG00000105647.16,O00459,5296,P85B,p85
517	PIK3R3	phosphoinositide-3-kinase regulatory subunit 3	COSG112760	ENSG00000117461.14	ENSG00000117461	1	46040140	46133036	chr1:46040140-46133036	1p34.1	y	n	E, O			A, D, F, Mis		2	epithelial ovarian cancer, glioblastoma, pancreatic ductal adenocarcinoma			n		PIK3R3,ENSG00000117461.14,Q92569,8503,p55
518	PIM1	Pim-1 proto-oncogene, serine/threonine kinase	COSG108733	ENSG00000137193.13	ENSG00000137193	6	37170203	37175426	chr6:37170203-37175426	6p21.2	y	n	L	Dom	oncogene, fusion	T, Mis	BCL6	1	NHL			n		PIM1,ENSG00000137193.13,P11309,5292
519	PLAG1	PLAG1 zinc finger	COSG90949	ENSG00000181690.7	ENSG00000181690	8	56160904	56211324	chr8:56160904-56211324	8q12.1	y	n	E	Dom	oncogene, fusion	T	TCEA1, LIFR, CTNNB1, CHCHD7, COL1A2, HAS2	1	salivary adenoma, lipoblastoma			n		PLAG1,ENSG00000181690.7,Q6DJT9,5324,ZNF912
520	PLCG1	phospholipase C gamma 1	COSG115578	ENSG00000124181.14	ENSG00000124181	20	41136960	41196801	chr20:41136960-41196801	20q12	y	n	E	Dom	oncogene, fusion	Mis, T		1	angiosarcoma			n		PLCG1,ENSG00000124181.14,P19174,5335,NCKAP3,PLC-II,PLC148,PLCgamma1
521	PLEC	plectin	COSG69599	ENSG00000178209.14	ENSG00000178209	8	143915147	143976734	chr8:143915147-143976734	8q24.3	y	n	E		fusion	T	ENPP2	2	breast carcinoma			n		PLEC,ENSG00000178209.14,Q15149,5339,PCN,PLTN
522	PML	promyelocytic leukemia	COSG62005	ENSG00000140464.19	ENSG00000140464	15	73994673	74047812	chr15:73994673-74047812	15q24.1	y	n	L	Dom	TSG, fusion	T	RARA, PAX5	1	APL, ALL			n		PML,ENSG00000140464.19,P29590,5371,MYL,RNF71,TRIM19
523	PMS1	PMS1 homolog 1, mismatch repair system component	COSG101002	ENSG00000064933.17	ENSG00000064933	2	189784085	189877629	chr2:189784085-189877629	2q32.2	n	y	E	Rec		Mis, N		2		colorectal, endometrial, ovarian	hereditary non-polyposis colorectal cancer	n		PMS1,ENSG00000064933.17,P54277,5378,MLH2
524	PMS2	PMS1 homolog 2, mismatch repair system component	COSG60293	ENSG00000122512.15	ENSG00000122512	7	5973239	6009125	chr7:5973239-6009125	7p22.1	n	y	E	Rec	TSG	Mis, N, F		1		colorectal, endometrial, medulloblastoma, glioma	Lynch syndrome 4, mismatch repair syndrome 4	n		PMS2,ENSG00000122512.15,P54278,5395,HNPCC4,H_DJ0042M02.9,MLH4
525	POLD1	DNA polymerase delta 1, catalytic subunit	COSG73728	ENSG00000062822.13	ENSG00000062822	19	50384204	50418016	chr19:50384204-50418016	19q13.33	y	y	E		TSG	Mis		1	CRC	CRC	Lynch syndrome	n		POLD1,ENSG00000062822.13,5424,CDC2
526	POLE	DNA polymerase epsilon, catalytic subunit	COSG102542	ENSG00000177084.16	ENSG00000177084	12	132623753	132687365	chr12:132623753-132687365	12q24.33	y	y	E	Rec	TSG	Mis		1	colorectal carcinoma, endometrioid carcinoma, stomach carcinoma, skin cancer	colorectal cancer susceptibility		y	FILS syndrome	POLE,ENSG00000177084.16,Q07864,5426,POLE1
527	POLG	DNA polymerase gamma, catalytic subunit	COSG75256	ENSG00000140521.12	ENSG00000140521	15	89305198	89334861	chr15:89305198-89334861	15q26.1	y	n	E		TSG	N, O		2	CRC			y	mitochondrial DNA depletion syndrome	POLG,ENSG00000140521.12,P54098,5428,POLG1,POLGA
528	POLQ	DNA polymerase theta	COSG60282	ENSG00000051341.13	ENSG00000051341	3	121431427	121546641	chr3:121431427-121546641	3q13.33	y	y	E		oncogene, TSG	Mis		1	oral SCC	breast cancer		n		POLQ,ENSG00000051341.13,O75417,10721,POLH
529	POLR2A	RNA polymerase II subunit A	COSG86798	ENSG00000181222.15	ENSG00000181222	17	7484366	7514616	chr17:7484366-7514616	17p13.1	y	n	O			Mis, O		2	meningioma			n	Neurodevelopmental syndrome with hypotonia	POLR2A,ENSG00000181222.15,P24928,5430,POLRA,RPB1
530	POT1	protection of telomeres 1	COSG80008	ENSG00000128513.14	ENSG00000128513	7	124822386	124929983	chr7:124822386-124929983	7q31.33	y	n	L	Dom	TSG	Mis, N		1	CLL			n		POT1,ENSG00000128513.14,Q9NUX5,25913,DKFZp586D211,hPot1
531	POU2AF1	POU class 2 associating factor 1	COSG103372	ENSG00000110777.11	ENSG00000110777	11	111352252	111455630	chr11:111352252-111455630	11q23.1	y	n	L	Dom	oncogene, fusion	T	BCL6	1	NHL			n		POU2AF1,ENSG00000110777.11,Q16633,5450,BOB1,OBF1
532	POU5F1	POU class 5 homeobox 1	COSG82677	ENSG00000204531.17	ENSG00000204531	6	31164337	31180731	chr6:31164337-31180731	6p21.33	y	n	M	Dom	oncogene, fusion	T	EWSR1	1	sarcoma			n		POU5F1,ENSG00000204531.17,Q01860,5460,MGC22487,OCT3,Oct4
533	PPARG	peroxisome proliferator activated receptor gamma	COSG111010	ENSG00000132170.20	ENSG00000132170	3	12287368	12434356	chr3:12287368-12434356	3p25.2	y	n	E	Dom	TSG, fusion	T	PAX8	1	follicular thyroid			y	Insulin resistance ; lipodystrophy, familial partial L;diabetes mellitus, insulin-resistantI, with acanthosis nigricans and hypertension	PPARG,ENSG00000132170.20,P37231,5468,NR1C3,PPARG1,PPARG2,PPARgamma
534	PPFIBP1	PPFIA binding protein 1	COSG71462	ENSG00000110841.13	ENSG00000110841	12	27523431	27695564	chr12:27523431-27695564	12p11.23	y	n	E, M	Dom	fusion	T	ROS1, ALK	1	Spitzoid tumour, inflammatory myofibroblastic tumour			n		PPFIBP1,ENSG00000110841.13,Q86W92,8496,L2,SGT2,hSGT2,hSgt2p
535	PPM1D	protein phosphatase, Mg2+/Mn2+ dependent 1D	COSG59012	ENSG00000170836.11	ENSG00000170836	17	60600183	60666280	chr17:60600183-60666280	17q23.2	y	n	E	Dom	oncogene	A, Mis, N, F		1	glioma, ovarian cancer, breast cancer			n		PPM1D,ENSG00000170836.11,O15297,8493,PP2C-DELTA,Wip1
536	PPP2R1A	protein phosphatase 2 scaffold subunit Aalpha	COSG92966	ENSG00000105568.17	ENSG00000105568	19	52190039	52229533	chr19:52190039-52229533	19q13.41	y	n	E	Dom	TSG	Mis		1	clear cell ovarian carcinoma			n		PPP2R1A,ENSG00000105568.17,P30153,5518,PP2A-Aalpha,PP2AA,PR65A
537	PPP6C	protein phosphatase 6 catalytic subunit	COSG91311	ENSG00000119414.11	ENSG00000119414	9	125146573	125189939	chr9:125146573-125189939	9q33.3	y	n	E	Dom	TSG	Mis, N		1	melanoma			n		PPP6C,ENSG00000119414.11,O00743,5537,PP6
538	PRCC	proline rich mitotic checkpoint control factor	COSG63162	ENSG00000143294.14	ENSG00000143294	1	156750610	156800817	chr1:156750610-156800817	1q23.1	y	n	E	Dom	fusion	T	TFE3	1	papillary renal			n		PRCC,ENSG00000143294.14,Q92733,5546,RCCP1
539	PRDM1	PR/SET domain 1	COSG106092	ENSG00000057657.15	ENSG00000057657	6	106086320	106109939	chr6:106086320-106109939	6q21	y	n	L	Rec	TSG	D, N, Mis, F, S		1	DLBCL			n		PRDM1,ENSG00000057657.15,O75626,639,PRDI-BF1
540	PRDM16	PR/SET domain 16	COSG80881	ENSG00000142611.16	ENSG00000142611	1	3069168	3438621	chr1:3069168-3438621	1p36.32	y	n	L	Dom	oncogene, fusion	T	MECOM	1	MDS, AML			n		PRDM16,ENSG00000142611.16,Q9HAZ2,63976,KIAA1675,KMT8F,MEL1,MGC166915,PFM13
541	PRDM2	PR/SET domain 2	COSG82063	ENSG00000116731.22	ENSG00000116731	1	13700198	13825079	chr1:13700198-13825079	1p36.21	y	n	E, O		TSG	O, F		2	glioma, colon adenocarcinoma, gastric carcinoma, ovarian carcinoma, HNSCC			n		PRDM2,ENSG00000116731.22,Q13029,7799,HUMHOXY1,KMT8,KMT8A,MTB-ZF,RIZ,RIZ1,RIZ2
542	PREX2	phosphatidylinositol-3,4,5-trisphosphate dependent Rac exchange factor 2	COSG89056	ENSG00000046889.18	ENSG00000046889	8	67952118	68237030	chr8:67952118-68237030	8q13.2	y	n	E	Dom	oncogene	Mis, N		1	melanoma, pancreatic ductal adenocarcinoma			n		PREX2,ENSG00000046889.18,Q70Z35,80243,DEP.2,FLJ12987,P-REX2,PPP1R129
543	PRF1	perforin 1	COSG63548	ENSG00000180644.7	ENSG00000180644	10	70597348	70602775	chr10:70597348-70602775	10q22.1	n	y	L	Rec	TSG	Mis		1		various leukaemia, lymphoma		y	Type 2 familial haemophagocytic lymphohistiocytosis	PRF1,ENSG00000180644.7,P14222,5551,HPLH2,P1,PFP
544	PRKACA	protein kinase cAMP-activated catalytic subunit alpha	COSG77801	ENSG00000072062.13	ENSG00000072062	19	14091688	14118084	chr19:14091688-14118084	19p13.12	y	n	E	Dom	oncogene	T, Mis, N	DNAJB1	1	fibrolamellar hepatocellular carcinoma, cortisol secreting adrenal adenoma			n		PRKACA,ENSG00000072062.13,P17612,5566,PKACa
545	PRKAR1A	protein kinase cAMP-dependent type I regulatory subunit alpha	COSG89125	ENSG00000108946.14	ENSG00000108946	17	68511780	68551319	chr17:68511780-68551319	17q24.2	y	y	E, M	Dom/Rec	oncogene, TSG, fusion	T, Mis, N, F, S	RET	1	papillary thyroid	myxoma, endocrine, papillary thyroid	Carney complex	n		PRKAR1A,ENSG00000108946.14,P10644,5573,CNC1
546	PRKCB	protein kinase C beta	COSG108035	ENSG00000166501.13	ENSG00000166501	16	23835946	24220611	chr16:23835946-24220611	16p12.2	y	n	L			Mis		2	adult T-cell lymphoma-leukaemia			n		PRKCB,ENSG00000166501.13,5579,PKC(beta)
547	PRKD1	protein kinase D1	COSG100846	ENSG00000184304.14	ENSG00000184304	14	29576479	30191898	chr14:29576479-30191898	14q12	y	n	E		fusion	T	PRKAR2A, SNX9	2	cribriform adenocarcinoma of the minor salivary glands, polymorphous adenocarcinoma of the minor salivary glands			n	Autosomal dominant polycystic kidney disease	PRKD1,ENSG00000184304.14,5587,PKC-mu,PKCM,PKD
548	PRPF40B	pre-mRNA processing factor 40 homolog B	COSG58505	ENSG00000110844.13	ENSG00000110844	12	49568218	49644666	chr12:49568218-49644666	12q13.12	y	n	E, L			F, N		2	melanoma, colon carcinoma, MDS			n		PRPF40B,ENSG00000110844.13,25766,HYPC
549	PRRX1	paired related homeobox 1	COSG107040	ENSG00000116132.11	ENSG00000116132	1	170662728	170739419	chr1:170662728-170739419	1q24.2	y	n	L	Dom	fusion	T	NUP98	1	AML			n		PRRX1,ENSG00000116132.11,P54821,5396,PHOX1
550	PSIP1	PC4 and SFRS1 interacting protein 1	COSG99785	ENSG00000164985.14	ENSG00000164985	9	15464066	15511019	chr9:15464066-15511019	9p22.3	y	n	L	Dom	oncogene, fusion	T	NUP98	1	AML			n		PSIP1,ENSG00000164985.14,O75475,11168,DFS70,LEDGF,p52,p75
551	PTCH1	patched 1	COSG110583	ENSG00000185920.15	ENSG00000185920	9	95442980	95517057	chr9:95442980-95517057	9q22.32	y	y	E, M	Rec	TSG	Mis, N, F, S		1	skin basal cell, medulloblastoma	skin basal cell, medulloblastoma	nevoid basal cell carcinoma syndrome	n		PTCH1,ENSG00000185920.15,Q13635,5727,BCNS
552	PTEN	phosphatase and tensin homolog	COSG93969	ENSG00000171862.10	ENSG00000171862	10	87863113	87971930	chr10:87863113-87971930	10q23.31	y	y	L, E, M, O	Dom	TSG	D, Mis, N, F, S		1	glioma, prostate, endometrial	harmartoma, glioma, prostate, endometrial	Cowden syndrome, Bannayan-Riley-Ruvalcaba syndrome	n		PTEN,ENSG00000171862.10,P60484,5728,MMAC1,PTEN1,TEP1
553	PTK6	protein tyrosine kinase 6	COSG110739	ENSG00000101213.6	ENSG00000101213	20	63528001	63537370	chr20:63528001-63537370	20q13.33	y	n	E	Dom	oncogene, TSG	Mis, N		1	renal, gastric, head and neck, ovarian, others			n		PTK6,ENSG00000101213.6,Q13882,5753,BRK
554	PTPN11	protein tyrosine phosphatase, non-receptor type 11	COSG69144	ENSG00000179295.17	ENSG00000179295	12	112418351	112509913	chr12:112418351-112509913	12q24.13	y	n	L	Dom	oncogene	Mis		1	JMML, AML, MDS			y	Noonan Syndrome	PTPN11,ENSG00000179295.17,Q06124,5781,BPTP3,PTP2C,SH-PTP2,SHP-2,SHP2
555	PTPN13	protein tyrosine phosphatase, non-receptor type 13	COSG99040	ENSG00000163629.12	ENSG00000163629	4	86594315	86815171	chr4:86594315-86815171	4q21.3	y	y	E	Rec	TSG	Mis, N		1	lung, NSCLC, gastric, peritoneal carcinomatosis	hepatocellular	Familial Hepatocellular Carcinoma	n		PTPN13,ENSG00000163629.12,Q12923,5783,PTP-BAS,PTP-BL,PTP1E,PTPL1
556	PTPN6	protein tyrosine phosphatase, non-receptor type 6	COSG79566	ENSG00000111679.16	ENSG00000111679	12	6946468	6961316	chr12:6946468-6961316	12p13.31	y	n	L		TSG	Mis		2	DLBCL			n		PTPN6,ENSG00000111679.16,P29350,5777,HCP,HCPH,PTP-1C,SHP-1,SHP1
557	PTPRB	protein tyrosine phosphatase, receptor type B	COSG95132	ENSG00000127329.15	ENSG00000127329	12	70515866	70637440	chr12:70515866-70637440	12q15	y	n	E	Rec	TSG	N, Mis, S, F		1	angiosarcoma			n		PTPRB,ENSG00000127329.15,P23467,5787
558	PTPRC	protein tyrosine phosphatase, receptor type C	COSG68417	ENSG00000081237.19	ENSG00000081237	1	198638457	198757476	chr1:198638457-198757476	1q32.1	y	n	L	Rec	TSG	Mis, N, S		1	T-ALL			n		PTPRC,ENSG00000081237.19,P08575,5788,GP180,LCA,T200
559	PTPRD	protein tyrosine phosphatase, receptor type D	COSG115052	ENSG00000153707.16	ENSG00000153707	9	8314246	10612723	chr9:8314246-10612723	9p24.1	y	n	E, O		TSG	D, N, Mis		2	lung cancer, kidney cancer, HNSCC, glioblastoma			n		PTPRD,ENSG00000153707.16,P23468,5789,HPTP,PTPD
560	PTPRK	protein tyrosine phosphatase, receptor type K	COSG115981	ENSG00000152894.14	ENSG00000152894	6	127968779	128520674	chr6:127968779-128520674	6q22.33	y	n	E	Dom	TSG, fusion	T	RSPO3	1	colorectal			n		PTPRK,ENSG00000152894.14,Q15262,5796,R-PTP-kappa
561	PTPRT	protein tyrosine phosphatase, receptor type T	COSG59352	ENSG00000196090.12	ENSG00000196090	20	42072752	43189970	chr20:42072752-43189970	20q13.11	y	n	E		TSG	Mis, N		1	HNSCC, colorectal cancer, gastric cancer, lung cancer, melanoma			n		PTPRT,ENSG00000196090.12,11122,KIAA0283,RPTPrho
562	PWWP2A	PWWP domain containing 2A	COSG109642	ENSG00000170234.12	ENSG00000170234	5	160061801	160119423	chr5:160061801-160119423	5q33.3	y	n	E	Dom	fusion	T	ROS1	2	Spitzoid tumour			n		PWWP2A,ENSG00000170234.12,Q96N64,114825,KIAA1935
563	QKI	QKI, KH domain containing RNA binding	COSG84239	ENSG00000112531.16	ENSG00000112531	6	163414000	163578596	chr6:163414000-163578596	6q26	y	n	E, O	Dom	oncogene, TSG	Mis, F, T	MYB	1	angiocentric glioma, colorectal cancer			n		QKI,ENSG00000112531.16,Q96PU8,9444,QK3
564	RABEP1	rabaptin, RAB GTPase binding effector protein 1	COSG92649	ENSG00000029725.16	ENSG00000029725	17	5282265	5385812	chr17:5282265-5385812	17p13.2	y	n	L	Dom	fusion	T	PDGFRB	1	CMML			n		RABEP1,ENSG00000029725.16,Q15276,9135,RAB5EP,RABPT5,neurocrescin,rabaptin-5
565	RAC1	Rac family small GTPase 1	COSG96249	ENSG00000136238.17	ENSG00000136238	7	6374523	6403977	chr7:6374523-6403977	7p22.1	y	n	E	Dom	oncogene	Mis, F		1	melanoma, carcinoma			n		RAC1,ENSG00000136238.17,P63000,5879,Rac-1,TC-25,p21-Rac1
566	RAD17	RAD17 checkpoint clamp loader component	COSG91280	ENSG00000152942.18	ENSG00000152942	5	69369293	69414801	chr5:69369293-69414801	5q13.2	y	n	E, L		TSG	D		2	lymphoma, colon cancer			n		RAD17,ENSG00000152942.18,O75943,5884,CCYC,RAD17Sp,Rad24
567	RAD21	RAD21 cohesin complex component	COSG63146	ENSG00000164754.14	ENSG00000164754	8	116845935	116874866	chr8:116845935-116874866	8q24.11	y	n	L, E	Rec	oncogene, TSG	Mis, N, F		1	AML, endometrium, colorectal, lung			y	Cornelia de Lange syndrome-4	RAD21,ENSG00000164754.14,O60216,5885,KIAA0078,SCC1,hHR21
568	RAD50	RAD50 double strand break repair protein	COSG82484	ENSG00000113522.13	ENSG00000113522	5	132556019	132646344	chr5:132556019-132646344	5q31.1	y	y	E		TSG	D, F, Mis, N, O		1	breast cancer	breast cancer		n		RAD50,ENSG00000113522.13,Q92878,10111,RAD50-2,hRad50
569	RAD51	RAD51 recombinase	COSG99649	ENSG00000051180.16	ENSG00000051180	15	40694774	40732339	chr15:40694774-40732339	15q15.1	y	n	E		fusion, oncogene	T	EGFR	2	lung adenocarcinoma			n		RAD51,ENSG00000051180.16,Q06609,5888,BRCC5,FANCR,HsRad51,HsT16930
570	RAD51B	RAD51 paralog B	COSG94271	ENSG00000182185.18	ENSG00000182185	14	67819779	68730218	chr14:67819779-68730218	14q24.1	y	n	M	Dom	TSG, fusion	T	HMGA2	1	lipoma, uterine leiomyoma			n		RAD51B,ENSG00000182185.18,5890,R51H2,REC2,hREC2
571	RAD51C	RAD51 paralog C	COSG61292	ENSG00000108384.14	ENSG00000108384	17	58692573	58735611	chr17:58692573-58735611	17q22	n	y	E		TSG	F, Mis, N, S		1		ovarian, breast	familial breast-ovarian cancer susceptibility 3, fanconi anaemia,	n		RAD51C,ENSG00000108384.14,O43502,5889,FANCO,RAD51L2
572	RAD51D	RAD51 paralog D	COSG100674	ENSG00000185379.20	ENSG00000185379	17	35092208	35121522	chr17:35092208-35121522	17q12	n	y	E		TSG	Mis, N, F		1		tubo-ovarian carcinoma		n		RAD51D,ENSG00000185379.20,O75771,5892,HsTRAD,R51H3,Trad
573	RAF1	Raf-1 proto-oncogene, serine/threonine kinase	COSG112523	ENSG00000132155.11	ENSG00000132155	3	12583601	12664226	chr3:12583601-12664226	3p25.2	y	n	O, E	Dom	oncogene, fusion	T, A	SRGAP3, ESRP1	1	pilocytic astrocytoma, prostate			n		RAF1,ENSG00000132155.11,P04049,5894,CRAF,Raf-1,c-Raf
574	RALGDS	ral guanine nucleotide dissociation stimulator	COSG102669	ENSG00000160271.15	ENSG00000160271	9	133097720	133149334	chr9:133097720-133149334	9q34.2	y	n	L	Dom	fusion	T	CIITA	2	PMBL, Hodgkin lymphoma,			n		RALGDS,ENSG00000160271.15,Q12967,5900,RGDS,RGF,RalGEF
575	RANBP2	RAN binding protein 2	COSG59445	ENSG00000153201.15	ENSG00000153201	2	108719481	108785811	chr2:108719481-108785811	2q13	y	n	M	Dom	TSG, fusion	T	ALK	1	inflammatory myofibroblastic tumour			n		RANBP2,ENSG00000153201.15,P49792,5903,ADANE,NUP358
576	RAP1B	RAP1B, member of RAS oncogene family	COSG66550	ENSG00000127314.17	ENSG00000127314	12	68610839	68671901	chr12:68610839-68671901	12q15	y	n	O		oncogene	A, Mis		2	glioma			n		RAP1B,ENSG00000127314.17,P61224,5908,DKFZp586H0723,K-REV,RAL1B
577	RAP1GDS1	Rap1 GTPase-GDP dissociation stimulator 1	COSG102103	ENSG00000138698.14	ENSG00000138698	4	98261384	98443861	chr4:98261384-98443861	4q23	y	n	L	Dom	oncogene, fusion	T	NUP98	1	T-ALL			n		RAP1GDS1,ENSG00000138698.14,P52306,5910,SmgGDS
578	RARA	retinoic acid receptor alpha	COSG68638	ENSG00000131759.17	ENSG00000131759	17	40309192	40357643	chr17:40309192-40357643	17q21.2	y	n	L	Dom	oncogene, fusion	T	PML, ZBTB16, TRIM24, NUMA1, NPM1	1	APL			n		RARA,ENSG00000131759.17,P10276,5914,NR1B1,RAR
579	RASA1	RAS p21 protein activator 1	COSG93250	ENSG00000145715.14	ENSG00000145715	5	87267888	87391931	chr5:87267888-87391931	5q14.3	y	n	E		TSG	N, F, S, Mis		1	lung SCC, oral SCC			n		RASA1,ENSG00000145715.14,P20936,5921,CM-AVM,GAP,p120,p120GAP,p120RASGAP
580	RB1	RB transcriptional corepressor 1	COSG77480	ENSG00000139687.14	ENSG00000139687	13	48303726	48599436	chr13:48303726-48599436	13q14.2	y	y	L, E, M, O	Rec	TSG	D, Mis, N, F, S		1	retinoblastoma, sarcoma, breast, small cell lung carcinoma	retinoblastoma, sarcoma, breast, small cell lung carcinoma	familial retinoblastoma	n		RB1,ENSG00000139687.14,P06400,5925,PPP1R130,RB
581	RBM10	RNA binding motif protein 10	COSG114440	ENSG00000182872.15	ENSG00000182872	X	47144869	47186813	chrX:47144869-47186813	Xp11.3	y	n	E	Rec/X	TSG	Mis, F, N		1	lung adenocarcinoma			y	TARP syndrome	RBM10,ENSG00000182872.15,P98175,8241,DXS8237E,GPATC9,GPATCH9,KIAA0122,S1-1,ZRANB5
582	RBM15	RNA binding motif protein 15	COSG93845	ENSG00000162775.14	ENSG00000162775	1	110338506	110346681	chr1:110338506-110346681	1p13.3	y	n	L	Dom	fusion	T	MKL1	1	acute megakaryocytic leukaemia			n		RBM15,ENSG00000162775.14,Q96T37,64783,OTT,OTT1
583	RECQL4	RecQ like helicase 4	COSG81638	ENSG00000160957.12	ENSG00000160957	8	144511288	144517845	chr8:144511288-144517845	8q24.3	n	y	M	Rec	oncogene, TSG	N, F, S		1		osteosarcoma, skin basal cell, skin sqamous cell	Rothmund-Thompson syndrome	n		RECQL4,ENSG00000160957.12,O94761,9401,RecQ4
584	REL	REL proto-oncogene, NF-kB subunit	COSG73340	ENSG00000162924.14	ENSG00000162924	2	60881521	60931610	chr2:60881521-60931610	2p16.1	y	n	L	Dom	oncogene	A		1	Hodgkin lymphoma			n		REL,ENSG00000162924.14,Q04864,5966,I-Rel,c-Rel
585	RELA	RELA proto-oncogene, NF-kB subunit	COSG110394	ENSG00000173039.18	ENSG00000173039	11	65653596	65663094	chr11:65653596-65663094	11q13.1	y	n	O		fusion, oncogene	T	ZFTA	1	supratentorial ependymoma			n		RELA,ENSG00000173039.18,Q04206,5970,p65
586	RET	ret proto-oncogene	COSG68325	ENSG00000165731.18	ENSG00000165731	10	43077027	43130351	chr10:43077027-43130351	10q11.21	y	y	E, O	Dom	oncogene, fusion	T, Mis, N, F	H4, PRKAR1A, NCOA4, PCM1, GOLGA5, TRIM33, KTN1, TRIM27, HOOK3, KIF5B, CCDC6	1	medullary thyroid, papillary thyroid, pheochromocytoma, NSCLC, Spitzoid tumour	medullary thyroid,  papillary thyroid, pheochromocytoma	multiple endocrine neoplasia 2A/2B	y	Hirschsprung disease	RET,ENSG00000165731.18,P07949,5979,CDHF12,CDHR16,PTC,RET51
587	RFWD3	ring finger and WD repeat domain 3	COSG70379	ENSG00000168411.13	ENSG00000168411	16	74621394	74666881	chr16:74621394-74666881	16q23.1	y	y	E		TSG	D		2	lung cancer		Fanconi anemia W	n		RFWD3,ENSG00000168411.13,Q6PCD5,55159,FANCW,FLJ10520,RNF201
588	RGPD3	RANBP2-like and GRIP domain containing 3	COSG61420	ENSG00000153165.18	ENSG00000153165	2	106391290	106468376	chr2:106391290-106468376	2q12.2	y	n	E			Mis		2	endometrioid adenocarcinoma			n		RGPD3,ENSG00000153165.18,A6NKT7,653489,RGP3
589	RGS7	regulator of G protein signaling 7	COSG77034	ENSG00000182901.16	ENSG00000182901	1	240775515	241357230	chr1:240775515-241357230	1q43	y	n	E			Mis		2	melanoma			n		RGS7,ENSG00000182901.16,P49802,6000
590	RHOA	ras homolog family member A	COSG65553	ENSG00000067560.10	ENSG00000067560	3	49359145	49412998	chr3:49359145-49412998	3p21.31	y	n	E, L	Dom	oncogene, TSG	Mis, F, O		1	diffuse gastric, T cell lymphomas, paediatric Burkitt lymphoma			n		RHOA,ENSG00000067560.10,P61586,387,RHOH12,Rho12,RhoA
591	RHOH	ras homolog family member H	COSG100969	ENSG00000168421.12	ENSG00000168421	4	40191053	40246967	chr4:40191053-40246967	4p14	y	n	L	Dom	TSG, fusion	T	BCL6	1	NHL			n		RHOH,ENSG00000168421.12,Q15669,399,RhoH,TTF
592	RICTOR	RPTOR independent companion of MTOR complex 2	COSG71764	ENSG00000164327.12	ENSG00000164327	5	38937919	39074408	chr5:38937919-39074408	5p13.1	y	n	E		oncogene	A		1	lung SCC			n		RICTOR,ENSG00000164327.12,Q6R327,253260,AVO3,KIAA1999,MGC39830,PIA
593	RMI2	RecQ mediated genome instability 2	COSG114685	ENSG00000175643.8	ENSG00000175643	16	11249619	11351762	chr16:11249619-11351762	16p13.13	y	n	L	Dom	TSG, fusion	T	CIITA	1	PMBL, Hodgkin lymphoma			n		RMI2,ENSG00000175643.8,Q96E14,116028,BLAP18,MGC24665
594	RNF213	ring finger protein 213	COSG79337	ENSG00000173821.19	ENSG00000173821	17	80260866	80398786	chr17:80260866-80398786	17q25.3	y	n	L	Dom	fusion	T	ALK	1	ALCL			n		RNF213,ENSG00000173821.19,57674,ALO17,KIAA1554,NET57
595	RNF43	ring finger protein 43	COSG77343	ENSG00000108375.12	ENSG00000108375	17	58352500	58417595	chr17:58352500-58417595	17q22	y	n	E	Rec	TSG	Mis, N, F, S		1	cholangiocarcinoma, ovary, pancreas			n		RNF43,ENSG00000108375.12,Q68DV7,54894,DKFZp781H0392,FLJ20315,URCC
596	ROBO2	roundabout guidance receptor 2	COSG87597	ENSG00000185008.17	ENSG00000185008	3	75906695	77649964	chr3:75906695-77649964	3p12.3	y	n	E		TSG	F		2	colorectal adenocarcinoma, melanoma			n		ROBO2,ENSG00000185008.17,Q9HCK4,6092,KIAA1568
597	ROCK1	Rho associated coiled-coil containing protein kinase 1	COSG89530	ENSG00000067900.7	ENSG00000067900	18	20946906	21111851	chr18:20946906-21111851	18q11.1	y	n	E		oncogene	A		2	pancreatic ductal adenocarcinoma			n		ROCK1,ENSG00000067900.7,Q13464,6093,p160ROCK
598	ROS1	ROS proto-oncogene 1, receptor tyrosine kinase	COSG103633	ENSG00000047936.10	ENSG00000047936	6	117288300	117425855	chr6:117288300-117425855	6q22.1	y	n	O, E	Dom	oncogene, fusion	T	GOPC, SDC4, SLC34A2, EZR, LRIG3, HLA-A, MYO5A, PPFIBP1, ERC1, CLIP1, TPM3, ZCCHHC8, KIAA1598, PWWP2A	1	glioblastoma, NSCLC, Spitzoid tumour, cholangiocarcinoma, borderline ovarian			n		ROS1,ENSG00000047936.10,P08922,6098,MCF3,ROS,c-ros-1
599	RPL10	ribosomal protein L10	COSG112537	ENSG00000147403.16	ENSG00000147403	X	154389955	154409168	chrX:154389955-154409168	Xq28	y	n	L	Dom	TSG	Mis		1	T-ALL			n		RPL10,ENSG00000147403.16,P27635,6134,DXS648,DXS648E,FLJ23544,L10,NOV,QM
600	RPL22	ribosomal protein L22	COSG73509	ENSG00000116251.9	ENSG00000116251	1	6181269	6209389	chr1:6181269-6209389	1p36.31	y	n	L	Dom	TSG, fusion	T	RUNX1	1	AML, CML			n		RPL22,ENSG00000116251.9,P35268,6146,EAP,L22
601	RPL5	ribosomal protein L5	COSG101735	ENSG00000122406.13	ENSG00000122406	1	92831983	92841924	chr1:92831983-92841924	1p22.1	y	n	L	Dom	TSG	Mis, N, F		1	T-ALL			y	Diamond-Blackfan anaemia	RPL5,ENSG00000122406.13,6125,L5,PPP1R135,uL18
602	RPN1	ribophorin I	COSG77777	ENSG00000163902.11	ENSG00000163902	3	128619970	128681075	chr3:128619970-128681075	3q21.3	y	n	L	Dom	fusion	T	MECOM	1	AML			n		RPN1,ENSG00000163902.11,P04843,6184,OST1
603	RRAS2	RAS related 2	COSG70136	ENSG00000133818.13	ENSG00000133818	11	14277926	14364506	chr11:14277926-14364506	11p15.2	y	n	O		oncogene	Mis		1	intracranial germ cell tumour			n		RRAS2,ENSG00000133818.13,P62070,22800,TC21
604	RSPO2	R-spondin 2	COSG86313	ENSG00000147655.10	ENSG00000147655	8	107899316	108083648	chr8:107899316-108083648	8q23.1	y	n	E	Dom	TSG, fusion	T	EIF3E	1	colorectal			n		RSPO2,ENSG00000147655.10,Q6UXX9,340419,MGC35555
605	RSPO3	R-spondin 3	COSG61346	ENSG00000146374.13	ENSG00000146374	6	127118604	127197765	chr6:127118604-127197765	6q22.33	y	n	E	Dom	oncogene, fusion	T	PTPRK	1	colorectal			n		RSPO3,ENSG00000146374.13,Q9BXY4,84870,FLJ14440
606	RUNX1	runt related transcription factor 1	COSG64498	ENSG00000159216.18	ENSG00000159216	21	34787801	36004667	chr21:34787801-36004667	21q22.12	y	n	L	Dom	oncogene, TSG, fusion	T	RPL22, MECOM, CBFA2T3, RUNX1T1, ETV6, AFF3	1	AML, pre B-ALL, T-ALL			n		RUNX1,ENSG00000159216.18,Q01196,861,AMLCR1,PEBP2A2
607	RUNX1T1	RUNX1 translocation partner 1	COSG111690	ENSG00000079102.16	ENSG00000079102	8	91954967	92103286	chr8:91954967-92103286	8q21.3	y	n	L	Dom	oncogene, TSG, fusion	T	KMT2A, RUNX1	1	AML			n		RUNX1T1,ENSG00000079102.16,862,CDR,ETO,MTG8,ZMYND2
608	RXRA	retinoid X receptor alpha	COSG75470	ENSG00000186350.9	ENSG00000186350	9	134317098	134440585	chr9:134317098-134440585	9q34.2	y	n	E		TSG	F, Mis, N		1	bladder carcinoma			n		RXRA,ENSG00000186350.9,P19793,6256,NR2B1
609	S100A7	S100 calcium binding protein A7	COSG80247	ENSG00000143556.8	ENSG00000143556	1	153457744	153460701	chr1:153457744-153460701	1q21.3	y	n	L, O		fusion	T	VAV1	2	melanoma, T-cell lymphoma			n		S100A7,ENSG00000143556.8,P31151,6278,S100A7c
610	SALL4	spalt like transcription factor 4	COSG110233	ENSG00000101115.12	ENSG00000101115	20	51782331	51802520	chr20:51782331-51802520	20q13.2	y	n	E		oncogene	Mis, F		1	colorectal cancer, breast cancer, prostate cancer, glioblastoma, melanoma			n	Duane-radial ray syndrome	SALL4,ENSG00000101115.12,Q9UJQ4,57167,ZNF797,dJ1112F19.1
611	SBDS	SBDS, ribosome maturation factor	COSG90100	ENSG00000126524.9	ENSG00000126524	7	66987677	66995601	chr7:66987677-66995601	7q11.21	n	y	L	Rec	TSG	F, N, O		1		AML, MDS	Schwachman-Diamond syndrome	n		SBDS,ENSG00000126524.9,Q9Y3A5,51119,CGI-97,FLJ10917,SDS,SWDS
612	SDC4	syndecan 4	COSG77983	ENSG00000124145.6	ENSG00000124145	20	45325288	45348424	chr20:45325288-45348424	20q13.12	y	n	E	Dom	fusion	T	ROS1	1	NSCLC			n		SDC4,ENSG00000124145.6,P31431,6385,SYND4,amphiglycan,ryudocan
613	SDHA	succinate dehydrogenase complex flavoprotein subunit A	COSG76340	ENSG00000073578.16	ENSG00000073578	5	218241	256700	chr5:218241-256700	5p15.33	y	y	M, O	Rec	TSG	Mis, N		1	GIST, paraganglioma	paraganglioma	paragangliomas-5 (PGL5)	n		SDHA,ENSG00000073578.16,P31040,6389,FP,SDHF
614	SDHAF2	succinate dehydrogenase complex assembly factor 2	COSG70475	ENSG00000167985.6	ENSG00000167985	11	61430042	61447529	chr11:61430042-61447529	11q12.2	n	y	M	Rec	TSG	Mis		1		paraganglioma	paraganglioma syndrome 2	n		SDHAF2,ENSG00000167985.6,Q9NX18,54949,FLJ20487,SDH5
615	SDHB	succinate dehydrogenase complex iron sulfur subunit B	COSG111326	ENSG00000117118.9	ENSG00000117118	1	17018722	17054170	chr1:17018722-17054170	1p36.13	n	y	O	Rec	TSG	Mis, N, F		1		paraganglioma, pheochromocytoma	familial paraganglioma	n		SDHB,ENSG00000117118.9,P21912,6390
616	SDHC	succinate dehydrogenase complex subunit C	COSG99638	ENSG00000143252.14	ENSG00000143252	1	161314257	161375340	chr1:161314257-161375340	1q23.3	n	y	O	Rec	TSG	Mis, N, F		1		paraganglioma, pheochromocytoma	familial paraganglioma	n		SDHC,ENSG00000143252.14,Q99643,6391,CYB560,cybL
617	SDHD	succinate dehydrogenase complex subunit D	COSG95892	ENSG00000204370.10	ENSG00000204370	11	112086773	112120013	chr11:112086773-112120013	11q23.1	n	y	O	Rec	TSG	Mis, N, F, S		1		paraganglioma, pheochromocytoma	familial paraganglioma	n		SDHD,ENSG00000204370.10,O14521,6392,cybS
618	SEPT5	septin 5	COSG61422	ENSG00000184702.19	ENSG00000184702	22	19714464	19724224	chr22:19714464-19724224	22q11.21	y	n	L	Dom	fusion	T	KMT2A	2	AML			n		SEPT5,ENSG00000184702.19,Q99719,5413,H5,HCDCREL-1
619	SEPT6	septin 6	COSG70569	ENSG00000125354.22	ENSG00000125354	X	119615724	119693370	chrX:119615724-119693370	Xq24	y	n	L	Dom	fusion	T	KMT2A	2	AML			n		SEPT6,ENSG00000125354.22,Q14141,23157,KIAA0128,MGC16619,MGC20339,SEP2,SEPT2
620	SEPT9	septin 9	COSG86979	ENSG00000184640.17	ENSG00000184640	17	77280569	77500596	chr17:77280569-77500596	17q25.3	y	n	L	Dom	fusion	T	KMT2A	2	AML*			n		SEPT9,ENSG00000184640.17,Q9UHD8,10801,AF17q25,KIAA0991,MSF1,PNUTL4,SeptD1
621	SET	SET nuclear proto-oncogene	COSG104989	ENSG00000119335.16	ENSG00000119335	9	128683424	128696400	chr9:128683424-128696400	9q34.11	y	n	L	Dom	fusion	T	NUP214	1	T-ALL			n		SET,ENSG00000119335.16,Q01105,6418,2PP2A,IGAAD,IPP2A2,PHAPII,TAF-I,TAF-IBETA
622	SETBP1	SET binding protein 1	COSG82137	ENSG00000152217.17	ENSG00000152217	18	44680173	45068510	chr18:44680173-45068510	18q12.3	y	y	L	Dom	oncogene, fusion	Mis, T	NUP98	1	aCML, sAML, MDS/MPN-U, CMML, JMML	neuroepithelial tumours	Schinzel-Giedion syndrome	n		SETBP1,ENSG00000152217.17,Q9Y6X0,26040,KIAA0437,SEB
623	SETD1B	SET domain containing 1B	COSG113695	ENSG00000139718.10	ENSG00000139718	12	121804180	121832584	chr12:121804180-121832584	12q24.31	y	n	E		TSG	D, F		2	CRC, endometrium			n		SETD1B,ENSG00000139718.10,Q9UPS6,23067,KIAA1076,KMT2G,Set1B
624	SETD2	SET domain containing 2	COSG98373	ENSG00000181555.20	ENSG00000181555	3	47016429	47163967	chr3:47016429-47163967	3p21.31	y	n	E	Rec	TSG	N, F, S, Mis		1	clear cell renal carcinoma			n		SETD2,ENSG00000181555.20,Q9BYW2,29072,FLJ23184,HIF-1,HYPB,KIAA1732,KMT3A
625	SETDB1	SET domain bifurcated 1	COSG106164	ENSG00000143379.12	ENSG00000143379	1	150926263	150964744	chr1:150926263-150964744	1q21.3	y	n	E		oncogene	F, Mis		2	malignant mesothelioma			n		SETDB1,ENSG00000143379.12,Q15047,9869,ESET,KG1T,KIAA0067,KMT1E,TDRD21
626	SF3B1	splicing factor 3b subunit 1	COSG68035	ENSG00000115524.15	ENSG00000115524	2	197389784	197435091	chr2:197389784-197435091	2q33.1	y	n	L	Dom	oncogene	Mis		1	myelodysplastic syndrome			n		SF3B1,ENSG00000115524.15,O75533,23451,Hsh155,PRPF10,Prp10,SAP155,SF3b155
627	SFPQ	splicing factor proline and glutamine rich	COSG102257	ENSG00000116560.10	ENSG00000116560	1	35176378	35193148	chr1:35176378-35193148	1p34.3	y	n	E	Dom	TSG, fusion	T	TFE3	1	papillary renal			n		SFPQ,ENSG00000116560.10,P23246,6421,PPP1R140,PSF
628	SFRP4	secreted frizzled related protein 4	COSG92761	ENSG00000106483.11	ENSG00000106483	7	37905932	38025695	chr7:37905932-38025695	7p14.1	y	n	E	Rec	TSG	Mis		1	colorectal cancer, melanoma, SCC, gastric cancer, oesophageal SCC			y	Pyle disease	SFRP4,ENSG00000106483.11,Q6FHJ7,6424,FRP-4,FRPHE,FRZB-2,frpHE
629	SGK1	serum/glucocorticoid regulated kinase 1	COSG63500	ENSG00000118515.11	ENSG00000118515	6	134169246	134318112	chr6:134169246-134318112	6q23.2	y	n	L		oncogene	Mis		2	Nodular lymphocyte predominant Hodgkin lymphoma			n		SGK1,ENSG00000118515.11,O00141,6446
630	SH2B3	SH2B adaptor protein 3	COSG79851	ENSG00000111252.10	ENSG00000111252	12	111405948	111451623	chr12:111405948-111451623	12q24.12	y	n	L	Rec	TSG	Mis, F, N		1	MPN, sAML, erythrocytosis, B-ALL			y	Coeliac disease type 13; diabetes mellitus, insulin-dependent;	SH2B3,ENSG00000111252.10,Q9UQQ2,10019,IDDM20,LNK
631	SH3GL1	SH3 domain containing GRB2 like 1, endophilin A2	COSG66356	ENSG00000141985.9	ENSG00000141985	19	4360370	4400547	chr19:4360370-4400547	19p13.3	y	n	L	Dom	oncogene, fusion	T	KMT2A	1	AL			n		SH3GL1,ENSG00000141985.9,Q99961,6455,CNSA1,EEN,MGC111371,SH3D2B,SH3P8
632	SHTN1	shootin 1	COSG92016	ENSG00000187164.19	ENSG00000187164	10	116881482	117126586	chr10:116881482-117126586	10q25.3	y	n	E	Dom	fusion	T	ROS1	2	Spitzoid tumour			n		SHTN1,ENSG00000187164.19,A0MZ66,57698,shootin-1,shootin1
633	SIRPA	signal regulatory protein alpha	COSG81390	ENSG00000198053.11	ENSG00000198053	20	1894167	1940592	chr20:1894167-1940592	20p13	y	n	E		TSG	O, F		2	HNSCC, colorectal cancer, Lung SCC			n		SIRPA,ENSG00000198053.11,P78324,140885,BIT,CD172a,MFR,MYD-1,P84,SHPS-1,SHPS1,SIRP,SIRP-ALPHA-1,SIRPalpha,SIRPalpha2
634	SIX1	SIX homeobox 1	COSG59671	ENSG00000126778.9	ENSG00000126778	14	60643415	60658259	chr14:60643415-60658259	14q23.1	y	n	O		oncogene	Mis		1	Wilms tumour			n		SIX1,ENSG00000126778.9,Q15475,6495
635	SIX2	SIX homeobox 2	COSG60891	ENSG00000170577.7	ENSG00000170577	2	45005161	45009430	chr2:45005161-45009430	2p21	y	n	O		oncogene	Mis		2	Wilms tumour			n		SIX2,ENSG00000170577.7,Q9NPC8,10736
636	SKI	SKI proto-oncogene	COSG101216	ENSG00000157933.9	ENSG00000157933	1	2228695	2310119	chr1:2228695-2310119	1p36.33	y	n	E		oncogene	Mis		2	melanoma			n		SKI,ENSG00000157933.9,P12755,6497
637	SLC34A2	solute carrier family 34 member 2	COSG66821	ENSG00000157765.12	ENSG00000157765	4	25648011	25678748	chr4:25648011-25678748	4p15.2	y	n	E	Dom	TSG, fusion	T	ROS1	1	NSCLC			n		SLC34A2,ENSG00000157765.12,O95436,10568,NAPI-3B
638	SLC45A3	solute carrier family 45 member 3	COSG90757	ENSG00000158715.5	ENSG00000158715	1	205657851	205680459	chr1:205657851-205680459	1q32.1	y	n	E	Dom	fusion	T	ETV1, ETV5, ELK4, ERG, BRAF	1	prostate			n		SLC45A3,ENSG00000158715.5,Q96JT2,85414,IPCA-2,IPCA-6,IPCA-8,prostein
639	SMAD2	SMAD family member 2	COSG72498	ENSG00000175387.15	ENSG00000175387	18	47808957	47931146	chr18:47808957-47931146	18q21.1	y	n	E	Rec	TSG	Mis, N		1	colorectal carcinoma, hepatocellular carcinoma			n		SMAD2,ENSG00000175387.15,Q15796,4087,JV18-1,MADR2
640	SMAD3	SMAD family member 3	COSG112721	ENSG00000166949.15	ENSG00000166949	15	67063763	67195195	chr15:67063763-67195195	15q22.33	y	n	E	Rec	TSG	Mis		1	colorectal carcinoma, oral squamous cell carcinoma			n		SMAD3,ENSG00000166949.15,P84022,4088,HsT17436,JV15-2
641	SMAD4	SMAD family member 4	COSG63839	ENSG00000141646.13	ENSG00000141646	18	51028394	51085045	chr18:51028394-51085045	18q21.2	y	y	E	Rec	TSG	D, Mis, N, F		1	colorectal, pancreatic, small intestine	gastrointestinal polyp	juvenile polyposis	n		SMAD4,ENSG00000141646.13,Q13485,4089,DPC4
642	SMARCA4	SWI/SNF related, matrix associated, actin dependent regulator of chromatin, subfamily a, member 4	COSG94137	ENSG00000127616.18	ENSG00000127616	19	10960825	11079426	chr19:10960825-11079426	19p13.2	y	n	E	Rec	TSG	F, N, Mis, S		1	NSCLC, SCCOHT			n		SMARCA4,ENSG00000127616.18,P51532,6597,BAF190,BRG1,FLJ39786,SNF2,SNF2-BETA,SNF2LB,SWI2,hSNF2b
643	SMARCB1	SWI/SNF related, matrix associated, actin dependent regulator of chromatin, subfamily b, member 1	COSG106041	ENSG00000099956.19	ENSG00000099956	22	23786931	23838008	chr22:23786931-23838008	22q11.23	y	y	M	Rec	TSG	D, N, F, S		1	malignant rhabdoid	malignant rhabdoid	rhabdoid predisposition syndrome	n		SMARCB1,ENSG00000099956.19,6598,BAF47,Ini1,PPP1R144,RDT,SNF5,Sfh1p,Snr1,hSNFS
644	SMARCD1	SWI/SNF related, matrix associated, actin dependent regulator of chromatin, subfamily d, member 1	COSG71965	ENSG00000066117.14	ENSG00000066117	12	50084972	50100712	chr12:50084972-50100712	12q13.12	y	n	E	Rec	TSG	N		2	breast			n		SMARCD1,ENSG00000066117.14,Q96GM5,6602,BAF60A,CRACD1,Rsc6p
645	SMARCE1	SWI/SNF related, matrix associated, actin dependent regulator of chromatin, subfamily e, member 1	COSG61073	ENSG00000073584.19	ENSG00000073584	17	40624962	40648864	chr17:40624962-40648864	17q21.2	n	y	O	Rec	TSG	F, N, S, Mis		1		clear cell meningioma	familial meningioma	n		SMARCE1,ENSG00000073584.19,Q969G3,6605,BAF57
646	SMC1A	structural maintenance of chromosomes 1A	COSG73424	ENSG00000072501.17	ENSG00000072501	X	53374149	53422728	chrX:53374149-53422728	Xp11.22	y	n	L		TSG	Mis		2	AML			y	Cornelia de Lange syndrome 	SMC1A,ENSG00000072501.17,Q14683,8243,DXS423E,KIAA0178,SB1.8,Smcb
647	SMO	smoothened, frizzled class receptor	COSG112751	ENSG00000128602.9	ENSG00000128602	7	129188872	129213545	chr7:129188872-129213545	7q32.1	y	n	E	Dom	oncogene	Mis		1	skin basal cell			n		SMO,ENSG00000128602.9,Q99835,6608,FZD11
648	SND1	staphylococcal nuclease and tudor domain containing 1	COSG69136	ENSG00000197157.10	ENSG00000197157	7	127652180	128092609	chr7:127652180-128092609	7q32.1	y	n	E	Dom	oncogene, fusion	T	BRAF	1	pancreas acinar carcinoma			n		SND1,ENSG00000197157.10,Q7KZF4,27044,TDRD11,p100
649	SNX29	sorting nexin 29	COSG71274	ENSG00000048471.13	ENSG00000048471	16	11976737	12574289	chr16:11976737-12574289	16p13.13	y	n	L	Dom	fusion	T	CIITA	2	PMBL, Hodgkin lymphoma			n		SNX29,ENSG00000048471.13,Q8TEQ0,92017,FLJ12363
650	SOCS1	suppressor of cytokine signaling 1	COSG89969	ENSG00000185338.5	ENSG00000185338	16	11254405	11256200	chr16:11254405-11256200	16p13.13	y	n	L	Rec	TSG	F, O		1	Hodgkin lymphoma, PMBL			n		SOCS1,ENSG00000185338.5,8651,Cish1,JAB,SOCS-1,SSI-1,TIP3
651	SOS1	SOS Ras/Rac guanine nucleotide exchange factor 1	COSG84335	ENSG00000115904.12	ENSG00000115904	2	38981396	39124345	chr2:38981396-39124345	2p22.1	y	n	E, O		oncogene, fusion	Mis, T	ALK	1	lung adenocarcinoma, follicular thyroid adenoma			y	Noonan Syndrome	SOS1,ENSG00000115904.12,Q07889,6654,GF1,HGF
652	SOX2	SRY-box 2	COSG104377	ENSG00000181449.3	ENSG00000181449	3	181711924	181714436	chr3:181711924-181714436	3q26.33	y	n	E	Dom	oncogene	A		1	NSCLC, oesophageal squamous cell carcinoma			y	Microphthalmia and oesophageal atresia syndrome 	SOX2,ENSG00000181449.3,P48431,6657
653	SOX21	SRY-box 21	COSG94735	ENSG00000125285.5	ENSG00000125285	13	94709622	94712399	chr13:94709622-94712399	13q32.1	y	n	L		TSG	D		2	multiple myeloma			n		SOX21,ENSG00000125285.5,Q9Y651,11166,SOX25
654	SPECC1	sperm antigen with calponin homology and coiled-coil domains 1	COSG97186	ENSG00000128487.16	ENSG00000128487	17	20009344	20319026	chr17:20009344-20319026	17p11.2	y	n	L	Dom	fusion	T	PDGFRB	2	JMML			n		SPECC1,ENSG00000128487.16,Q5M775,92521,FLJ36955,HCMOGT-1,NSP
655	SPEN	spen family transcriptional repressor	COSG69096	ENSG00000065526.10	ENSG00000065526	1	15847864	15940460	chr1:15847864-15940460	1p36.21	y	n	L	Rec	TSG	F, Mis, N		1	SMZL, adenoid cystic carcinoma, DLBCL			n		SPEN,ENSG00000065526.10,Q96T58,23013,KIAA0929,MINT,RBM15C,SHARP
656	SPOP	speckle type BTB/POZ protein	COSG63219	ENSG00000121067.17	ENSG00000121067	17	49598884	49678234	chr17:49598884-49678234	17q21.33	y	y	E	Rec	TSG	Mis		1	prostate, endometrial	prostate cancer		n		SPOP,ENSG00000121067.17,O43791,8405,BTBD32,TEF2
657	SRC	SRC proto-oncogene, non-receptor tyrosine kinase	COSG62428	ENSG00000197122.11	ENSG00000197122	20	37344685	37406050	chr20:37344685-37406050	20q11.23	y	n	E	Dom	oncogene	Mis, N		1	colorectal cancer, endometrial carcinoma			n		SRC,ENSG00000197122.11,P12931,6714,ASV,c-src
658	SRGAP3	SLIT-ROBO Rho GTPase activating protein 3	COSG90916	ENSG00000196220.15	ENSG00000196220	3	8980591	9363053	chr3:8980591-9363053	3p25.3	y	n	O	Dom	fusion	T	RAF1	2	pilocytic astrocytoma			n		SRGAP3,ENSG00000196220.15,O43295,9901,ARHGAP14,KIAA0411,MEGAP,WRP
659	SRSF2	serine and arginine rich splicing factor 2	COSG66820	ENSG00000161547.16	ENSG00000161547	17	76734115	76737374	chr17:76734115-76737374	17q25.1	y	n	L	Dom	oncogene	Mis		1	MDS, CLL			n		SRSF2,ENSG00000161547.16,Q01130,6427,PR264,SC-35,SC35,SFRS2A
660	SRSF3	serine and arginine rich splicing factor 3	COSG100307	ENSG00000112081.16	ENSG00000112081	6	36594353	36605600	chr6:36594353-36605600	6p21.31	y	n	L	Dom	oncogene, fusion	T	BCL6	1	follicular lymphoma			n		SRSF3,ENSG00000112081.16,P84103,6428,SRp20
661	SS18	SS18, nBAF chromatin remodeling complex subunit	COSG67889	ENSG00000141380.13	ENSG00000141380	18	26016253	26091217	chr18:26016253-26091217	18q11.2	y	n	M	Dom	fusion	T	SSX1,  SSX2, SSX4	1	synovial sarcoma			n		SS18,ENSG00000141380.13,Q15532,6760,SYT
662	SS18L1	SS18L1, nBAF chromatin remodeling complex subunit	COSG68150	ENSG00000184402.14	ENSG00000184402	20	62143795	62182484	chr20:62143795-62182484	20q13.33	y	n	M	Dom	fusion	T	SSX1	1	synovial sarcoma			n		SS18L1,ENSG00000184402.14,O75177,26039,CREST,KIAA0693
663	SSX1	SSX family member 1	COSG107838	ENSG00000126752.7	ENSG00000126752	X	48255317	48267444	chrX:48255317-48267444	Xp11.23	y	n	M	Dom	oncogene, fusion	T	SS18	1	synovial sarcoma			n		SSX1,ENSG00000126752.7,Q16384,6756,CT5.1
664	SSX2	SSX family member 2	COSG89496	ENSG00000241476.8	ENSG00000241476	X	52696896	52707189	chrX:52696896-52707189	Xp11.22	y	n	M	Dom	oncogene, fusion	T	SS18	1	synovial sarcoma			n		SSX2,ENSG00000241476.8,Q16385,6757,CT5.2a,HD21,HOM-MEL-40,MGC119055,MGC15364,MGC3884
665	SSX4	SSX family member 4	COSG73109	ENSG00000268009.5	ENSG00000268009	X	48383516	48393347	chrX:48383516-48393347	Xp11.23	y	n	M	Dom	oncogene, fusion	T	SS18	1	synovial sarcoma			n		SSX4,ENSG00000268009.5,O60224,6759,CT5.4
666	STAG1	stromal antigen 1	COSG104937	ENSG00000118007.12	ENSG00000118007	3	136336233	136752403	chr3:136336233-136752403	3q22.3	y	n	E, L		TSG	Mis, N		2	colorectal cancer, AML			n		STAG1,ENSG00000118007.12,Q8WVM7,10274,SA-1,SA1,SCC3A
667	STAG2	stromal antigen 2	COSG95834	ENSG00000101972.18	ENSG00000101972	X	123960212	124422664	chrX:123960212-124422664	Xq25	y	n	E, L, M, O	Rec	TSG	Mis, N, F, S		1	bladder carcinoma, glioblastoma, melanoma, Ewing's sarcoma, myeloid neoplasms			n		STAG2,ENSG00000101972.18,Q8N3U4,10735,SA-2,SA2,SCC3B
668	STAT3	signal transducer and activator of transcription 3	COSG84383	ENSG00000168610.14	ENSG00000168610	17	42313324	42388568	chr17:42313324-42388568	17q21.2	y	y	L	Dom	oncogene	Mis,O		1	T-cell large granular lymphocytic leukaemia	paediatric large granular lymphocytic leukaemia		y	IPEX-like syndrome	STAT3,ENSG00000168610.14,P40763,6774,APRF
669	STAT5B	signal transducer and activator of transcription 5B	COSG97911	ENSG00000173757.9	ENSG00000173757	17	42199168	42276707	chr17:42199168-42276707	17q21.2	y	n	L, E	Dom	oncogene, TSG, fusion	Mis, O, T	RARA	1	large granular lymphocytic leukaemia, skin basal cell, APL			y	IPEX-like syndrome	STAT5B,ENSG00000173757.9,P51692,6777
670	STAT6	signal transducer and activator of transcription 6	COSG114380	ENSG00000166888.11	ENSG00000166888	12	57095408	57132139	chr12:57095408-57132139	12q13.3	y	n	M, O	Dom	oncogene, fusion	T	NAB2	1	solitary fibrous tumour, meningeal haemangiopericytoma			n		STAT6,ENSG00000166888.11,P42226,6778,D12S1644,IL-4-STAT
671	STIL	STIL, centriolar assembly protein	COSG80911	ENSG00000123473.15	ENSG00000123473	1	47250139	47314147	chr1:47250139-47314147	1p33	y	n	L	Dom	oncogene, fusion	T	TAL1	1	T-ALL			n		STIL,ENSG00000123473.15,Q15468,6491,MCPH7
672	STK11	serine/threonine kinase 11	COSG67170	ENSG00000118046.14	ENSG00000118046	19	1177558	1228435	chr19:1177558-1228435	19p13.3	y	y	E, M, O	Rec	TSG	D, Mis, N, F, S		1	NSCLC, pancreatic	jejunal hamartoma, ovarian, testicular, pancreatic	Peutz-Jeghers syndrome	n		STK11,ENSG00000118046.14,Q15831,6794,LKB1,PJS
673	STRN	striatin	COSG109920	ENSG00000115808.11	ENSG00000115808	2	36843640	36966472	chr2:36843640-36966472	2p22.2	y	n	E	Dom	fusion	T	ALK	1	anaplastic thyroid, papillary thyroid, lung			n		STRN,ENSG00000115808.11,O43815,6801,PPP2R6A,STRN1
674	SUB1	SUB1 homolog, transcriptional regulator	COSG89159	ENSG00000113387.11	ENSG00000113387	5	32531633	32604079	chr5:32531633-32604079	5p13.3	y	n	E			A		2	lung cancer			n		SUB1,ENSG00000113387.11,P53999,10923,PC4,p14,p15
675	SUFU	SUFU negative regulator of hedgehog signaling	COSG111528	ENSG00000107882.11	ENSG00000107882	10	102503987	102633535	chr10:102503987-102633535	10q24.32	y	y	O	Rec	TSG	D, F, S		1	medulloblastoma	medulloblastoma	medulloblastoma predisposition	n		SUFU,ENSG00000107882.11,Q9UMX1,51684,PRO1280,SUFUH,SUFUXL
676	SUZ12	SUZ12, polycomb repressive complex 2 subunit	COSG102561	ENSG00000178691.10	ENSG00000178691	17	31937018	32001045	chr17:31937018-32001045	17q11.2	y	n	M	Dom	oncogene, TSG, fusion	T	JAZF1	1	endometrial stromal tumour			n		SUZ12,ENSG00000178691.10,Q15022,23512,CHET9,JJAZ1,KIAA0160
677	SYK	spleen associated tyrosine kinase	COSG106457	ENSG00000165025.14	ENSG00000165025	9	90801787	90898549	chr9:90801787-90898549	9q22.2	y	n	L	Dom	oncogene, fusion	T	ETV6, ITK	1	MDS, peripheral T-cell lymphoma			n		SYK,ENSG00000165025.14,P43405,6850
678	TAF15	TATA-box binding protein associated factor 15	COSG76204	ENSG00000270647.5	ENSG00000270647	17	35713791	35864615	chr17:35713791-35864615	17q12	y	n	L, M	Dom	oncogene, fusion	T	NR4A3, CHN1, ZNF384	1	extraskeletal myxoid chondrosarcoma, ALL			n		TAF15,ENSG00000270647.5,Q92804,8148,Npl3,RBP56,hTAFII68
679	TAL1	TAL bHLH transcription factor 1, erythroid differentiation factor	COSG97131	ENSG00000162367.11	ENSG00000162367	1	47216290	47232220	chr1:47216290-47232220	1p33	y	n	L	Dom	oncogene, fusion	T	TRD, STIL	1	lymphoblastic leukaemia/biphasic			n		TAL1,ENSG00000162367.11,P17542,6886,SCL,bHLHa17
680	TAL2	TAL bHLH transcription factor 2	COSG92048	ENSG00000186051.6	ENSG00000186051	9	105662457	105663112	chr9:105662457-105663112	9q31.2	y	n	L	Dom	oncogene, fusion	T	TRB	1	T-ALL			n		TAL2,ENSG00000186051.6,Q16559,6887,bHLHa19
681	TBL1XR1	transducin beta like 1 X-linked receptor 1	COSG96938	ENSG00000177565.16	ENSG00000177565	3	177019340	177228000	chr3:177019340-177228000	3q26.32	y	n	L, E, M	Rec	oncogene, TSG, fusion	F, Mis, T		1	splenic marginal zone lymphoma, primary central nervous system lymphoma, colorectal carcinoma, gallbladder carcinoma			n		TBL1XR1,ENSG00000177565.16,Q9BZK7,79718,C21,DC42,FLJ12894,IRA1,TBLR1
682	TBX3	T-box 3	COSG61092	ENSG00000135111.15	ENSG00000135111	12	114670254	114684164	chr12:114670254-114684164	12q24.21	y	n	E	Dom	oncogene, TSG	Mis, N, F, O		1	breast, large intestine, skin			y	ulnar-mammary syndrome	TBX3,ENSG00000135111.15,O15119,6926,TBX3-ISO,XHL
683	TCEA1	transcription elongation factor A1	COSG66746	ENSG00000187735.13	ENSG00000187735	8	53966552	54022529	chr8:53966552-54022529	8q11.23	y	n	E	Dom	fusion	T	PLAG1	1	salivary adenoma			n		TCEA1,ENSG00000187735.13,P23193,6917,SII,TF2S,TFIIS
684	TCF12	transcription factor 12	COSG62962	ENSG00000140262.17	ENSG00000140262	15	56918623	57299281	chr15:56918623-57299281	15q21.3	y	n	M	Dom	fusion	T	NR4A3	1	extraskeletal myxoid chondrosarcoma			n		TCF12,ENSG00000140262.17,Q99081,6938,HEB,HTF4,HsT17266,bHLHb20,p64
685	TCF3	transcription factor 3	COSG59650	ENSG00000071564.14	ENSG00000071564	19	1609290	1652605	chr19:1609290-1652605	19p13.3	y	n	L	Dom	oncogene, TSG, fusion	T	PBX1, HLF, TFPT	1	pre B-ALL			n		TCF3,ENSG00000071564.14,P15923,6929,E2A,E47,ITF1,MGC129647,MGC129648,VDIR,bHLHb21,p75
686	TCF7L2	transcription factor 7 like 2	COSG99267	ENSG00000148737.16	ENSG00000148737	10	112950250	113167678	chr10:112950250-113167678	10q25.3	y	n	E	Dom	oncogene, fusion	T	VTI1A	1	colorectal			n		TCF7L2,ENSG00000148737.16,Q9NQB0,6934,TCF-4
687	TCL1A	T cell leukemia/lymphoma 1A	COSG80884	ENSG00000100721.10	ENSG00000100721	14	95709967	95714196	chr14:95709967-95714196	14q32.13	y	n	L	Dom	oncogene, fusion	T	TRA	1	T-CLL			n		TCL1A,ENSG00000100721.10,P56279,8115,TCL1
688	TEC	tec protein tyrosine kinase	COSG72827	ENSG00000135605.12	ENSG00000135605	4	48135783	48269864	chr4:48135783-48269864	4p12	y	n	M		oncogene, fusion	T		2	myxoid chondrosarcoma			n		TEC,ENSG00000135605.12,P42680,7006,PSCTK4
689	TENT5C	terminal nucleotidyltransferase 5C	COSG82010	ENSG00000183508.4	ENSG00000183508	1	117605934	117628372	chr1:117605934-117628372	1p12	y	n	L	Rec	TSG	Mis, F, O		1	MM			n		TENT5C,ENSG00000183508.4,Q5VWP2,54855,FLJ20202
690	TERT	telomerase reverse transcriptase	COSG76097	ENSG00000164362.18	ENSG00000164362	5	1253147	1295069	chr5:1253147-1295069	5p15.33	y	y	E, O	Dom	oncogene, TSG	Promoter Mis		1	melanoma, glioblastoma, hepatocellular carcinoma, bladder, skin basal cell, skin squamous cell, mesothelioma, medulloblastoma, other tumour types	melanoma		y	Dyskeratosis congenita, Telomere-related pulmonary fibrosis and/or bone marrow failure  1	TERT,ENSG00000164362.18,O14746,7015,EST2,TCS1,TP2,TRT,hEST2
691	TET1	tet methylcytosine dioxygenase 1	COSG68435	ENSG00000138336.8	ENSG00000138336	10	68560656	68694482	chr10:68560656-68694482	10q21.3	y	n	L	Dom	oncogene, TSG, fusion	T	KMT2A	1	AML			n		TET1,ENSG00000138336.8,Q8NFU7,80312,KIAA1676,LCX,bA119F7.1
692	TET2	tet methylcytosine dioxygenase 2	COSG109769	ENSG00000168769.13	ENSG00000168769	4	105145875	105279816	chr4:105145875-105279816	4q24	y	n	L	Rec	TSG	Mis, N, F		1	MDS			n		TET2,ENSG00000168769.13,Q6N021,54790,FLJ20032
693	TFE3	transcription factor binding to IGHM enhancer 3	COSG110599	ENSG00000068323.16	ENSG00000068323	X	49028726	49043486	chrX:49028726-49043486	Xp11.23	y	n	E	Dom	oncogene, fusion	T	SFPQ, ASPSCR1, PRCC, NONO, CLTC	1	papillary renal, alveolar soft part sarcoma, renal			n		TFE3,ENSG00000068323.16,P19532,7030,TFEA,bHLHe33
694	TFEB	transcription factor EB	COSG81648	ENSG00000112561.17	ENSG00000112561	6	41683978	41736259	chr6:41683978-41736259	6p21.1	y	n	E,M	Dom	oncogene, fusion	T	ALPHA	1	renal cell carcinoma (childhood epithelioid)			n		TFEB,ENSG00000112561.17,7942,TCFEB,bHLHe35
695	TFG	TRK-fused gene	COSG60365	ENSG00000114354.13	ENSG00000114354	3	100709331	100748966	chr3:100709331-100748966	3q12.2	y	n	E, L, M	Dom	fusion	T	NTRK1, ALK, NR4A3	1	papillary thyroid, ALCL, NSCLC, extraskeletal myxoid chondrosarcoma			n		TFG,ENSG00000114354.13,Q92734,10342,FLJ36137,SPG57,TF6
696	TFPT	TCF3 fusion partner	COSG94651	ENSG00000105619.13	ENSG00000105619	19	54107013	54115675	chr19:54107013-54115675	19q13.42	y	n	L	Dom	fusion	T	TCF3	2	pre-B ALL			n		TFPT,ENSG00000105619.13,P0C1Z6,29844,FB1,INO80F,amida
697	TFRC	transferrin receptor	COSG93056	ENSG00000072274.12	ENSG00000072274	3	196027183	196082189	chr3:196027183-196082189	3q29	y	n	L	Dom	fusion	T	BCL6	2	NHL			n		TFRC,ENSG00000072274.12,P02786,7037,CD71,TFR1,p90
698	TGFBR1	transforming growth factor beta receptor 1	COSG101127	ENSG00000106799.12	ENSG00000106799	9	99104038	99154192	chr9:99104038-99154192	9q22.33	y	n	E			D, F, Mis, N		2	pancreatic ductal adenocarcinoma			n		TGFBR1,ENSG00000106799.12,P36897,7046,ACVRLK4,ALK-5,ALK5,TBR-i,TBRI
699	TGFBR2	transforming growth factor beta receptor 2	COSG68111	ENSG00000163513.17	ENSG00000163513	3	30606502	30694142	chr3:30606502-30694142	3p24.1	y	y	E	Rec	TSG	Mis, F, N		1	head and neck, colorectal	colorectal	Hereditary Nonpolyposis Colorectal Cancer type 6	y	Loeys-Dietz syndrome 2	TGFBR2,ENSG00000163513.17,P37173,7048,TBR-ii,TBRII
700	THRAP3	thyroid hormone receptor associated protein 3	COSG77463	ENSG00000054118.13	ENSG00000054118	1	36224416	36305357	chr1:36224416-36305357	1p34.3	y	n	M	Dom	fusion	T	USP6	2	aneurysmal bone cyst			n		THRAP3,ENSG00000054118.13,Q9Y2W1,9967,BCLAF2,TRAP150
701	TLX1	T cell leukemia homeobox 1	COSG114529	ENSG00000107807.12	ENSG00000107807	10	101130505	101137789	chr10:101130505-101137789	10q24.31	y	n	L	Dom	oncogene, fusion	T	TRB, TRD	1	T-ALL			n		TLX1,ENSG00000107807.12,P31314,3195
702	TLX3	T cell leukemia homeobox 3	COSG101712	ENSG00000164438.5	ENSG00000164438	5	171309284	171312134	chr5:171309284-171312134	5q35.1	y	n	L	Dom	oncogene, fusion	T	BCL11B	1	T-ALL			n		TLX3,ENSG00000164438.5,O43711,30012,RNX
703	TMEM127	transmembrane protein 127	COSG94256	ENSG00000135956.8	ENSG00000135956	2	96248516	96265994	chr2:96248516-96265994	2q11.2	n	y	O, E	Rec	TSG	F, N		1		pheochromocytoma, renal cell carcinoma		n		TMEM127,ENSG00000135956.8,O75204,55654,FLJ20507,FLJ22257
704	TMPRSS2	transmembrane serine protease 2	COSG82247	ENSG00000184012.11	ENSG00000184012	21	41464551	41531116	chr21:41464551-41531116	21q22.3	y	n	E	Dom	fusion	T	ERG, ETV1, ETV4, ETV5	1	prostate			n		TMPRSS2,ENSG00000184012.11,O15393,7113,PRSS10
705	TMSB4X	thymosin beta 4 X-linked	COSG64710	ENSG00000205542.10	ENSG00000205542	X	12975108	12977227	chrX:12975108-12977227	Xp22.2	y	n	L		oncogene	Mis, S, N, F		2	DLBCL			n		TMSB4X,ENSG00000205542.10,P62328,7114,TB4X
706	TNC	tenascin C	COSG105617	ENSG00000041982.15	ENSG00000041982	9	115019578	115118257	chr9:115019578-115118257	9q33.1	y	n	E		oncogene	Mis		2	SCC, melanoma			n		TNC,ENSG00000041982.15,P24821,3371,MGC167029,TN
707	TNFAIP3	TNF alpha induced protein 3	COSG107227	ENSG00000118503.14	ENSG00000118503	6	137867188	137883312	chr6:137867188-137883312	6q23.3	y	n	L	Rec	TSG	D, N, F		1	marginal zone B-cell lymphomas, Hodgkin lymphoma, PMBL			n		TNFAIP3,ENSG00000118503.14,P21580,7128,A20,OTUD7C
708	TNFRSF14	TNF receptor superfamily member 14	COSG68245	ENSG00000157873.17	ENSG00000157873	1	2555639	2565382	chr1:2555639-2565382	1p36.32	y	n	L	Rec	TSG	Mis, N, F		1	follicular lymphoma			n		TNFRSF14,ENSG00000157873.17,Q92956,8764,ATAR,CD270,HVEA,HVEM,LIGHTR,TR2
709	TNFRSF17	TNF receptor superfamily member 17	COSG95322	ENSG00000048462.10	ENSG00000048462	16	11965107	11968068	chr16:11965107-11968068	16p13.13	y	n	L	Dom	oncogene, fusion	T	IL2	1	intestinal T-cell lymphoma			n		TNFRSF17,ENSG00000048462.10,Q02223,608,BCM,CD269,TNFRSF13A
710	TNRC18	trinucleotide repeat containing 18	COSG96118	ENSG00000182095.14	ENSG00000182095	7	5306790	5425414	chr7:5306790-5425414	7p22.1	y	n	L		fusion	T	HOXA9, IKZF1, RARA, XPO1	2	paediatric AML, promyelocytic leukaemia			n		TNRC18,ENSG00000182095.14,O15417,84629,CAGL79,KIAA1856,TNRC18A
711	TOP1	DNA topoisomerase I	COSG78149	ENSG00000198900.5	ENSG00000198900	20	41028818	41124487	chr20:41028818-41124487	20q12	y	n	L	Dom	fusion	T	NUP98	1	AML*			n		TOP1,ENSG00000198900.5,P11387,7150
712	TP53	tumor protein p53	COSG115384	ENSG00000141510.16	ENSG00000141510	17	7661779	7687550	chr17:7661779-7687550	17p13.1	y	y	L, E, M, O	Rec	oncogene, TSG, fusion	Mis, N, F, T, D	NTRK1	1	breast, colorectal, lung, sarcoma, prostate, adrenocortical, glioma, Spitzoid tumour, multiple other tumour types	breast, sarcoma, adrenocortical carcinoma, glioma, multiple other tumour types	Li-Fraumeni syndrome	n		TP53,ENSG00000141510.16,P04637,7157,LFS1,p53
713	TP63	tumor protein p63	COSG61770	ENSG00000073282.12	ENSG00000073282	3	189631416	189897279	chr3:189631416-189897279	3q28	y	y	E		oncogene, TSG	Mis, N, T	TBL1XR1	1	HNSCC, DLBCL	NSCLC		y	associated with Hay-Wells syndrome, ADULT syndrome, ectrodactyly, ectodermal dysplasia, and cleft lip/palate syndrome (EEC), acro-dermato-ungual-lacrimal-tooth syndrome, limb mammary syndrome, Rapp-Hodgkin syndrome, split hand-split foot malformation	TP63,ENSG00000073282.12,Q9H3D4,8626,EEC3,KET,NBP,OFC8,SHFM4,p51,p53CP,p63,p73H,p73L
714	TPM3	tropomyosin 3	COSG101931	ENSG00000143549.19	ENSG00000143549	1	154155304	154194648	chr1:154155304-154194648	1q21.3	y	n	E, L	Dom	TSG, fusion	T	NTRK1, ALK, ROS1	1	papillary thyroid, ALCL, NSCLC, Spitzoid tumour			n		TPM3,ENSG00000143549.19,P06753,7170,TRK
715	TPM4	tropomyosin 4	COSG98099	ENSG00000167460.15	ENSG00000167460	19	16067021	16103005	chr19:16067021-16103005	19p13.12	y	n	L	Dom	fusion	T	ALK	1	ALCL			n		TPM4,ENSG00000167460.15,7171
716	TPR	translocated promoter region, nuclear basket protein	COSG113909	ENSG00000047410.13	ENSG00000047410	1	186311652	186375693	chr1:186311652-186375693	1q31.1	y	n	E	Dom	fusion	T	NTRK1, ALK	1	papillary thyroid, NSCLC			n		TPR,ENSG00000047410.13,P12270,7175
717	TRA	T cell receptor alpha locus	COSG116140			14				14q11.2	y	n	L	Dom	fusion	T	ATL, OLIG2, MYC, TCL1A, TCL6, MTCP1, TCL6	1	T-ALL			n		TRA,6955
718	TRAF7	TNF receptor associated factor 7	COSG74104	ENSG00000131653.12	ENSG00000131653	16	2155698	2178129	chr16:2155698-2178129	16p13.3	y	n	O	Dom	TSG	Mis		1	meningioma			n		TRAF7,ENSG00000131653.12,Q6Q0C0,84231,DKFZp586I021,MGC7807,RNF119
719	TRB	T cell receptor beta locus	COSG116141			7				7q34	y	n	L	Dom	fusion	T	HOX11, LCK, NOTCH1, TAL2, LYL1	1	T-ALL			n		TRB,6957
720	TRD	T cell receptor delta locus	COSG116142			14				14q11.2	y	n	L	Dom	fusion	T	TAL1, HOX11, TLX1, LMO1, LMO2, RANBP17	1	T-cell leukaemia			n		TRD,6964,TCRDV1
721	TRIM24	tripartite motif containing 24	COSG114610	ENSG00000122779.17	ENSG00000122779	7	138460334	138589993	chr7:138460334-138589993	7q34	y	n	L	Dom	oncogene, TSG, fusion	T	RARA	1	APL			n		TRIM24,ENSG00000122779.17,O15164,8805,RNF82,TIF1A,Tif1a,hTIF1
722	TRIM27	tripartite motif containing 27	COSG92877	ENSG00000204713.10	ENSG00000204713	6	28903002	28923989	chr6:28903002-28923989	6p22.1	y	n	E	Dom	oncogene, fusion	T	RET	1	papillary thyroid			n		TRIM27,ENSG00000204713.10,P14373,5987,RNF76
723	TRIM33	tripartite motif containing 33	COSG58637	ENSG00000197323.11	ENSG00000197323	1	114392777	114511160	chr1:114392777-114511160	1p13.2	y	n	E	Dom	TSG, fusion	T	RET	1	papillary thyroid			n		TRIM33,ENSG00000197323.11,Q9UPN9,51592,FLJ11429,KIAA1113,PTC7,RFG7,TF1G,TIF1G,TIF1GAMMA,TIFGAMMA
724	TRIP11	thyroid hormone receptor interactor 11	COSG101385	ENSG00000100815.12	ENSG00000100815	14	91965991	92040896	chr14:91965991-92040896	14q32.12	y	n	L	Dom	fusion	T	PDGFRB	1	AML			n		TRIP11,ENSG00000100815.12,Q15643,9321,CEV14,GMAP-210,GMAP210,Trip230
725	TRRAP	transformation/transcription domain associated protein	COSG67046	ENSG00000196367.13	ENSG00000196367	7	98877933	99050831	chr7:98877933-99050831	7q22.1	y	n	E	Dom	oncogene	Mis		1	melanoma			n		TRRAP,ENSG00000196367.13,Q9Y4A5,8295,PAF400,TR-AP,Tra1
726	TSC1	TSC complex subunit 1	COSG74466	ENSG00000165699.14	ENSG00000165699	9	132891348	132946874	chr9:132891348-132946874	9q34.13	y	y	E, O	Rec	TSG	D, Mis, N, F, S		1	renal cell carcinoma, bladder carcinoma	hamartoma, renal cell carcinoma, tuberous sclerosis tuber	Tuberous sclerosis 1	n		TSC1,ENSG00000165699.14,Q92574,7248,KIAA0243,LAM,hamartin
727	TSC2	TSC complex subunit 2	COSG57978	ENSG00000103197.17	ENSG00000103197	16	2047465	2089487	chr16:2047465-2089487	16p13.3	y	y	E, O	Rec	TSG	D, Mis, N, F, S		1	pulmonary lymphangioleiomyomatosis (LAM), renal angiomyolipoma, HNSCC	hamartoma, renal cell carcinoma, tuberous sclerosis tuber	Tuberous sclerosis 2	n		TSC2,ENSG00000103197.17,P49815,7249,LAM,PPP1R160,tuberin
728	TSHR	thyroid stimulating hormone receptor	COSG90928	ENSG00000165409.17	ENSG00000165409	14	80954989	81146302	chr14:80954989-81146302	14q31.1	y	n	E	Dom		Mis		2	toxic thyroid adenoma, thyroid gland follicular carcinoma			y	familial non-autoimmune autosomal dominant hyperthyroidism	TSHR,ENSG00000165409.17,7253,LGR3
729	U2AF1	U2 small nuclear RNA auxiliary factor 1	COSG64514	ENSG00000160201.11	ENSG00000160201	21	43092956	43107587	chr21:43092956-43107587	21q22.3	y	n	L	Dom	oncogene	Mis		1	CLL, MDS			n		U2AF1,ENSG00000160201.11,Q01081,7307,RN,RNU2AF1,U2AF35
730	UBR5	ubiquitin protein ligase E3 component n-recognin 5	COSG65755	ENSG00000104517.12	ENSG00000104517	8	102253012	102412841	chr8:102253012-102412841	8q22.3	y	n	L, E	Rec	oncogene	F, N, Mis, S		1	mantle cell lymphoma, gastric, colorectal			n		UBR5,ENSG00000104517.12,O95071,51366,DD5,EDD,HYD,KIAA0896
731	UBTF	upstream binding transcription factor	COSG67388	ENSG00000108312.14	ENSG00000108312	17	44205033	44221626	chr17:44205033-44221626	17q21.31	y	n	L		oncogene, fusion	O	ATXN7L3	1	AML			n		UBTF,ENSG00000108312.14,P17480,7343,NOR-90,UBF,UBF1,UBF2
732	USP44	ubiquitin specific peptidase 44	COSG92286	ENSG00000136014.11	ENSG00000136014	12	95516560	95551490	chr12:95516560-95551490	12q22	y	n	E		TSG	D		2	lung cancer, colon cancer			n		USP44,ENSG00000136014.11,Q9H0E7,84101,FLJ14528
733	USP6	ubiquitin specific peptidase 6	COSG107118	ENSG00000129204.16	ENSG00000129204	17	5116438	5175034	chr17:5116438-5175034	17p13.2	y	n	M	Dom	oncogene, fusion	T	COL1A1, CDH11, CNBP, OMD, THRAP3	1	aneurysmal bone cyst			n		USP6,ENSG00000129204.16,P35125,9098,TRE17,Tre-2,Tre2
734	USP8	ubiquitin specific peptidase 8	COSG87291	ENSG00000138592.13	ENSG00000138592	15	50424380	50514419	chr15:50424380-50514419	15q21.2	y	n	E	Dom	oncogene	Mis, N		1	corticotroph adenoma			n		USP8,ENSG00000138592.13,P40818,9101,HumORF8,KIAA0055,SPG59,UBPY
735	USP9X	ubiquitin specific peptidase 9 X-linked	COSG86650	ENSG00000124486.12	ENSG00000124486	X	41085635	41236579	chrX:41085635-41236579	Xp11.4	y	n	E		fusion	T	ERAS	2	colon carcinoma			n		USP9X,ENSG00000124486.12,Q93008,8239,DFFRX,FAF,MRX99
736	VAV1	vav guanine nucleotide exchange factor 1	COSG96287	ENSG00000141968.7	ENSG00000141968	19	6772714	6857366	chr19:6772714-6857366	19p13.3	y	n	L		fusion	T	THAP4, MYO1F, S100A7	2	T-cell lymphoma			n		VAV1,ENSG00000141968.7,P15498,7409
737	VHL	von Hippel-Lindau tumor suppressor	COSG111666	ENSG00000134086.7	ENSG00000134086	3	10141008	10152220	chr3:10141008-10152220	3p25.3	y	y	E, M, O	Rec	TSG	D, Mis, N, F, S		1	renal, haemangioma, pheochromocytoma	renal, haemangioma, pheochromocytoma	Von Hippel-Lindau syndrome	n		VHL,ENSG00000134086.7,P40337,7428,VHL1
738	VTI1A	vesicle transport through interaction with t-SNAREs 1A	COSG86674	ENSG00000151532.13	ENSG00000151532	10	112446998	112818744	chr10:112446998-112818744	10q25.2	y	n	E	Dom	fusion	T	TCF7L2	2	colorectal			n		VTI1A,ENSG00000151532.13,Q96AJ9,143187,MVti1,Vti1-rp2,Vti1a
739	WAS	Wiskott-Aldrich syndrome	COSG72492	ENSG00000015285.10	ENSG00000015285	X	48676596	48691427	chrX:48676596-48691427	Xp11.23	n	y	L	Rec/X	oncogene	Mis, N, F, S		1		lymphoma	Wiskott-Aldrich syndrome	n		WAS,ENSG00000015285.10,P42768,7454,WASP,WASPA
740	WDCP	WD repeat and coiled coil containing	COSG91148	ENSG00000163026.11	ENSG00000163026	2	24029340	24049575	chr2:24029340-24049575	2p23.3	y	n	E	Dom	fusion	T	ALK	1	colorectal			n		WDCP,ENSG00000163026.11,Q9H6R7,80304,FLJ21945,MMAP
741	WIF1	WNT inhibitory factor 1	COSG112650	ENSG00000156076.9	ENSG00000156076	12	65050626	65121566	chr12:65050626-65121566	12q14.3	y	n	E	Dom	TSG, fusion	T	HMGA2	1	pleomorphic salivary gland adenoma			n		WIF1,ENSG00000156076.9,Q9Y5W5,11197
742	WNK2	WNK lysine deficient protein kinase 2	COSG97812	ENSG00000165238.16	ENSG00000165238	9	93184916	93320572	chr9:93184916-93320572	9q22.31	y	n	E		TSG	Mis		2	gastric cancer			n		WNK2,ENSG00000165238.16,Q9Y3S1,65268,KIAA1760,NY-CO-43
743	WRN	Werner syndrome RecQ like helicase	COSG61815	ENSG00000165392.9	ENSG00000165392	8	31033801	31173769	chr8:31033801-31173769	8p12	n	y	L, E, M, O	Rec	TSG	Mis, N, F, S		1		osteosarcoma, meningioma, other tumour types	Werner syndrome	n		WRN,ENSG00000165392.9,Q14191,7486,RECQ3,RECQL2
744	WT1	Wilms tumor 1	COSG61501	ENSG00000184937.13	ENSG00000184937	11	32387775	32435630	chr11:32387775-32435630	11p13	y	y	O	Rec	oncogene, TSG, fusion	D, Mis, N, F, S, T	EWSR1	1	Wilms tumour, desmoplastic small round cell tumour	Wilms tumour	Denys-Drash syndrome, Frasier syndrome, familial Wilms tumour	n		WT1,ENSG00000184937.13,7490,AWT1,NPHS4,WAGR,WIT-2
745	WWTR1	WW domain containing transcription regulator 1	COSG84133	ENSG00000018408.14	ENSG00000018408	3	149517235	149736714	chr3:149517235-149736714	3q25.1	y	n	M	Dom	oncogene, fusion	T	CAMTA1	1	epithelioid haemangioendothelioma			n		WWTR1,ENSG00000018408.14,Q9GZV5,25937,DKFZp586I1419,TAZ
746	XPA	XPA, DNA damage recognition and repair factor	COSG102586	ENSG00000136936.10	ENSG00000136936	9	97674909	97697357	chr9:97674909-97697357	9q22.33	n	y	E	Rec	TSG	Mis, N, F, S		1		skin basal cell, skin squamous cell, melanoma	xeroderma pigmentosum (A)	n		XPA,ENSG00000136936.10,P23025,7507,XP1,XPAC
747	XPC	XPC complex subunit, DNA damage recognition and repair factor	COSG95459	ENSG00000154767.14	ENSG00000154767	3	14145147	14178783	chr3:14145147-14178783	3p25.1	n	y	E	Rec	TSG	Mis, N, F, S		1		skin basal cell, skin squamous cell, melanoma	xeroderma pigmentosum (C)	n		XPC,ENSG00000154767.14,Q01831,7508,RAD4,XPCC
748	XPO1	exportin 1	COSG68225	ENSG00000082898.16	ENSG00000082898	2	61477849	61538626	chr2:61477849-61538626	2p15	y	n	L	Dom	oncogene	Mis		1	CLL			n		XPO1,ENSG00000082898.16,O14980,7514,CRM1,emb
749	YAP1	Yes associated protein 1	COSG79741	ENSG00000137693.13	ENSG00000137693	11	102110461	102233423	chr11:102110461-102233423	11q22.1	y	n	E, O		fusion, oncogene	A, T	MAML2	1	cervical carcinoma, glioblastoma, meningioma			n		YAP1,ENSG00000137693.13,P46937,10413,YAP65
750	YWHAE	tyrosine 3-monooxygenase/tryptophan 5-monooxygenase activation protein epsilon	COSG73314	ENSG00000108953.16	ENSG00000108953	17	1344272	1400378	chr17:1344272-1400378	17p13.3	y	n	M	Dom	TSG, fusion	T	NUTM2A, NUTM2B	1	endometrial stromal sarcoma			y	Miller-Dieker lissencephaly syndrome	YWHAE,ENSG00000108953.16,P62258,7531,FLJ45465
751	ZBTB16	zinc finger and BTB domain containing 16	COSG68438	ENSG00000109906.13	ENSG00000109906	11	114059593	114250676	chr11:114059593-114250676	11q23.2	y	n	L	Dom	TSG, fusion	T	RARA	1	APL			n		ZBTB16,ENSG00000109906.13,Q05516,7704,PLZF
752	ZCCHC8	zinc finger CCHC-type containing 8	COSG91510	ENSG00000033030.13	ENSG00000033030	12	122471600	122501073	chr12:122471600-122501073	12q24.31	y	n	E	Dom	fusion	T	ROS1	2	Spitzoid tumour			n		ZCCHC8,ENSG00000033030.13,Q6NZY4,55596,DKFZp434E2220
753	ZEB1	zinc finger E-box binding homeobox 1	COSG60276	ENSG00000148516.21	ENSG00000148516	10	31318495	31529814	chr10:31318495-31529814	10p11.22	y	n	E		oncogene	Mis		2	CCRCC, melanoma			n		ZEB1,ENSG00000148516.21,P37275,6935,AREB6,BZP,FECD6,NIL-2-A,ZEB,Zfhep,Zfhx1a
754	ZFHX3	zinc finger homeobox 3	COSG106670	ENSG00000140836.16	ENSG00000140836	16	72782885	73891871	chr16:72782885-73891871	16q22.3	y	n	E	Dom	TSG	Mis, N		1	endometrial, gastric, prostate			n		ZFHX3,ENSG00000140836.16,Q15911,463,ZNF927
755	ZMYM2	zinc finger MYM-type containing 2	COSG84691	ENSG00000121741.16	ENSG00000121741	13	19958670	20091829	chr13:19958670-20091829	13q12.11	y	n	L	Dom	fusion	T	FGFR1	1	MPN, NHL			n		ZMYM2,ENSG00000121741.16,Q9UBW7,7750,FIM,MYM,RAMP
756	ZMYM3	zinc finger MYM-type containing 3	COSG81053	ENSG00000147130.14	ENSG00000147130	X	71239624	71255146	chrX:71239624-71255146	Xq13.1	y	n	E		TSG	F		2	CRC, breast cancer			n		ZMYM3,ENSG00000147130.14,Q14202,9203,DXS6673E,KIAA0385,MYM,ZNF198L2
757	ZNF331	zinc finger protein 331	COSG73607	ENSG00000130844.16	ENSG00000130844	19	53520981	53580269	chr19:53520981-53580269	19q13.42	y	n	E	Dom	TSG, fusion	T	?	1	follicular thyroid adenoma			n		ZNF331,ENSG00000130844.16,Q9NQX6,55422,RITA,ZNF361,ZNF463
758	ZNF384	zinc finger protein 384	COSG68568	ENSG00000126746.17	ENSG00000126746	12	6666477	6689572	chr12:6666477-6689572	12p13.31	y	n	L	Dom	fusion	T	EWSR1, TAF15	1	ALL			n		ZNF384,ENSG00000126746.17,Q8TF68,171017,CAGH1A,CIZ,NMP4,NP
759	ZNF429	zinc finger protein 429	COSG92428	ENSG00000197013.9	ENSG00000197013	19	21496682	21556270	chr19:21496682-21556270	19p12	y	n	O			Mis		2	GBM			n		ZNF429,ENSG00000197013.9,Q86V71,353088
760	ZNF479	zinc finger protein 479	COSG111702	ENSG00000185177.12	ENSG00000185177	7	57119614	57139864	chr7:57119614-57139864	7p11.2	y	n	E			Mis		2	lung cancer, bladder carcinoma, prostate carcinoma			n		ZNF479,ENSG00000185177.12,Q96JC4,90827,KR19
761	ZNF521	zinc finger protein 521	COSG65491	ENSG00000198795.10	ENSG00000198795	18	25061926	25352190	chr18:25061926-25352190	18q11.2	y	n	L	Dom	oncogene, fusion	T	PAX5	1	ALL			n		ZNF521,ENSG00000198795.10,Q96K83,25925,EHZF,Evi3
762	ZNRF3	zinc and ring finger 3	COSG102839	ENSG00000183579.15	ENSG00000183579	22	28883592	29057487	chr22:28883592-29057487	22q12.1	y	n	E		TSG	N, F, Mis		2	colorectal cancer, adrenocortical carcinoma, gastric cancer			n		ZNRF3,ENSG00000183579.15,Q9ULT6,84133,BK747E2.3,FLJ22057,KIAA1133,RNF203
763	ZRSR2	zinc finger CCCH-type, RNA binding motif and serine/arginine rich 2	COSG85804	ENSG00000169249.12	ENSG00000169249	X	15790472	15823260	chrX:15790472-15823260	Xp22.2	y	n	L	Rec	TSG	F, S, Mis		1	MDS, CLL			n		ZRSR2,ENSG00000169249.12,Q15696,8233,U2AF1-RS2,URP,ZC3H22
