SEQUENCE_ID	HEADER	GENE	GENE_NO	TRANSCRIPT	STRAND	COSMIC	REGION	INPUT_SEQUENCE_LENGTH	QGRS_COUNT	MAX_GSCORE	MAX_TETRADS	HAS_QGRS	STATUS
1	GENE=A1CF|GENE_NO=1|TRANSCRIPT=ENST00000373997.8|STRAND=-|COSMIC=COSG68236|REGION=3UTR(-)	A1CF	1	ENST00000373997.8	-	COSG68236	3UTR(-)	7323	12	53	3	y	ok
2	GENE=ABI1|GENE_NO=2|TRANSCRIPT=ENST00000376140.4|STRAND=-|COSMIC=COSG100962|REGION=3UTR(-)	ABI1	2	ENST00000376140.4	-	COSG100962	3UTR(-)	1977	1	33	2	y	ok
3	GENE=ABL1|GENE_NO=3|TRANSCRIPT=ENST00000318560.6|STRAND=+|COSMIC=COSG106650|REGION=3UTR(+)	ABL1	3	ENST00000318560.6	+	COSG106650	3UTR(+)	1995	13	58	3	y	ok
4	GENE=ABL2|GENE_NO=4|TRANSCRIPT=ENST00000502732.6|STRAND=-|COSMIC=COSG93778|REGION=3UTR(-)	ABL2	4	ENST00000502732.6	-	COSG93778	3UTR(-)	8391	34	61	3	y	ok
5	GENE=ACKR3|GENE_NO=5|TRANSCRIPT=ENST00000272928.4|STRAND=+|COSMIC=COSG97311|REGION=3UTR(+)	ACKR3	5	ENST00000272928.4	+	COSG97311	3UTR(+)	803	3	53	3	y	ok
6	GENE=ACSL3|GENE_NO=6|TRANSCRIPT=ENST00000357430.8|STRAND=+|COSMIC=COSG110896|REGION=3UTR(+)	ACSL3	6	ENST00000357430.8	+	COSG110896	3UTR(+)	2988	3	32	2	y	ok
7	GENE=ACSL6|GENE_NO=7|TRANSCRIPT=ENST00000651883.2|STRAND=-|COSMIC=COSG111804|REGION=3UTR(-)	ACSL6	7	ENST00000651883.2	-	COSG111804	3UTR(-)	4264	11	36	2	y	ok
8	GENE=ACVR1|GENE_NO=8|TRANSCRIPT=ENST00000434821.7|STRAND=-|COSMIC=COSG104387|REGION=3UTR(-)	ACVR1	8	ENST00000434821.7	-	COSG104387	3UTR(-)	1088	5	34	2	y	ok
9	GENE=ACVR1B|GENE_NO=9|TRANSCRIPT=ENST00000257963.9|STRAND=+|COSMIC=COSG87372|REGION=3UTR(+)	ACVR1B	9	ENST00000257963.9	+	COSG87372	3UTR(+)	2971				timeout	timeout
10	GENE=ACVR2A|GENE_NO=10|TRANSCRIPT=ENST00000241416.12|STRAND=+|COSMIC=COSG109828|REGION=3UTR(+)	ACVR2A	10	ENST00000241416.12	+	COSG109828	3UTR(+)	3551	3	34	2	y	ok
11	GENE=AFDN|GENE_NO=11|TRANSCRIPT=ENST00000683244.1|STRAND=+|COSMIC=COSG74504|REGION=3UTR(+)	AFDN	11	ENST00000683244.1	+	COSG74504	3UTR(+)	2091	6	34	2	y	ok
12	GENE=AFF1|GENE_NO=12|TRANSCRIPT=ENST00000395146.9|STRAND=+|COSMIC=COSG69615|REGION=3UTR(+)	AFF1	12	ENST00000395146.9	+	COSG69615	3UTR(+)	5341	17	36	2	y	ok
13	GENE=AFF3|GENE_NO=13|TRANSCRIPT=ENST00000672756.2|STRAND=-|COSMIC=COSG86784|REGION=3UTR(-)	AFF3	13	ENST00000672756.2	-	COSG86784	3UTR(-)	6058	17	34	2	y	ok
14	GENE=AFF4|GENE_NO=14|TRANSCRIPT=ENST00000265343.10|STRAND=-|COSMIC=COSG73994|REGION=3UTR(-)	AFF4	14	ENST00000265343.10	-	COSG73994	3UTR(-)	5667	12	64	3	y	ok
15	GENE=AKAP9|GENE_NO=15|TRANSCRIPT=ENST00000356239.8|STRAND=+|COSMIC=COSG89677|REGION=3UTR(+)	AKAP9	15	ENST00000356239.8	+	COSG89677	3UTR(+)	517	0	0	0	n	ok
16	GENE=AKT1|GENE_NO=16|TRANSCRIPT=ENST00000649815.2|STRAND=-|COSMIC=COSG100756|REGION=3UTR(-)	AKT1	16	ENST00000649815.2	-	COSG100756	3UTR(-)	995	5	64	3	y	ok
17	GENE=AKT2|GENE_NO=17|TRANSCRIPT=ENST00000392038.7|STRAND=-|COSMIC=COSG75261|REGION=3UTR(-)	AKT2	17	ENST00000392038.7	-	COSG75261	3UTR(-)	3558				timeout	timeout
18	GENE=AKT3|GENE_NO=18|TRANSCRIPT=ENST00000673466.1|STRAND=-|COSMIC=COSG82568|REGION=3UTR(-)	AKT3	18	ENST00000673466.1	-	COSG82568	3UTR(-)	5528	18	62	3	y	ok
19	GENE=ALDH2|GENE_NO=19|TRANSCRIPT=ENST00000261733.7|STRAND=+|COSMIC=COSG78204|REGION=3UTR(+)	ALDH2	19	ENST00000261733.7	+	COSG78204	3UTR(+)	7960	39	62	3	y	ok
20	GENE=ALK|GENE_NO=20|TRANSCRIPT=ENST00000389048.8|STRAND=-|COSMIC=COSG59677|REGION=3UTR(-)	ALK	20	ENST00000389048.8	-	COSG59677	3UTR(-)	453	2	34	2	y	ok
21	GENE=AMER1|GENE_NO=21|TRANSCRIPT=ENST00000374869.8|STRAND=-|COSMIC=COSG111928|REGION=3UTR(-)	AMER1	21	ENST00000374869.8	-	COSG111928	3UTR(-)	4765	24	77	4	y	ok
22	GENE=ANK1|GENE_NO=22|TRANSCRIPT=ENST00000289734.13|STRAND=-|COSMIC=COSG110999|REGION=3UTR(-)	ANK1	22	ENST00000289734.13	-	COSG110999	3UTR(-)	2568	9	58	3	y	ok
23	GENE=APC|GENE_NO=23|TRANSCRIPT=ENST00000257430.9|STRAND=+|COSMIC=COSG108961|REGION=3UTR(+)	APC	23	ENST00000257430.9	+	COSG108961	3UTR(+)	2116	3	30	2	y	ok
24	GENE=AR|GENE_NO=24|TRANSCRIPT=ENST00000374690.9|STRAND=+|COSMIC=COSG86691|REGION=3UTR(+)	AR	24	ENST00000374690.9	+	COSG86691	3UTR(+)	6781	22	48	3	y	ok
25	GENE=ARAF|GENE_NO=25|TRANSCRIPT=ENST00000377045.9|STRAND=+|COSMIC=COSG63174|REGION=3UTR(+)	ARAF	25	ENST00000377045.9	+	COSG63174	3UTR(+)	454	2	34	2	y	ok
26	GENE=ARHGAP26|GENE_NO=26|TRANSCRIPT=ENST00000645722.2|STRAND=+|COSMIC=COSG66814|REGION=3UTR(+)	ARHGAP26	26	ENST00000645722.2	+	COSG66814	3UTR(+)	6564	24	36	2	y	ok
27	GENE=ARHGAP35|GENE_NO=27|TRANSCRIPT=ENST00000672722.1|STRAND=+|COSMIC=COSG59943|REGION=3UTR(+)	ARHGAP35	27	ENST00000672722.1	+	COSG59943	3UTR(+)	4392	23	60	3	y	ok
28	GENE=ARHGAP5|GENE_NO=28|TRANSCRIPT=ENST00000345122.8|STRAND=+|COSMIC=COSG113539|REGION=3UTR(+)	ARHGAP5	28	ENST00000345122.8	+	COSG113539	3UTR(+)	4783	7	34	2	y	ok
29	GENE=ARHGEF10|GENE_NO=29|TRANSCRIPT=ENST00000349830.8|STRAND=+|COSMIC=COSG72704|REGION=3UTR(+)	ARHGEF10	29	ENST00000349830.8	+	COSG72704	3UTR(+)	1381	3	34	2	y	ok
30	GENE=ARHGEF10L|GENE_NO=30|TRANSCRIPT=ENST00000361221.8|STRAND=+|COSMIC=COSG64462|REGION=3UTR(+)	ARHGEF10L	30	ENST00000361221.8	+	COSG64462	3UTR(+)	492	4	59	3	y	ok
31	GENE=ARHGEF12|GENE_NO=31|TRANSCRIPT=ENST00000397843.7|STRAND=+|COSMIC=COSG109622|REGION=3UTR(+)	ARHGEF12	31	ENST00000397843.7	+	COSG109622	3UTR(+)	4863	13	62	3	y	ok
32	GENE=ARID1A|GENE_NO=32|TRANSCRIPT=ENST00000324856.13|STRAND=+|COSMIC=COSG71518|REGION=3UTR(+)	ARID1A	32	ENST00000324856.13	+	COSG71518	3UTR(+)	1351	0	0	0	n	ok
33	GENE=ARID1B|GENE_NO=33|TRANSCRIPT=ENST00000636930.2|STRAND=+|COSMIC=COSG107409|REGION=3UTR(+)	ARID1B	33	ENST00000636930.2	+	COSG107409	3UTR(+)	2891	4	34	2	y	ok
34	GENE=ARID2|GENE_NO=34|TRANSCRIPT=ENST00000334344.11|STRAND=+|COSMIC=COSG89256|REGION=3UTR(+)	ARID2	34	ENST00000334344.11	+	COSG89256	3UTR(+)	2962	3	28	2	y	ok
35	GENE=ARNT|GENE_NO=35|TRANSCRIPT=ENST00000358595.10|STRAND=-|COSMIC=COSG69731|REGION=3UTR(-)	ARNT	35	ENST00000358595.10	-	COSG69731	3UTR(-)	2311	9	62	3	y	ok
36	GENE=ASPM|GENE_NO=36|TRANSCRIPT=ENST00000367409.9|STRAND=-|COSMIC=COSG93625|REGION=3UTR(-)	ASPM	36	ENST00000367409.9	-	COSG93625	3UTR(-)	200	0	0	0	n	ok
37	GENE=ASPSCR1|GENE_NO=37|TRANSCRIPT=ENST00000306739.9|STRAND=+|COSMIC=COSG109748|REGION=3UTR(+)	ASPSCR1	37	ENST00000306739.9	+	COSG109748	3UTR(+)	87	0	0	0	n	ok
38	GENE=ASXL1|GENE_NO=38|TRANSCRIPT=ENST00000375687.10|STRAND=+|COSMIC=COSG63327|REGION=3UTR(+)	ASXL1	38	ENST00000375687.10	+	COSG63327	3UTR(+)	1984	8	61	3	y	ok
39	GENE=ASXL2|GENE_NO=39|TRANSCRIPT=ENST00000435504.9|STRAND=-|COSMIC=COSG71126|REGION=3UTR(-)	ASXL2	39	ENST00000435504.9	-	COSG71126	3UTR(-)	8279	24	58	3	y	ok
40	GENE=ATF1|GENE_NO=40|TRANSCRIPT=ENST00000262053.8|STRAND=+|COSMIC=COSG90645|REGION=3UTR(+)	ATF1	40	ENST00000262053.8	+	COSG90645	3UTR(+)	1386	2	33	2	y	ok
41	GENE=ATIC|GENE_NO=41|TRANSCRIPT=ENST00000236959.14|STRAND=+|COSMIC=COSG101434|REGION=3UTR(+)	ATIC	41	ENST00000236959.14	+	COSG101434	3UTR(+)	112	0	0	0	n	ok
42	GENE=ATM|GENE_NO=42|TRANSCRIPT=ENST00000675843.1|STRAND=+|COSMIC=COSG89944|REGION=3UTR(+)	ATM	42	ENST00000675843.1	+	COSG89944	3UTR(+)	3597	5	35	2	y	ok
43	GENE=ATP1A1|GENE_NO=43|TRANSCRIPT=ENST00000295598.10|STRAND=+|COSMIC=COSG58843|REGION=3UTR(+)	ATP1A1	43	ENST00000295598.10	+	COSG58843	3UTR(+)	333	1	63	3	y	ok
44	GENE=ATP2B3|GENE_NO=44|TRANSCRIPT=ENST00000263519.5|STRAND=+|COSMIC=COSG102707|REGION=3UTR(+)	ATP2B3	44	ENST00000263519.5	+	COSG102707	3UTR(+)	2634	10	62	3	y	ok
45	GENE=ATR|GENE_NO=45|TRANSCRIPT=ENST00000350721.9|STRAND=-|COSMIC=COSG73559|REGION=3UTR(-)	ATR	45	ENST00000350721.9	-	COSG73559	3UTR(-)	197	0	0	0	n	ok
46	GENE=ATRX|GENE_NO=46|TRANSCRIPT=ENST00000373344.11|STRAND=-|COSMIC=COSG106026|REGION=3UTR(-)	ATRX	46	ENST00000373344.11	-	COSG106026	3UTR(-)	3474	3	34	2	y	ok
47	GENE=AXIN1|GENE_NO=47|TRANSCRIPT=ENST00000262320.8|STRAND=-|COSMIC=COSG75575|REGION=3UTR(-)	AXIN1	47	ENST00000262320.8	-	COSG75575	3UTR(-)	685	3	36	2	y	ok
48	GENE=AXIN2|GENE_NO=48|TRANSCRIPT=ENST00000307078.10|STRAND=-|COSMIC=COSG96143|REGION=3UTR(-)	AXIN2	48	ENST00000307078.10	-	COSG96143	3UTR(-)	1416	4	63	3	y	ok
49	GENE=B2M|GENE_NO=49|TRANSCRIPT=ENST00000648006.3|STRAND=+|COSMIC=COSG79234|REGION=3UTR(+)	B2M	49	ENST00000648006.3	+	COSG79234	3UTR(+)	556	4	34	2	y	ok
50	GENE=BAP1|GENE_NO=50|TRANSCRIPT=ENST00000460680.6|STRAND=-|COSMIC=COSG113385|REGION=3UTR(-)	BAP1	50	ENST00000460680.6	-	COSG113385	3UTR(-)	1283	6	62	3	y	ok
51	GENE=BARD1|GENE_NO=51|TRANSCRIPT=ENST00000260947.9|STRAND=-|COSMIC=COSG71483|REGION=3UTR(-)	BARD1	51	ENST00000260947.9	-	COSG71483	3UTR(-)	3033	5	34	2	y	ok
52	GENE=BAX|GENE_NO=52|TRANSCRIPT=ENST00000345358.12|STRAND=+|COSMIC=COSG106962|REGION=3UTR(+)	BAX	52	ENST00000345358.12	+	COSG106962	3UTR(+)	165	1	63	3	y	ok
53	GENE=BAZ1A|GENE_NO=53|TRANSCRIPT=ENST00000360310.6|STRAND=-|COSMIC=COSG114282|REGION=3UTR(-)	BAZ1A	53	ENST00000360310.6	-	COSG114282	3UTR(-)	780	1	27	2	y	ok
54	GENE=BCL10|GENE_NO=54|TRANSCRIPT=ENST00000648566.1|STRAND=-|COSMIC=COSG86862|REGION=3UTR(-)	BCL10	54	ENST00000648566.1	-	COSG86862	3UTR(-)	1854	4	31	2	y	ok
55	GENE=BCL11A|GENE_NO=55|TRANSCRIPT=ENST00000642384.2|STRAND=-|COSMIC=COSG82877|REGION=3UTR(-)	BCL11A	55	ENST00000642384.2	-	COSG82877	3UTR(-)	3213	6	34	2	y	ok
56	GENE=BCL11B|GENE_NO=56|TRANSCRIPT=ENST00000357195.8|STRAND=-|COSMIC=COSG102032|REGION=3UTR(-)	BCL11B	56	ENST00000357195.8	-	COSG102032	3UTR(-)	4867	22	64	3	y	ok
57	GENE=BCL2|GENE_NO=57|TRANSCRIPT=ENST00000333681.5|STRAND=-|COSMIC=COSG84340|REGION=3UTR(-)	BCL2	57	ENST00000333681.5	-	COSG84340	3UTR(-)	5282	22	59	3	y	ok
58	GENE=BCL2L12|GENE_NO=58|TRANSCRIPT=ENST00000246784.8|STRAND=+|COSMIC=COSG58663|REGION=3UTR(+)	BCL2L12	58	ENST00000246784.8	+	COSG58663	3UTR(+)	171	1	35	2	y	ok
59	GENE=BCL3|GENE_NO=59|TRANSCRIPT=ENST00000164227.10|STRAND=+|COSMIC=COSG88188|REGION=3UTR(+)	BCL3	59	ENST00000164227.10	+	COSG88188	3UTR(+)	432	2	50	3	y	ok
60	GENE=BCL6|GENE_NO=60|TRANSCRIPT=ENST00000406870.7|STRAND=-|COSMIC=COSG113725|REGION=3UTR(-)	BCL6	60	ENST00000406870.7	-	COSG113725	3UTR(-)	1080	2	91	5	y	ok
61	GENE=BCL7A|GENE_NO=61|TRANSCRIPT=ENST00000261822.5|STRAND=+|COSMIC=COSG72854|REGION=3UTR(+)	BCL7A	61	ENST00000261822.5	+	COSG72854	3UTR(+)	2884	14	71	4	y	ok
62	GENE=BCL9|GENE_NO=62|TRANSCRIPT=ENST00000234739.8|STRAND=+|COSMIC=COSG114870|REGION=3UTR(+)	BCL9	62	ENST00000234739.8	+	COSG114870	3UTR(+)	1260	5	63	3	y	ok
63	GENE=BCL9L|GENE_NO=63|TRANSCRIPT=ENST00000683865.1|STRAND=-|COSMIC=COSG105158|REGION=3UTR(-)	BCL9L	63	ENST00000683865.1	-	COSG105158	3UTR(-)	2282	13	81	4	y	ok
64	GENE=BCLAF1|GENE_NO=64|TRANSCRIPT=ENST00000531224.6|STRAND=-|COSMIC=COSG107886|REGION=3UTR(-)	BCLAF1	64	ENST00000531224.6	-	COSG107886	3UTR(-)	4486	8	33	2	y	ok
65	GENE=BCOR|GENE_NO=65|TRANSCRIPT=ENST00000378444.9|STRAND=-|COSMIC=COSG64323|REGION=3UTR(-)	BCOR	65	ENST00000378444.9	-	COSG64323	3UTR(-)	861	1	36	2	y	ok
66	GENE=BCORL1|GENE_NO=66|TRANSCRIPT=ENST00000540052.6|STRAND=+|COSMIC=COSG92901|REGION=3UTR(+)	BCORL1	66	ENST00000540052.6	+	COSG92901	3UTR(+)	1938	8	78	4	y	ok
67	GENE=BCR|GENE_NO=67|TRANSCRIPT=ENST00000305877.13|STRAND=+|COSMIC=COSG70269|REGION=3UTR(+)	BCR	67	ENST00000305877.13	+	COSG70269	3UTR(+)	2518	13	50	3	y	ok
68	GENE=BIRC3|GENE_NO=68|TRANSCRIPT=ENST00000263464.9|STRAND=+|COSMIC=COSG64326|REGION=3UTR(+)	BIRC3	68	ENST00000263464.9	+	COSG64326	3UTR(+)	2304	9	60	3	y	ok
69	GENE=BIRC6|GENE_NO=69|TRANSCRIPT=ENST00000421745.7|STRAND=+|COSMIC=COSG78096|REGION=3UTR(+)	BIRC6	69	ENST00000421745.7	+	COSG78096	3UTR(+)	977	1	31	2	y	ok
70	GENE=BLM|GENE_NO=70|TRANSCRIPT=ENST00000355112.8|STRAND=+|COSMIC=COSG113995|REGION=3UTR(+)	BLM	70	ENST00000355112.8	+	COSG113995	3UTR(+)	890	4	36	2	y	ok
71	GENE=BMP5|GENE_NO=71|TRANSCRIPT=ENST00000370830.4|STRAND=-|COSMIC=COSG107337|REGION=3UTR(-)	BMP5	71	ENST00000370830.4	-	COSG107337	3UTR(-)	1883	1	29	2	y	ok
72	GENE=BMPR1A|GENE_NO=72|TRANSCRIPT=ENST00000372037.8|STRAND=+|COSMIC=COSG95149|REGION=3UTR(+)	BMPR1A	72	ENST00000372037.8	+	COSG95149	3UTR(+)	4253	12	35	2	y	ok
73	GENE=BRAF|GENE_NO=73|TRANSCRIPT=ENST00000646891.2|STRAND=-|COSMIC=COSG99109|REGION=3UTR(-)	BRAF	73	ENST00000646891.2	-	COSG99109	3UTR(-)	3935	8	36	2	y	ok
74	GENE=BRCA1|GENE_NO=74|TRANSCRIPT=ENST00000357654.9|STRAND=-|COSMIC=COSG75342|REGION=3UTR(-)	BRCA1	74	ENST00000357654.9	-	COSG75342	3UTR(-)	1386	6	36	2	y	ok
75	GENE=BRCA2|GENE_NO=75|TRANSCRIPT=ENST00000380152.8|STRAND=+|COSMIC=COSG68498|REGION=3UTR(+)	BRCA2	75	ENST00000380152.8	+	COSG68498	3UTR(+)	1501	3	32	2	y	ok
76	GENE=BRD3|GENE_NO=76|TRANSCRIPT=ENST00000303407.12|STRAND=-|COSMIC=COSG76553|REGION=3UTR(-)	BRD3	76	ENST00000303407.12	-	COSG76553	3UTR(-)	3288	12	60	3	y	ok
77	GENE=BRD4|GENE_NO=77|TRANSCRIPT=ENST00000679869.1|STRAND=-|COSMIC=COSG97085|REGION=3UTR(-)	BRD4	77	ENST00000679869.1	-	COSG97085	3UTR(-)	2861	9	62	3	y	ok
78	GENE=BRIP1|GENE_NO=78|TRANSCRIPT=ENST00000259008.7|STRAND=-|COSMIC=COSG80352|REGION=3UTR(-)	BRIP1	78	ENST00000259008.7	-	COSG80352	3UTR(-)	4160	9	34	2	y	ok
79	GENE=BTG1|GENE_NO=79|TRANSCRIPT=ENST00000256015.5|STRAND=-|COSMIC=COSG72977|REGION=3UTR(-)	BTG1	79	ENST00000256015.5	-	COSG72977	3UTR(-)	3805	9	33	2	y	ok
80	GENE=BTG2|GENE_NO=80|TRANSCRIPT=ENST00000290551.5|STRAND=+|COSMIC=COSG94281|REGION=3UTR(+)	BTG2	80	ENST00000290551.5	+	COSG94281	3UTR(+)	2167	10	60	3	y	ok
81	GENE=BTK|GENE_NO=81|TRANSCRIPT=ENST00000308731.8|STRAND=-|COSMIC=COSG96537|REGION=3UTR(-)	BTK	81	ENST00000308731.8	-	COSG96537	3UTR(-)	438	1	36	2	y	ok
82	GENE=BUB1B|GENE_NO=82|TRANSCRIPT=ENST00000287598.11|STRAND=+|COSMIC=COSG78158|REGION=3UTR(+)	BUB1B	82	ENST00000287598.11	+	COSG78158	3UTR(+)	367	0	0	0	n	ok
83	GENE=C15orf65|GENE_NO=83|TRANSCRIPT=ENST00000569691.2|STRAND=+|COSMIC=COSG63238|REGION=3UTR(+)	C15orf65	83	ENST00000569691.2	+	COSG63238	3UTR(+)	231	0	0	0	n	ok
84	GENE=CACNA1D|GENE_NO=84|TRANSCRIPT=ENST00000350061.11|STRAND=+|COSMIC=COSG88428|REGION=3UTR(+)	CACNA1D	84	ENST00000350061.11	+	COSG88428	3UTR(+)	2330	7	36	2	y	ok
85	GENE=CALR|GENE_NO=85|TRANSCRIPT=ENST00000316448.10|STRAND=+|COSMIC=COSG80775|REGION=3UTR(+)	CALR	85	ENST00000316448.10	+	COSG80775	3UTR(+)	579	4	60	3	y	ok
86	GENE=CAMTA1|GENE_NO=86|TRANSCRIPT=ENST00000303635.12|STRAND=+|COSMIC=COSG61199|REGION=3UTR(+)	CAMTA1	86	ENST00000303635.12	+	COSG61199	3UTR(+)	3218	7	35	2	y	ok
87	GENE=CANT1|GENE_NO=87|TRANSCRIPT=ENST00000392446.10|STRAND=-|COSMIC=COSG63866|REGION=3UTR(-)	CANT1	87	ENST00000392446.10	-	COSG63866	3UTR(-)	1837	8	36	2	y	ok
88	GENE=CARD11|GENE_NO=88|TRANSCRIPT=ENST00000396946.9|STRAND=-|COSMIC=COSG91032|REGION=3UTR(-)	CARD11	88	ENST00000396946.9	-	COSG91032	3UTR(-)	499	3	56	3	y	ok
89	GENE=CARS|GENE_NO=89|TRANSCRIPT=ENST00000380525.9|STRAND=-|COSMIC=COSG73613|REGION=3UTR(-)	CARS	89	ENST00000380525.9	-	COSG73613	3UTR(-)	188	1	26	2	y	ok
90	GENE=CASP3|GENE_NO=90|TRANSCRIPT=ENST00000308394.9|STRAND=-|COSMIC=COSG65355|REGION=3UTR(-)	CASP3	90	ENST00000308394.9	-	COSG65355	3UTR(-)	1579	7	35	2	y	ok
91	GENE=CASP8|GENE_NO=91|TRANSCRIPT=ENST00000673742.1|STRAND=+|COSMIC=COSG90904|REGION=3UTR(+)	CASP8	91	ENST00000673742.1	+	COSG90904	3UTR(+)	1118	5	34	2	y	ok
92	GENE=CASP9|GENE_NO=92|TRANSCRIPT=ENST00000333868.10|STRAND=-|COSMIC=COSG102681|REGION=3UTR(-)	CASP9	92	ENST00000333868.10	-	COSG102681	3UTR(-)	1545	8	35	2	y	ok
93	GENE=CBFA2T3|GENE_NO=93|TRANSCRIPT=ENST00000268679.9|STRAND=-|COSMIC=COSG96429|REGION=3UTR(-)	CBFA2T3	93	ENST00000268679.9	-	COSG96429	3UTR(-)	2121	6	62	3	y	ok
94	GENE=CBFB|GENE_NO=94|TRANSCRIPT=ENST00000412916.7|STRAND=+|COSMIC=COSG115535|REGION=3UTR(+)	CBFB	94	ENST00000412916.7	+	COSG115535	3UTR(+)	2283	2	26	2	y	ok
95	GENE=CBL|GENE_NO=95|TRANSCRIPT=ENST00000264033.6|STRAND=+|COSMIC=COSG108842|REGION=3UTR(+)	CBL	95	ENST00000264033.6	+	COSG108842	3UTR(+)	8371	28	56	3	y	ok
96	GENE=CBLB|GENE_NO=96|TRANSCRIPT=ENST00000394030.8|STRAND=-|COSMIC=COSG80246|REGION=3UTR(-)	CBLB	96	ENST00000394030.8	-	COSG80246	3UTR(-)	3512	6	63	3	y	ok
97	GENE=CBLC|GENE_NO=97|TRANSCRIPT=ENST00000647358.2|STRAND=+|COSMIC=COSG97247|REGION=3UTR(+)	CBLC	97	ENST00000647358.2	+	COSG97247	3UTR(+)	112	1	35	2	y	ok
98	GENE=CCDC6|GENE_NO=98|TRANSCRIPT=ENST00000263102.7|STRAND=-|COSMIC=COSG108617|REGION=3UTR(-)	CCDC6	98	ENST00000263102.7	-	COSG108617	3UTR(-)	4173	8	34	2	y	ok
99	GENE=CCNB1IP1|GENE_NO=99|TRANSCRIPT=ENST00000358932.9|STRAND=-|COSMIC=COSG89118|REGION=3UTR(-)	CCNB1IP1	99	ENST00000358932.9	-	COSG89118	3UTR(-)	183	1	34	2	y	ok
100	GENE=CCNC|GENE_NO=100|TRANSCRIPT=ENST00000520429.6|STRAND=-|COSMIC=COSG78672|REGION=3UTR(-)	CCNC	100	ENST00000520429.6	-	COSG78672	3UTR(-)	1171	2	32	2	y	ok
101	GENE=CCND1|GENE_NO=101|TRANSCRIPT=ENST00000227507.3|STRAND=+|COSMIC=COSG100191|REGION=3UTR(+)	CCND1	101	ENST00000227507.3	+	COSG100191	3UTR(+)	3195	12	62	3	y	ok
102	GENE=CCND2|GENE_NO=102|TRANSCRIPT=ENST00000261254.8|STRAND=+|COSMIC=COSG114253|REGION=3UTR(+)	CCND2	102	ENST00000261254.8	+	COSG114253	3UTR(+)	5347	21	62	3	y	ok
103	GENE=CCND3|GENE_NO=103|TRANSCRIPT=ENST00000372991.9|STRAND=-|COSMIC=COSG73334|REGION=3UTR(-)	CCND3	103	ENST00000372991.9	-	COSG73334	3UTR(-)	991	8	35	2	y	ok
104	GENE=CCNE1|GENE_NO=104|TRANSCRIPT=ENST00000262643.8|STRAND=+|COSMIC=COSG84408|REGION=3UTR(+)	CCNE1	104	ENST00000262643.8	+	COSG84408	3UTR(+)	538	1	34	2	y	ok
105	GENE=CCR4|GENE_NO=105|TRANSCRIPT=ENST00000330953.6|STRAND=+|COSMIC=COSG64803|REGION=3UTR(+)	CCR4	105	ENST00000330953.6	+	COSG64803	3UTR(+)	1847	9	36	2	y	ok
106	GENE=CCR7|GENE_NO=106|TRANSCRIPT=ENST00000246657.2|STRAND=-|COSMIC=COSG64716|REGION=3UTR(-)	CCR7	106	ENST00000246657.2	-	COSG64716	3UTR(-)	976	5	62	3	y	ok
107	GENE=CD209|GENE_NO=107|TRANSCRIPT=ENST00000315599.12|STRAND=-|COSMIC=COSG61611|REGION=3UTR(-)	CD209	107	ENST00000315599.12	-	COSG61611	3UTR(-)	3049	16	35	2	y	ok
108	GENE=CD274|GENE_NO=108|TRANSCRIPT=ENST00000381577.4|STRAND=+|COSMIC=COSG87130|REGION=3UTR(+)	CD274	108	ENST00000381577.4	+	COSG87130	3UTR(+)	2695	4	36	2	y	ok
109	GENE=CD28|GENE_NO=109|TRANSCRIPT=ENST00000324106.9|STRAND=+|COSMIC=COSG113949|REGION=3UTR(+)	CD28	109	ENST00000324106.9	+	COSG113949	3UTR(+)	4003	17	58	3	y	ok
110	GENE=CD74|GENE_NO=110|TRANSCRIPT=ENST00000009530.13|STRAND=-|COSMIC=COSG107983|REGION=3UTR(-)	CD74	110	ENST00000009530.13	-	COSG107983	3UTR(-)	604	2	35	2	y	ok
111	GENE=CD79A|GENE_NO=111|TRANSCRIPT=ENST00000221972.8|STRAND=+|COSMIC=COSG64986|REGION=3UTR(+)	CD79A	111	ENST00000221972.8	+	COSG64986	3UTR(+)	395	1	63	3	y	ok
112	GENE=CD79B|GENE_NO=112|TRANSCRIPT=ENST00000006750.8|STRAND=-|COSMIC=COSG93491|REGION=3UTR(-)	CD79B	112	ENST00000006750.8	-	COSG93491	3UTR(-)	489	3	60	3	y	ok
113	GENE=CDC73|GENE_NO=113|TRANSCRIPT=ENST00000367435.5|STRAND=+|COSMIC=COSG72057|REGION=3UTR(+)	CDC73	113	ENST00000367435.5	+	COSG72057	3UTR(+)	4106	8	35	2	y	ok
114	GENE=CDH1|GENE_NO=114|TRANSCRIPT=ENST00000261769.10|STRAND=+|COSMIC=COSG106721|REGION=3UTR(+)	CDH1	114	ENST00000261769.10	+	COSG106721	3UTR(+)	2041	7	34	2	y	ok
115	GENE=CDH10|GENE_NO=115|TRANSCRIPT=ENST00000264463.8|STRAND=-|COSMIC=COSG68210|REGION=3UTR(-)	CDH10	115	ENST00000264463.8	-	COSG68210	3UTR(-)	566	0	0	0	n	ok
116	GENE=CDH11|GENE_NO=116|TRANSCRIPT=ENST00000268603.9|STRAND=-|COSMIC=COSG67114|REGION=3UTR(-)	CDH11	116	ENST00000268603.9	-	COSG67114	3UTR(-)	3853	9	50	3	y	ok
117	GENE=CDH17|GENE_NO=117|TRANSCRIPT=ENST00000027335.8|STRAND=-|COSMIC=COSG84364|REGION=3UTR(-)	CDH17	117	ENST00000027335.8	-	COSG84364	3UTR(-)	1081	2	30	2	y	ok
118	GENE=CDK12|GENE_NO=118|TRANSCRIPT=ENST00000447079.6|STRAND=+|COSMIC=COSG101532|REGION=3UTR(+)	CDK12	118	ENST00000447079.6	+	COSG101532	3UTR(+)	3231	8	58	3	y	ok
119	GENE=CDK4|GENE_NO=119|TRANSCRIPT=ENST00000257904.11|STRAND=-|COSMIC=COSG58322|REGION=3UTR(-)	CDK4	119	ENST00000257904.11	-	COSG58322	3UTR(-)	801	6	34	2	y	ok
120	GENE=CDK6|GENE_NO=120|TRANSCRIPT=ENST00000424848.3|STRAND=-|COSMIC=COSG96889|REGION=3UTR(-)	CDK6	120	ENST00000424848.3	-	COSG96889	3UTR(-)	10222	25	36	2	y	ok
121	GENE=CDKN1A|GENE_NO=121|TRANSCRIPT=ENST00000244741.10|STRAND=+|COSMIC=COSG75563|REGION=3UTR(+)	CDKN1A	121	ENST00000244741.10	+	COSG75563	3UTR(+)	1535	9	59	3	y	ok
122	GENE=CDKN1B|GENE_NO=122|TRANSCRIPT=ENST00000228872.9|STRAND=+|COSMIC=COSG61632|REGION=3UTR(+)	CDKN1B	122	ENST00000228872.9	+	COSG61632	3UTR(+)	1345	2	63	3	y	ok
123	GENE=CDKN2A|GENE_NO=123|TRANSCRIPT=ENST00000304494.10|STRAND=-|COSMIC=COSG84244|REGION=3UTR(-)	CDKN2A	123	ENST00000304494.10	-	COSG84244	3UTR(-)	480	1	32	2	y	ok
124	GENE=CDKN2C|GENE_NO=124|TRANSCRIPT=ENST00000371761.4|STRAND=+|COSMIC=COSG85136|REGION=3UTR(+)	CDKN2C	124	ENST00000371761.4	+	COSG85136	3UTR(+)	367	0	0	0	n	ok
125	GENE=CDX2|GENE_NO=125|TRANSCRIPT=ENST00000381020.8|STRAND=-|COSMIC=COSG61853|REGION=3UTR(-)	CDX2	125	ENST00000381020.8	-	COSG61853	3UTR(-)	2200	12	64	3	y	ok
126	GENE=CEBPA|GENE_NO=126|TRANSCRIPT=ENST00000498907.3|STRAND=-|COSMIC=COSG97270|REGION=3UTR(-)	CEBPA	126	ENST00000498907.3	-	COSG97270	3UTR(-)	1407	9	64	3	y	ok
127	GENE=CEP89|GENE_NO=127|TRANSCRIPT=ENST00000305768.10|STRAND=-|COSMIC=COSG106418|REGION=3UTR(-)	CEP89	127	ENST00000305768.10	-	COSG106418	3UTR(-)	3240	16	57	3	y	ok
128	GENE=CHCHD7|GENE_NO=128|TRANSCRIPT=ENST00000355315.8|STRAND=+|COSMIC=COSG94968|REGION=3UTR(+)	CHCHD7	128	ENST00000355315.8	+	COSG94968	3UTR(+)	1377	5	62	3	y	ok
129	GENE=CHD2|GENE_NO=129|TRANSCRIPT=ENST00000394196.9|STRAND=+|COSMIC=COSG83485|REGION=3UTR(+)	CHD2	129	ENST00000394196.9	+	COSG83485	3UTR(+)	3294	14	78	4	y	ok
130	GENE=CHD4|GENE_NO=130|TRANSCRIPT=ENST00000544040.7|STRAND=-|COSMIC=COSG85372|REGION=3UTR(-)	CHD4	130	ENST00000544040.7	-	COSG85372	3UTR(-)	597	3	62	3	y	ok
131	GENE=CHEK2|GENE_NO=131|TRANSCRIPT=ENST00000404276.6|STRAND=-|COSMIC=COSG85276|REGION=3UTR(-)	CHEK2	131	ENST00000404276.6	-	COSG85276	3UTR(-)	157	0	0	0	n	ok
132	GENE=CHIC2|GENE_NO=132|TRANSCRIPT=ENST00000263921.8|STRAND=-|COSMIC=COSG59473|REGION=3UTR(-)	CHIC2	132	ENST00000263921.8	-	COSG59473	3UTR(-)	309	1	34	2	y	ok
133	GENE=CHST11|GENE_NO=133|TRANSCRIPT=ENST00000303694.6|STRAND=+|COSMIC=COSG107468|REGION=3UTR(+)	CHST11	133	ENST00000303694.6	+	COSG107468	3UTR(+)	4214	16	63	3	y	ok
134	GENE=CIC|GENE_NO=134|TRANSCRIPT=ENST00000681038.1|STRAND=+|COSMIC=COSG71296|REGION=3UTR(+)	CIC	134	ENST00000681038.1	+	COSG71296	3UTR(+)	608	3	59	3	y	ok
135	GENE=CIITA|GENE_NO=135|TRANSCRIPT=ENST00000324288.14|STRAND=+|COSMIC=COSG86391|REGION=3UTR(+)	CIITA	135	ENST00000324288.14	+	COSG86391	3UTR(+)	12542	59	62	3	y	ok
136	GENE=CLIP1|GENE_NO=136|TRANSCRIPT=ENST00000620786.5|STRAND=-|COSMIC=COSG89876|REGION=3UTR(-)	CLIP1	136	ENST00000620786.5	-	COSG89876	3UTR(-)	1409	2	33	2	y	ok
137	GENE=CLP1|GENE_NO=137|TRANSCRIPT=ENST00000533682.2|STRAND=+|COSMIC=COSG71400|REGION=3UTR(+)	CLP1	137	ENST00000533682.2	+	COSG71400	3UTR(+)	432	1	30	2	y	ok
138	GENE=CLTC|GENE_NO=138|TRANSCRIPT=ENST00000269122.8|STRAND=+|COSMIC=COSG66844|REGION=3UTR(+)	CLTC	138	ENST00000269122.8	+	COSG66844	3UTR(+)	3107	7	35	2	y	ok
139	GENE=CLTCL1|GENE_NO=139|TRANSCRIPT=ENST00000427926.6|STRAND=-|COSMIC=COSG84449|REGION=3UTR(-)	CLTCL1	139	ENST00000427926.6	-	COSG84449	3UTR(-)	520	4	35	2	y	ok
140	GENE=CNBD1|GENE_NO=140|TRANSCRIPT=ENST00000518476.6|STRAND=+|COSMIC=COSG111140|REGION=3UTR(+)	CNBD1	140	ENST00000518476.6	+	COSG111140	3UTR(+)	235	0	0	0	n	ok
141	GENE=CNBP|GENE_NO=141|TRANSCRIPT=ENST00000422453.7|STRAND=-|COSMIC=COSG98835|REGION=3UTR(-)	CNBP	141	ENST00000422453.7	-	COSG98835	3UTR(-)	2629	12	36	2	y	ok
142	GENE=CNOT3|GENE_NO=142|TRANSCRIPT=ENST00000221232.11|STRAND=+|COSMIC=COSG61227|REGION=3UTR(+)	CNOT3	142	ENST00000221232.11	+	COSG61227	3UTR(+)	277	1	50	3	y	ok
143	GENE=CNTNAP2|GENE_NO=143|TRANSCRIPT=ENST00000361727.8|STRAND=+|COSMIC=COSG62503|REGION=3UTR(+)	CNTNAP2	143	ENST00000361727.8	+	COSG62503	3UTR(+)	5385	14	62	3	y	ok
144	GENE=CNTRL|GENE_NO=144|TRANSCRIPT=ENST00000373855.7|STRAND=+|COSMIC=COSG105745|REGION=3UTR(+)	CNTRL	144	ENST00000373855.7	+	COSG105745	3UTR(+)	427	0	0	0	n	ok
145	GENE=COL1A1|GENE_NO=145|TRANSCRIPT=ENST00000225964.10|STRAND=-|COSMIC=COSG58498|REGION=3UTR(-)	COL1A1	145	ENST00000225964.10	-	COSG58498	3UTR(-)	1404	6	79	4	y	ok
146	GENE=COL2A1|GENE_NO=146|TRANSCRIPT=ENST00000380518.8|STRAND=-|COSMIC=COSG77932|REGION=3UTR(-)	COL2A1	146	ENST00000380518.8	-	COSG77932	3UTR(-)	443	2	34	2	y	ok
147	GENE=COL3A1|GENE_NO=147|TRANSCRIPT=ENST00000304636.9|STRAND=+|COSMIC=COSG86912|REGION=3UTR(+)	COL3A1	147	ENST00000304636.9	+	COSG86912	3UTR(+)	975	1	20	2	y	ok
148	GENE=COX6C|GENE_NO=148|TRANSCRIPT=ENST00000520468.7|STRAND=-|COSMIC=COSG66350|REGION=3UTR(-)	COX6C	148	ENST00000520468.7	-	COSG66350	3UTR(-)	419	0	0	0	n	ok
149	GENE=CPEB3|GENE_NO=149|TRANSCRIPT=ENST00000265997.5|STRAND=-|COSMIC=COSG87217|REGION=3UTR(-)	CPEB3	149	ENST00000265997.5	-	COSG87217	3UTR(-)	5523	15	36	2	y	ok
150	GENE=CREB1|GENE_NO=150|TRANSCRIPT=ENST00000353267.8|STRAND=+|COSMIC=COSG102379|REGION=3UTR(+)	CREB1	150	ENST00000353267.8	+	COSG102379	3UTR(+)	8933	20	36	2	y	ok
151	GENE=CREB3L1|GENE_NO=151|TRANSCRIPT=ENST00000621158.5|STRAND=+|COSMIC=COSG64988|REGION=3UTR(+)	CREB3L1	151	ENST00000621158.5	+	COSG64988	3UTR(+)	666	2	33	2	y	ok
152	GENE=CREB3L2|GENE_NO=152|TRANSCRIPT=ENST00000330387.11|STRAND=-|COSMIC=COSG70393|REGION=3UTR(-)	CREB3L2	152	ENST00000330387.11	-	COSG70393	3UTR(-)	5500	24	35	2	y	ok
153	GENE=CREBBP|GENE_NO=153|TRANSCRIPT=ENST00000262367.10|STRAND=-|COSMIC=COSG105038|REGION=3UTR(-)	CREBBP	153	ENST00000262367.10	-	COSG105038	3UTR(-)	2667	12	65	4	y	ok
154	GENE=CRLF2|GENE_NO=154|TRANSCRIPT=ENST00000400841.8|STRAND=-|COSMIC=COSG87150|REGION=3UTR(-)	CRLF2	154	ENST00000400841.8	-	COSG87150	3UTR(-)	410	2	30	2	y	ok
155	GENE=CRNKL1|GENE_NO=155|TRANSCRIPT=ENST00000536226.2|STRAND=-|COSMIC=COSG82052|REGION=3UTR(-)	CRNKL1	155	ENST00000536226.2	-	COSG82052	3UTR(-)	1830	1	31	2	y	ok
156	GENE=CRTC1|GENE_NO=156|TRANSCRIPT=ENST00000321949.13|STRAND=+|COSMIC=COSG85402|REGION=3UTR(+)	CRTC1	156	ENST00000321949.13	+	COSG85402	3UTR(+)	4954				timeout	timeout
157	GENE=CRTC3|GENE_NO=157|TRANSCRIPT=ENST00000268184.11|STRAND=+|COSMIC=COSG71600|REGION=3UTR(+)	CRTC3	157	ENST00000268184.11	+	COSG71600	3UTR(+)	3208	10	76	4	y	ok
158	GENE=CSF1R|GENE_NO=158|TRANSCRIPT=ENST00000675795.1|STRAND=-|COSMIC=COSG99554|REGION=3UTR(-)	CSF1R	158	ENST00000675795.1	-	COSG99554	3UTR(-)	777	5	36	2	y	ok
159	GENE=CSF3R|GENE_NO=159|TRANSCRIPT=ENST00000373106.6|STRAND=-|COSMIC=COSG99846|REGION=3UTR(-)	CSF3R	159	ENST00000373106.6	-	COSG99846	3UTR(-)	317	2	35	2	y	ok
160	GENE=CSMD3|GENE_NO=160|TRANSCRIPT=ENST00000297405.10|STRAND=-|COSMIC=COSG81894|REGION=3UTR(-)	CSMD3	160	ENST00000297405.10	-	COSG81894	3UTR(-)	1846	1	21	2	y	ok
161	GENE=CTCF|GENE_NO=161|TRANSCRIPT=ENST00000264010.10|STRAND=+|COSMIC=COSG77622|REGION=3UTR(+)	CTCF	161	ENST00000264010.10	+	COSG77622	3UTR(+)	1308	2	35	2	y	ok
162	GENE=CTNNA1|GENE_NO=162|TRANSCRIPT=ENST00000302763.12|STRAND=+|COSMIC=COSG89685|REGION=3UTR(+)	CTNNA1	162	ENST00000302763.12	+	COSG89685	3UTR(+)	948	4	34	2	y	ok
163	GENE=CTNNA2|GENE_NO=163|TRANSCRIPT=ENST00000402739.9|STRAND=+|COSMIC=COSG58363|REGION=3UTR(+)	CTNNA2	163	ENST00000402739.9	+	COSG58363	3UTR(+)	911	6	62	3	y	ok
164	GENE=CTNNB1|GENE_NO=164|TRANSCRIPT=ENST00000349496.11|STRAND=+|COSMIC=COSG100985|REGION=3UTR(+)	CTNNB1	164	ENST00000349496.11	+	COSG100985	3UTR(+)	1104	4	36	2	y	ok
165	GENE=CTNND1|GENE_NO=165|TRANSCRIPT=ENST00000399050.10|STRAND=+|COSMIC=COSG61803|REGION=3UTR(+)	CTNND1	165	ENST00000399050.10	+	COSG61803	3UTR(+)	3235	10	56	3	y	ok
166	GENE=CTNND2|GENE_NO=166|TRANSCRIPT=ENST00000304623.13|STRAND=-|COSMIC=COSG98798|REGION=3UTR(-)	CTNND2	166	ENST00000304623.13	-	COSG98798	3UTR(-)	1620	5	55	3	y	ok
167	GENE=CUL3|GENE_NO=167|TRANSCRIPT=ENST00000264414.9|STRAND=-|COSMIC=COSG110820|REGION=3UTR(-)	CUL3	167	ENST00000264414.9	-	COSG110820	3UTR(-)	4098	6	34	2	y	ok
168	GENE=CUX1|GENE_NO=168|TRANSCRIPT=ENST00000292535.12|STRAND=+|COSMIC=COSG83270|REGION=3UTR(+)	CUX1	168	ENST00000292535.12	+	COSG83270	3UTR(+)	9194	34	63	3	y	ok
169	GENE=CXCR4|GENE_NO=169|TRANSCRIPT=ENST00000241393.4|STRAND=-|COSMIC=COSG106895|REGION=3UTR(-)	CXCR4	169	ENST00000241393.4	-	COSG106895	3UTR(-)	523	2	29	2	y	ok
170	GENE=CYLD|GENE_NO=170|TRANSCRIPT=ENST00000427738.8|STRAND=+|COSMIC=COSG70548|REGION=3UTR(+)	CYLD	170	ENST00000427738.8	+	COSG70548	3UTR(+)	5430	20	58	3	y	ok
171	GENE=CYP2C8|GENE_NO=171|TRANSCRIPT=ENST00000371270.6|STRAND=-|COSMIC=COSG86945|REGION=3UTR(-)	CYP2C8	171	ENST00000371270.6	-	COSG86945	3UTR(-)	359	0	0	0	n	ok
172	GENE=CYSLTR2|GENE_NO=172|TRANSCRIPT=ENST00000682523.1|STRAND=+|COSMIC=COSG61204|REGION=3UTR(+)	CYSLTR2	172	ENST00000682523.1	+	COSG61204	3UTR(+)	3371	11	61	3	y	ok
173	GENE=DAXX|GENE_NO=173|TRANSCRIPT=ENST00000374542.10|STRAND=-|COSMIC=COSG105937|REGION=3UTR(-)	DAXX	173	ENST00000374542.10	-	COSG105937	3UTR(-)	188	1	35	2	y	ok
174	GENE=DCAF12L2|GENE_NO=174|TRANSCRIPT=ENST00000360028.4|STRAND=-|COSMIC=COSG81265|REGION=3UTR(-)	DCAF12L2	174	ENST00000360028.4	-	COSG81265	3UTR(-)	1037	4	36	2	y	ok
175	GENE=DCC|GENE_NO=175|TRANSCRIPT=ENST00000442544.7|STRAND=+|COSMIC=COSG87705|REGION=3UTR(+)	DCC	175	ENST00000442544.7	+	COSG87705	3UTR(+)	5249	11	63	3	y	ok
176	GENE=DCTN1|GENE_NO=176|TRANSCRIPT=ENST00000628224.3|STRAND=-|COSMIC=COSG63863|REGION=3UTR(-)	DCTN1	176	ENST00000628224.3	-	COSG63863	3UTR(-)	347	1	60	3	y	ok
177	GENE=DDB2|GENE_NO=177|TRANSCRIPT=ENST00000256996.9|STRAND=+|COSMIC=COSG102518|REGION=3UTR(+)	DDB2	177	ENST00000256996.9	+	COSG102518	3UTR(+)	371	2	63	3	y	ok
178	GENE=DDIT3|GENE_NO=178|TRANSCRIPT=ENST00000346473.8|STRAND=-|COSMIC=COSG112333|REGION=3UTR(-)	DDIT3	178	ENST00000346473.8	-	COSG112333	3UTR(-)	219	1	34	2	y	ok
179	GENE=DDR2|GENE_NO=179|TRANSCRIPT=ENST00000367921.8|STRAND=+|COSMIC=COSG97097|REGION=3UTR(+)	DDR2	179	ENST00000367921.8	+	COSG97097	3UTR(+)	7162	26	60	3	y	ok
180	GENE=DDX10|GENE_NO=180|TRANSCRIPT=ENST00000322536.8|STRAND=+|COSMIC=COSG72683|REGION=3UTR(+)	DDX10	180	ENST00000322536.8	+	COSG72683	3UTR(+)	507	1	22	2	y	ok
181	GENE=DDX3X|GENE_NO=181|TRANSCRIPT=ENST00000644876.2|STRAND=+|COSMIC=COSG92927|REGION=3UTR(+)	DDX3X	181	ENST00000644876.2	+	COSG92927	3UTR(+)	2558	6	52	3	y	ok
182	GENE=DDX5|GENE_NO=182|TRANSCRIPT=ENST00000225792.10|STRAND=-|COSMIC=COSG107505|REGION=3UTR(-)	DDX5	182	ENST00000225792.10	-	COSG107505	3UTR(-)	1672	5	35	2	y	ok
183	GENE=DDX6|GENE_NO=183|TRANSCRIPT=ENST00000534980.7|STRAND=-|COSMIC=COSG88326|REGION=3UTR(-)	DDX6	183	ENST00000534980.7	-	COSG88326	3UTR(-)	4345	15	64	3	y	ok
184	GENE=DEK|GENE_NO=184|TRANSCRIPT=ENST00000652689.1|STRAND=-|COSMIC=COSG88864|REGION=3UTR(-)	DEK	184	ENST00000652689.1	-	COSG88864	3UTR(-)	1862	5	32	2	y	ok
185	GENE=DGCR8|GENE_NO=185|TRANSCRIPT=ENST00000351989.8|STRAND=+|COSMIC=COSG115698|REGION=3UTR(+)	DGCR8	185	ENST00000351989.8	+	COSG115698	3UTR(+)	1767	9	60	3	y	ok
186	GENE=DICER1|GENE_NO=186|TRANSCRIPT=ENST00000343455.8|STRAND=-|COSMIC=COSG73310|REGION=3UTR(-)	DICER1	186	ENST00000343455.8	-	COSG73310	3UTR(-)	4273	5	35	2	y	ok
187	GENE=DNAJB1|GENE_NO=187|TRANSCRIPT=ENST00000254322.3|STRAND=-|COSMIC=COSG101410|REGION=3UTR(-)	DNAJB1	187	ENST00000254322.3	-	COSG101410	3UTR(-)	1174	6	62	3	y	ok
188	GENE=DNM2|GENE_NO=188|TRANSCRIPT=ENST00000389253.9|STRAND=+|COSMIC=COSG110939|REGION=3UTR(+)	DNM2	188	ENST00000389253.9	+	COSG110939	3UTR(+)	859	3	62	3	y	ok
189	GENE=DNMT3A|GENE_NO=189|TRANSCRIPT=ENST00000321117.10|STRAND=-|COSMIC=COSG110899|REGION=3UTR(-)	DNMT3A	189	ENST00000321117.10	-	COSG110899	3UTR(-)	6408	28	63	3	y	ok
190	GENE=DROSHA|GENE_NO=190|TRANSCRIPT=ENST00000344624.8|STRAND=-|COSMIC=COSG93909|REGION=3UTR(-)	DROSHA	190	ENST00000344624.8	-	COSG93909	3UTR(-)	941	2	36	2	y	ok
191	GENE=EBF1|GENE_NO=191|TRANSCRIPT=ENST00000313708.11|STRAND=-|COSMIC=COSG87583|REGION=3UTR(-)	EBF1	191	ENST00000313708.11	-	COSG87583	3UTR(-)	3194	6	75	4	y	ok
192	GENE=ECT2L|GENE_NO=192|TRANSCRIPT=ENST00000541398.7|STRAND=+|COSMIC=COSG112583|REGION=3UTR(+)	ECT2L	192	ENST00000541398.7	+	COSG112583	3UTR(+)	1446	2	34	2	y	ok
193	GENE=EED|GENE_NO=193|TRANSCRIPT=ENST00000263360.11|STRAND=+|COSMIC=COSG72252|REGION=3UTR(+)	EED	193	ENST00000263360.11	+	COSG72252	3UTR(+)	288	0	0	0	n	ok
194	GENE=EGFR|GENE_NO=194|TRANSCRIPT=ENST00000275493.7|STRAND=+|COSMIC=COSG73399|REGION=3UTR(+)	EGFR	194	ENST00000275493.7	+	COSG73399	3UTR(+)	6014	16	52	3	y	ok
195	GENE=EIF1AX|GENE_NO=195|TRANSCRIPT=ENST00000379607.10|STRAND=-|COSMIC=COSG111079|REGION=3UTR(-)	EIF1AX	195	ENST00000379607.10	-	COSG111079	3UTR(-)	3784	5	35	2	y	ok
196	GENE=EIF3E|GENE_NO=196|TRANSCRIPT=ENST00000220849.10|STRAND=-|COSMIC=COSG72882|REGION=3UTR(-)	EIF3E	196	ENST00000220849.10	-	COSG72882	3UTR(-)	672	0	0	0	n	ok
197	GENE=EIF4A2|GENE_NO=197|TRANSCRIPT=ENST00000323963.10|STRAND=+|COSMIC=COSG63203|REGION=3UTR(+)	EIF4A2	197	ENST00000323963.10	+	COSG63203	3UTR(+)	631	1	29	2	y	ok
198	GENE=ELF3|GENE_NO=198|TRANSCRIPT=ENST00000367284.10|STRAND=+|COSMIC=COSG85943|REGION=3UTR(+)	ELF3	198	ENST00000367284.10	+	COSG85943	3UTR(+)	1863	8	36	2	y	ok
199	GENE=ELF4|GENE_NO=199|TRANSCRIPT=ENST00000308167.10|STRAND=-|COSMIC=COSG89309|REGION=3UTR(-)	ELF4	199	ENST00000308167.10	-	COSG89309	3UTR(-)	2769	13	60	3	y	ok
200	GENE=ELK4|GENE_NO=200|TRANSCRIPT=ENST00000357992.9|STRAND=-|COSMIC=COSG106299|REGION=3UTR(-)	ELK4	200	ENST00000357992.9	-	COSG106299	3UTR(-)	8606	21	63	3	y	ok
201	GENE=ELL|GENE_NO=201|TRANSCRIPT=ENST00000262809.9|STRAND=-|COSMIC=COSG79844|REGION=3UTR(-)	ELL	201	ENST00000262809.9	-	COSG79844	3UTR(-)	2092	12	64	3	y	ok
202	GENE=ELN|GENE_NO=202|TRANSCRIPT=ENST00000252034.12|STRAND=+|COSMIC=COSG68285|REGION=3UTR(+)	ELN	202	ENST00000252034.12	+	COSG68285	3UTR(+)	1210	5	62	3	y	ok
203	GENE=EML4|GENE_NO=203|TRANSCRIPT=ENST00000318522.10|STRAND=+|COSMIC=COSG113468|REGION=3UTR(+)	EML4	203	ENST00000318522.10	+	COSG113468	3UTR(+)	2344	5	34	2	y	ok
204	GENE=EP300|GENE_NO=204|TRANSCRIPT=ENST00000263253.9|STRAND=+|COSMIC=COSG106033|REGION=3UTR(+)	EP300	204	ENST00000263253.9	+	COSG106033	3UTR(+)	1124	3	34	2	y	ok
205	GENE=EPAS1|GENE_NO=205|TRANSCRIPT=ENST00000263734.5|STRAND=+|COSMIC=COSG87984|REGION=3UTR(+)	EPAS1	205	ENST00000263734.5	+	COSG87984	3UTR(+)	2040	10	82	4	y	ok
206	GENE=EPHA3|GENE_NO=206|TRANSCRIPT=ENST00000336596.7|STRAND=+|COSMIC=COSG75387|REGION=3UTR(+)	EPHA3	206	ENST00000336596.7	+	COSG75387	3UTR(+)	2635	4	36	2	y	ok
207	GENE=EPHA7|GENE_NO=207|TRANSCRIPT=ENST00000369303.9|STRAND=-|COSMIC=COSG72926|REGION=3UTR(-)	EPHA7	207	ENST00000369303.9	-	COSG72926	3UTR(-)	3409	5	62	3	y	ok
208	GENE=EPS15|GENE_NO=208|TRANSCRIPT=ENST00000371733.8|STRAND=-|COSMIC=COSG98494|REGION=3UTR(-)	EPS15	208	ENST00000371733.8	-	COSG98494	3UTR(-)	2440	3	32	2	y	ok
209	GENE=ERBB2|GENE_NO=209|TRANSCRIPT=ENST00000269571.10|STRAND=+|COSMIC=COSG89395|REGION=3UTR(+)	ERBB2	209	ENST00000269571.10	+	COSG89395	3UTR(+)	617	4	62	3	y	ok
210	GENE=ERBB3|GENE_NO=210|TRANSCRIPT=ENST00000267101.8|STRAND=+|COSMIC=COSG83414|REGION=3UTR(+)	ERBB3	210	ENST00000267101.8	+	COSG83414	3UTR(+)	1453	6	36	2	y	ok
211	GENE=ERBB4|GENE_NO=211|TRANSCRIPT=ENST00000342788.9|STRAND=-|COSMIC=COSG86121|REGION=3UTR(-)	ERBB4	211	ENST00000342788.9	-	COSG86121	3UTR(-)	7901	15	62	3	y	ok
212	GENE=ERC1|GENE_NO=212|TRANSCRIPT=ENST00000360905.9|STRAND=+|COSMIC=COSG81477|REGION=3UTR(+)	ERC1	212	ENST00000360905.9	+	COSG81477	3UTR(+)	5704	22	58	3	y	ok
213	GENE=ERCC2|GENE_NO=213|TRANSCRIPT=ENST00000391945.10|STRAND=-|COSMIC=COSG97421|REGION=3UTR(-)	ERCC2	213	ENST00000391945.10	-	COSG97421	3UTR(-)	1795	11	82	4	y	ok
214	GENE=ERCC3|GENE_NO=214|TRANSCRIPT=ENST00000285398.7|STRAND=-|COSMIC=COSG106100|REGION=3UTR(-)	ERCC3	214	ENST00000285398.7	-	COSG106100	3UTR(-)	309	2	32	2	y	ok
215	GENE=ERCC4|GENE_NO=215|TRANSCRIPT=ENST00000311895.8|STRAND=+|COSMIC=COSG61416|REGION=3UTR(+)	ERCC4	215	ENST00000311895.8	+	COSG61416	3UTR(+)	4004	9	35	2	y	ok
216	GENE=ERCC5|GENE_NO=216|TRANSCRIPT=ENST00000652225.2|STRAND=+|COSMIC=COSG85514|REGION=3UTR(+)	ERCC5	216	ENST00000652225.2	+	COSG85514	3UTR(+)	95	0	0	0	n	ok
217	GENE=ERG|GENE_NO=217|TRANSCRIPT=ENST00000288319.12|STRAND=-|COSMIC=COSG60964|REGION=3UTR(-)	ERG	217	ENST00000288319.12	-	COSG60964	3UTR(-)	3370	12	54	3	y	ok
218	GENE=ESR1|GENE_NO=218|TRANSCRIPT=ENST00000206249.8|STRAND=+|COSMIC=COSG61326|REGION=3UTR(+)	ESR1	218	ENST00000206249.8	+	COSG61326	3UTR(+)	4311	12	62	3	y	ok
219	GENE=ETNK1|GENE_NO=219|TRANSCRIPT=ENST00000266517.9|STRAND=+|COSMIC=COSG90071|REGION=3UTR(+)	ETNK1	219	ENST00000266517.9	+	COSG90071	3UTR(+)	5714	6	34	2	y	ok
220	GENE=ETV1|GENE_NO=220|TRANSCRIPT=ENST00000430479.6|STRAND=-|COSMIC=COSG94966|REGION=3UTR(-)	ETV1	220	ENST00000430479.6	-	COSG94966	3UTR(-)	4640	11	63	3	y	ok
221	GENE=ETV4|GENE_NO=221|TRANSCRIPT=ENST00000319349.10|STRAND=-|COSMIC=COSG95406|REGION=3UTR(-)	ETV4	221	ENST00000319349.10	-	COSG95406	3UTR(-)	676	3	58	3	y	ok
222	GENE=ETV5|GENE_NO=222|TRANSCRIPT=ENST00000306376.10|STRAND=-|COSMIC=COSG94466|REGION=3UTR(-)	ETV5	222	ENST00000306376.10	-	COSG94466	3UTR(-)	2328	13	62	3	y	ok
223	GENE=ETV6|GENE_NO=223|TRANSCRIPT=ENST00000396373.9|STRAND=+|COSMIC=COSG88065|REGION=3UTR(+)	ETV6	223	ENST00000396373.9	+	COSG88065	3UTR(+)	4334	15	36	2	y	ok
224	GENE=EWSR1|GENE_NO=224|TRANSCRIPT=ENST00000397938.7|STRAND=+|COSMIC=COSG80325|REGION=3UTR(+)	EWSR1	224	ENST00000397938.7	+	COSG80325	3UTR(+)	363	0	0	0	n	ok
225	GENE=EXT1|GENE_NO=225|TRANSCRIPT=ENST00000378204.7|STRAND=-|COSMIC=COSG91391|REGION=3UTR(-)	EXT1	225	ENST00000378204.7	-	COSG91391	3UTR(-)	5225	13	63	3	y	ok
226	GENE=EXT2|GENE_NO=226|TRANSCRIPT=ENST00000533608.7|STRAND=+|COSMIC=COSG109806|REGION=3UTR(+)	EXT2	226	ENST00000533608.7	+	COSG109806	3UTR(+)	7678	32	60	3	y	ok
227	GENE=EZH2|GENE_NO=227|TRANSCRIPT=ENST00000320356.7|STRAND=-|COSMIC=COSG109206|REGION=3UTR(-)	EZH2	227	ENST00000320356.7	-	COSG109206	3UTR(-)	266	0	0	0	n	ok
228	GENE=EZR|GENE_NO=228|TRANSCRIPT=ENST00000367075.4|STRAND=-|COSMIC=COSG78273|REGION=3UTR(-)	EZR	228	ENST00000367075.4	-	COSG78273	3UTR(-)	1169	5	36	2	y	ok
229	GENE=FADD|GENE_NO=229|TRANSCRIPT=ENST00000301838.5|STRAND=+|COSMIC=COSG88220|REGION=3UTR(+)	FADD	229	ENST00000301838.5	+	COSG88220	3UTR(+)	920	5	80	4	y	ok
230	GENE=FAM131B|GENE_NO=230|TRANSCRIPT=ENST00000443739.7|STRAND=-|COSMIC=COSG98719|REGION=3UTR(-)	FAM131B	230	ENST00000443739.7	-	COSG98719	3UTR(-)	3153	17	72	4	y	ok
231	GENE=FAM135B|GENE_NO=231|TRANSCRIPT=ENST00000395297.6|STRAND=-|COSMIC=COSG92822|REGION=3UTR(-)	FAM135B	231	ENST00000395297.6	-	COSG92822	3UTR(-)	2573	11	35	2	y	ok
232	GENE=FAM47C|GENE_NO=232|TRANSCRIPT=ENST00000358047.5|STRAND=+|COSMIC=COSG61751|REGION=3UTR(+)	FAM47C	232	ENST00000358047.5	+	COSG61751	3UTR(+)	149	0	0	0	n	ok
233	GENE=FANCA|GENE_NO=233|TRANSCRIPT=ENST00000389301.8|STRAND=-|COSMIC=COSG82650|REGION=3UTR(-)	FANCA	233	ENST00000389301.8	-	COSG82650	3UTR(-)	1055	5	58	3	y	ok
234	GENE=FANCC|GENE_NO=234|TRANSCRIPT=ENST00000289081.8|STRAND=-|COSMIC=COSG73016|REGION=3UTR(-)	FANCC	234	ENST00000289081.8	-	COSG73016	3UTR(-)	2656	15	62	3	y	ok
235	GENE=FANCD2|GENE_NO=235|TRANSCRIPT=ENST00000675286.1|STRAND=+|COSMIC=COSG111784|REGION=3UTR(+)	FANCD2	235	ENST00000675286.1	+	COSG111784	3UTR(+)	673	3	28	2	y	ok
236	GENE=FANCE|GENE_NO=236|TRANSCRIPT=ENST00000229769.3|STRAND=+|COSMIC=COSG112045|REGION=3UTR(+)	FANCE	236	ENST00000229769.3	+	COSG112045	3UTR(+)	760	2	55	3	y	ok
237	GENE=FANCF|GENE_NO=237|TRANSCRIPT=ENST00000327470.6|STRAND=-|COSMIC=COSG111782|REGION=3UTR(-)	FANCF	237	ENST00000327470.6	-	COSG111782	3UTR(-)	2156	5	34	2	y	ok
238	GENE=FANCG|GENE_NO=238|TRANSCRIPT=ENST00000378643.8|STRAND=-|COSMIC=COSG78051|REGION=3UTR(-)	FANCG	238	ENST00000378643.8	-	COSG78051	3UTR(-)	272	1	57	3	y	ok
239	GENE=FANCI|GENE_NO=239|TRANSCRIPT=ENST00000310775.12|STRAND=+|COSMIC=COSG110279|REGION=3UTR(+)	FANCI	239	ENST00000310775.12	+	COSG110279	3UTR(+)	675	3	32	2	y	ok
240	GENE=FANCM|GENE_NO=240|TRANSCRIPT=ENST00000267430.10|STRAND=+|COSMIC=COSG61011|REGION=3UTR(+)	FANCM	240	ENST00000267430.10	+	COSG61011	3UTR(+)	885	2	35	2	y	ok
241	GENE=FAS|GENE_NO=241|TRANSCRIPT=ENST00000652046.1|STRAND=+|COSMIC=COSG73953|REGION=3UTR(+)	FAS	241	ENST00000652046.1	+	COSG73953	3UTR(+)	2612	7	34	2	y	ok
242	GENE=FAT1|GENE_NO=242|TRANSCRIPT=ENST00000441802.7|STRAND=-|COSMIC=COSG73476|REGION=3UTR(-)	FAT1	242	ENST00000441802.7	-	COSG73476	3UTR(-)	801	1	34	2	y	ok
243	GENE=FAT3|GENE_NO=243|TRANSCRIPT=ENST00000525166.6|STRAND=+|COSMIC=COSG114528|REGION=3UTR(+)	FAT3	243	ENST00000525166.6	+	COSG114528	3UTR(+)	5363	12	36	2	y	ok
244	GENE=FAT4|GENE_NO=244|TRANSCRIPT=ENST00000394329.9|STRAND=+|COSMIC=COSG107228|REGION=3UTR(+)	FAT4	244	ENST00000394329.9	+	COSG107228	3UTR(+)	1167	1	34	2	y	ok
245	GENE=FBLN2|GENE_NO=245|TRANSCRIPT=ENST00000404922.8|STRAND=+|COSMIC=COSG115621|REGION=3UTR(+)	FBLN2	245	ENST00000404922.8	+	COSG115621	3UTR(+)	488	2	60	3	y	ok
246	GENE=FBXO11|GENE_NO=246|TRANSCRIPT=ENST00000403359.8|STRAND=-|COSMIC=COSG86840|REGION=3UTR(-)	FBXO11	246	ENST00000403359.8	-	COSG86840	3UTR(-)	1201	0	0	0	n	ok
247	GENE=FBXW7|GENE_NO=247|TRANSCRIPT=ENST00000281708.10|STRAND=-|COSMIC=COSG70576|REGION=3UTR(-)	FBXW7	247	ENST00000281708.10	-	COSG70576	3UTR(-)	2340	4	35	2	y	ok
248	GENE=FCGR2B|GENE_NO=248|TRANSCRIPT=ENST00000358671.10|STRAND=+|COSMIC=COSG76068|REGION=3UTR(+)	FCGR2B	248	ENST00000358671.10	+	COSG76068	3UTR(+)	1104	3	36	2	y	ok
249	GENE=FCRL4|GENE_NO=249|TRANSCRIPT=ENST00000271532.2|STRAND=-|COSMIC=COSG68560|REGION=3UTR(-)	FCRL4	249	ENST00000271532.2	-	COSG68560	3UTR(-)	1780	5	34	2	y	ok
250	GENE=FEN1|GENE_NO=250|TRANSCRIPT=ENST00000305885.3|STRAND=+|COSMIC=COSG72232|REGION=3UTR(+)	FEN1	250	ENST00000305885.3	+	COSG72232	3UTR(+)	737	4	35	2	y	ok
251	GENE=FES|GENE_NO=251|TRANSCRIPT=ENST00000328850.8|STRAND=+|COSMIC=COSG94613|REGION=3UTR(+)	FES	251	ENST00000328850.8	+	COSG94613	3UTR(+)	221	1	31	2	y	ok
252	GENE=FEV|GENE_NO=252|TRANSCRIPT=ENST00000295727.2|STRAND=-|COSMIC=COSG106712|REGION=3UTR(-)	FEV	252	ENST00000295727.2	-	COSG106712	3UTR(-)	583	5	35	2	y	ok
253	GENE=FGFR1|GENE_NO=253|TRANSCRIPT=ENST00000447712.7|STRAND=-|COSMIC=COSG114519|REGION=3UTR(-)	FGFR1	253	ENST00000447712.7	-	COSG114519	3UTR(-)	2488	10	64	3	y	ok
254	GENE=FGFR1OP|GENE_NO=254|TRANSCRIPT=ENST00000366847.9|STRAND=+|COSMIC=COSG60450|REGION=3UTR(+)	FGFR1OP	254	ENST00000366847.9	+	COSG60450	3UTR(+)	12743	43	61	3	y	ok
255	GENE=FGFR2|GENE_NO=255|TRANSCRIPT=ENST00000358487.10|STRAND=-|COSMIC=COSG61759|REGION=3UTR(-)	FGFR2	255	ENST00000358487.10	-	COSG61759	3UTR(-)	1528	4	34	2	y	ok
256	GENE=FGFR3|GENE_NO=256|TRANSCRIPT=ENST00000440486.8|STRAND=+|COSMIC=COSG66931|REGION=3UTR(+)	FGFR3	256	ENST00000440486.8	+	COSG66931	3UTR(+)	1608	7	64	3	y	ok
257	GENE=FGFR4|GENE_NO=257|TRANSCRIPT=ENST00000292408.9|STRAND=+|COSMIC=COSG98910|REGION=3UTR(+)	FGFR4	257	ENST00000292408.9	+	COSG98910	3UTR(+)	471	3	36	2	y	ok
258	GENE=FH|GENE_NO=258|TRANSCRIPT=ENST00000366560.4|STRAND=-|COSMIC=COSG94388|REGION=3UTR(-)	FH	258	ENST00000366560.4	-	COSG94388	3UTR(-)	228	0	0	0	n	ok
259	GENE=FHIT|GENE_NO=259|TRANSCRIPT=ENST00000492590.6|STRAND=-|COSMIC=COSG72343|REGION=3UTR(-)	FHIT	259	ENST00000492590.6	-	COSG72343	3UTR(-)	2311	6	56	3	y	ok
260	GENE=FIP1L1|GENE_NO=260|TRANSCRIPT=ENST00000337488.11|STRAND=+|COSMIC=COSG62967|REGION=3UTR(+)	FIP1L1	260	ENST00000337488.11	+	COSG62967	3UTR(+)	1416	4	32	2	y	ok
261	GENE=FKBP9|GENE_NO=261|TRANSCRIPT=ENST00000242209.9|STRAND=+|COSMIC=COSG81566|REGION=3UTR(+)	FKBP9	261	ENST00000242209.9	+	COSG81566	3UTR(+)	1580	8	58	3	y	ok
262	GENE=FLCN|GENE_NO=262|TRANSCRIPT=ENST00000285071.9|STRAND=-|COSMIC=COSG83404|REGION=3UTR(-)	FLCN	262	ENST00000285071.9	-	COSG83404	3UTR(-)	1446	8	53	3	y	ok
263	GENE=FLI1|GENE_NO=263|TRANSCRIPT=ENST00000527786.7|STRAND=+|COSMIC=COSG104312|REGION=3UTR(+)	FLI1	263	ENST00000527786.7	+	COSG104312	3UTR(+)	2282	6	36	2	y	ok
264	GENE=FLNA|GENE_NO=264|TRANSCRIPT=ENST00000369850.10|STRAND=-|COSMIC=COSG74753|REGION=3UTR(-)	FLNA	264	ENST00000369850.10	-	COSG74753	3UTR(-)	321	1	63	3	y	ok
265	GENE=FLT3|GENE_NO=265|TRANSCRIPT=ENST00000241453.12|STRAND=-|COSMIC=COSG64752|REGION=3UTR(-)	FLT3	265	ENST00000241453.12	-	COSG64752	3UTR(-)	781	3	26	2	y	ok
266	GENE=FLT4|GENE_NO=266|TRANSCRIPT=ENST00000261937.11|STRAND=-|COSMIC=COSG95485|REGION=3UTR(-)	FLT4	266	ENST00000261937.11	-	COSG95485	3UTR(-)	1689	9	56	3	y	ok
267	GENE=FNBP1|GENE_NO=267|TRANSCRIPT=ENST00000446176.7|STRAND=-|COSMIC=COSG106586|REGION=3UTR(-)	FNBP1	267	ENST00000446176.7	-	COSG106586	3UTR(-)	3355	16	52	3	y	ok
268	GENE=FOXA1|GENE_NO=268|TRANSCRIPT=ENST00000250448.5|STRAND=-|COSMIC=COSG106486|REGION=3UTR(-)	FOXA1	268	ENST00000250448.5	-	COSG106486	3UTR(-)	1816	3	32	2	y	ok
269	GENE=FOXL2|GENE_NO=269|TRANSCRIPT=ENST00000648323.1|STRAND=-|COSMIC=COSG66822|REGION=3UTR(-)	FOXL2	269	ENST00000648323.1	-	COSG66822	3UTR(-)	1371	9	62	3	y	ok
270	GENE=FOXO1|GENE_NO=270|TRANSCRIPT=ENST00000379561.6|STRAND=-|COSMIC=COSG102574|REGION=3UTR(-)	FOXO1	270	ENST00000379561.6	-	COSG102574	3UTR(-)	3385	8	35	2	y	ok
271	GENE=FOXO3|GENE_NO=271|TRANSCRIPT=ENST00000406360.2|STRAND=+|COSMIC=COSG76666|REGION=3UTR(+)	FOXO3	271	ENST00000406360.2	+	COSG76666	3UTR(+)	4985	16	57	3	y	ok
272	GENE=FOXO4|GENE_NO=272|TRANSCRIPT=ENST00000374259.8|STRAND=+|COSMIC=COSG58773|REGION=3UTR(+)	FOXO4	272	ENST00000374259.8	+	COSG58773	3UTR(+)	1451	7	78	4	y	ok
273	GENE=FOXP1|GENE_NO=273|TRANSCRIPT=ENST00000649528.3|STRAND=-|COSMIC=COSG71217|REGION=3UTR(-)	FOXP1	273	ENST00000649528.3	-	COSG71217	3UTR(-)	4542	13	56	3	y	ok
274	GENE=FOXR1|GENE_NO=274|TRANSCRIPT=ENST00000317011.8|STRAND=+|COSMIC=COSG107615|REGION=3UTR(+)	FOXR1	274	ENST00000317011.8	+	COSG107615	3UTR(+)	54	0	0	0	n	ok
275	GENE=FSTL3|GENE_NO=275|TRANSCRIPT=ENST00000166139.9|STRAND=+|COSMIC=COSG114579|REGION=3UTR(+)	FSTL3	275	ENST00000166139.9	+	COSG114579	3UTR(+)	1680	11	62	3	y	ok
276	GENE=FUBP1|GENE_NO=276|TRANSCRIPT=ENST00000370768.7|STRAND=-|COSMIC=COSG70617|REGION=3UTR(-)	FUBP1	276	ENST00000370768.7	-	COSG70617	3UTR(-)	4714	7	50	3	y	ok
277	GENE=FUS|GENE_NO=277|TRANSCRIPT=ENST00000254108.12|STRAND=+|COSMIC=COSG115221|REGION=3UTR(+)	FUS	277	ENST00000254108.12	+	COSG115221	3UTR(+)	170	0	0	0	n	ok
278	GENE=GAS7|GENE_NO=278|TRANSCRIPT=ENST00000432992.7|STRAND=-|COSMIC=COSG96511|REGION=3UTR(-)	GAS7	278	ENST00000432992.7	-	COSG96511	3UTR(-)	6625	26	76	4	y	ok
279	GENE=GATA1|GENE_NO=279|TRANSCRIPT=ENST00000376670.9|STRAND=+|COSMIC=COSG87468|REGION=3UTR(+)	GATA1	279	ENST00000376670.9	+	COSG87468	3UTR(+)	150	1	35	2	y	ok
280	GENE=GATA2|GENE_NO=280|TRANSCRIPT=ENST00000341105.7|STRAND=-|COSMIC=COSG113001|REGION=3UTR(-)	GATA2	280	ENST00000341105.7	-	COSG113001	3UTR(-)	1595	8	70	4	y	ok
281	GENE=GATA3|GENE_NO=281|TRANSCRIPT=ENST00000379328.9|STRAND=+|COSMIC=COSG76073|REGION=3UTR(+)	GATA3	281	ENST00000379328.9	+	COSG76073	3UTR(+)	1178	3	32	2	y	ok
282	GENE=GLI1|GENE_NO=282|TRANSCRIPT=ENST00000228682.7|STRAND=+|COSMIC=COSG60145|REGION=3UTR(+)	GLI1	282	ENST00000228682.7	+	COSG60145	3UTR(+)	210	1	61	3	y	ok
283	GENE=GMPS|GENE_NO=283|TRANSCRIPT=ENST00000496455.7|STRAND=+|COSMIC=COSG90794|REGION=3UTR(+)	GMPS	283	ENST00000496455.7	+	COSG90794	3UTR(+)	6331	19	35	2	y	ok
284	GENE=GNA11|GENE_NO=284|TRANSCRIPT=ENST00000078429.9|STRAND=+|COSMIC=COSG111894|REGION=3UTR(+)	GNA11	284	ENST00000078429.9	+	COSG111894	3UTR(+)	2823	13	63	3	y	ok
285	GENE=GNAQ|GENE_NO=285|TRANSCRIPT=ENST00000286548.9|STRAND=-|COSMIC=COSG98291|REGION=3UTR(-)	GNAQ	285	ENST00000286548.9	-	COSG98291	3UTR(-)	5229	11	63	3	y	ok
286	GENE=GNAS|GENE_NO=286|TRANSCRIPT=ENST00000371085.8|STRAND=+|COSMIC=COSG82860|REGION=3UTR(+)	GNAS	286	ENST00000371085.8	+	COSG82860	3UTR(+)	366	1	28	2	y	ok
287	GENE=GOLGA5|GENE_NO=287|TRANSCRIPT=ENST00000163416.7|STRAND=+|COSMIC=COSG65089|REGION=3UTR(+)	GOLGA5	287	ENST00000163416.7	+	COSG65089	3UTR(+)	504	1	19	2	y	ok
288	GENE=GOLPH3|GENE_NO=288|TRANSCRIPT=ENST00000265070.7|STRAND=-|COSMIC=COSG112121|REGION=3UTR(-)	GOLPH3	288	ENST00000265070.7	-	COSG112121	3UTR(-)	1499	1	25	2	y	ok
289	GENE=GOPC|GENE_NO=289|TRANSCRIPT=ENST00000368498.7|STRAND=-|COSMIC=COSG62335|REGION=3UTR(-)	GOPC	289	ENST00000368498.7	-	COSG62335	3UTR(-)	2988	7	35	2	y	ok
290	GENE=GPC3|GENE_NO=290|TRANSCRIPT=ENST00000370818.8|STRAND=-|COSMIC=COSG62939|REGION=3UTR(-)	GPC3	290	ENST00000370818.8	-	COSG62939	3UTR(-)	382	1	26	2	y	ok
291	GENE=GPC5|GENE_NO=291|TRANSCRIPT=ENST00000377067.9|STRAND=+|COSMIC=COSG92536|REGION=3UTR(+)	GPC5	291	ENST00000377067.9	+	COSG92536	3UTR(+)	801	0	0	0	n	ok
292	GENE=GPHN|GENE_NO=292|TRANSCRIPT=ENST00000478722.6|STRAND=+|COSMIC=COSG100626|REGION=3UTR(+)	GPHN	292	ENST00000478722.6	+	COSG100626	3UTR(+)	869	1	22	2	y	ok
293	GENE=GRIN2A|GENE_NO=293|TRANSCRIPT=ENST00000330684.4|STRAND=-|COSMIC=COSG108203|REGION=3UTR(-)	GRIN2A	293	ENST00000330684.4	-	COSG108203	3UTR(-)	9744	21	62	3	y	ok
294	GENE=GRM3|GENE_NO=294|TRANSCRIPT=ENST00000361669.7|STRAND=+|COSMIC=COSG74476|REGION=3UTR(+)	GRM3	294	ENST00000361669.7	+	COSG74476	3UTR(+)	527	0	0	0	n	ok
295	GENE=GSK3B|GENE_NO=295|TRANSCRIPT=ENST00000264235.13|STRAND=-|COSMIC=COSG78014|REGION=3UTR(-)	GSK3B	295	ENST00000264235.13	-	COSG78014	3UTR(-)	5470	17	82	4	y	ok
296	GENE=GTF2I|GENE_NO=296|TRANSCRIPT=ENST00000573035.6|STRAND=+|COSMIC=COSG103299|REGION=3UTR(+)	GTF2I	296	ENST00000573035.6	+	COSG103299	3UTR(+)	1165	3	35	2	y	ok
297	GENE=H3F3A|GENE_NO=297|TRANSCRIPT=ENST00000366815.10|STRAND=+|COSMIC=COSG83297|REGION=3UTR(+)	H3F3A	297	ENST00000366815.10	+	COSG83297	3UTR(+)	543	1	32	2	y	ok
298	GENE=H3F3B|GENE_NO=298|TRANSCRIPT=ENST00000254810.8|STRAND=-|COSMIC=COSG91461|REGION=3UTR(-)	H3F3B	298	ENST00000254810.8	-	COSG91461	3UTR(-)	2164	8	36	2	y	ok
299	GENE=HERPUD1|GENE_NO=299|TRANSCRIPT=ENST00000439977.7|STRAND=+|COSMIC=COSG102009|REGION=3UTR(+)	HERPUD1	299	ENST00000439977.7	+	COSG102009	3UTR(+)	1577	5	34	2	y	ok
300	GENE=HEY1|GENE_NO=300|TRANSCRIPT=ENST00000354724.8|STRAND=-|COSMIC=COSG65409|REGION=3UTR(-)	HEY1	300	ENST00000354724.8	-	COSG65409	3UTR(-)	1181	4	35	2	y	ok
301	GENE=HGF|GENE_NO=301|TRANSCRIPT=ENST00000222390.11|STRAND=-|COSMIC=COSG65657|REGION=3UTR(-)	HGF	301	ENST00000222390.11	-	COSG65657	3UTR(-)	3574	5	32	2	y	ok
302	GENE=HIF1A|GENE_NO=302|TRANSCRIPT=ENST00000337138.9|STRAND=+|COSMIC=COSG84346|REGION=3UTR(+)	HIF1A	302	ENST00000337138.9	+	COSG84346	3UTR(+)	1176	0	0	0	n	ok
303	GENE=HIP1|GENE_NO=303|TRANSCRIPT=ENST00000336926.11|STRAND=-|COSMIC=COSG87160|REGION=3UTR(-)	HIP1	303	ENST00000336926.11	-	COSG87160	3UTR(-)	4877	21	61	3	y	ok
304	GENE=HIST1H4I|GENE_NO=305|TRANSCRIPT=ENST00000615353.2|STRAND=+|COSMIC=COSG99670|REGION=3UTR(+)	HIST1H4I	305	ENST00000615353.2	+	COSG99670	3UTR(+)	61	0	0	0	n	ok
305	GENE=HLA-A|GENE_NO=306|TRANSCRIPT=ENST00000376809.10|STRAND=+|COSMIC=COSG104170|REGION=3UTR(+)	HLA-A	306	ENST00000376809.10	+	COSG104170	3UTR(+)	418	2	35	2	y	ok
306	GENE=HLF|GENE_NO=307|TRANSCRIPT=ENST00000226067.10|STRAND=+|COSMIC=COSG74351|REGION=3UTR(+)	HLF	307	ENST00000226067.10	+	COSG74351	3UTR(+)	4311	14	35	2	y	ok
307	GENE=HMGA1|GENE_NO=308|TRANSCRIPT=ENST00000311487.9|STRAND=+|COSMIC=COSG100629|REGION=3UTR(+)	HMGA1	308	ENST00000311487.9	+	COSG100629	3UTR(+)	1350	7	59	3	y	ok
308	GENE=HMGA2|GENE_NO=309|TRANSCRIPT=ENST00000403681.7|STRAND=+|COSMIC=COSG69442|REGION=3UTR(+)	HMGA2	309	ENST00000403681.7	+	COSG69442	3UTR(+)	3002				timeout	timeout
309	GENE=HNF1A|GENE_NO=311|TRANSCRIPT=ENST00000257555.11|STRAND=+|COSMIC=COSG70564|REGION=3UTR(+)	HNF1A	311	ENST00000257555.11	+	COSG70564	3UTR(+)	1323	6	56	3	y	ok
310	GENE=HNRNPA2B1|GENE_NO=312|TRANSCRIPT=ENST00000618183.5|STRAND=-|COSMIC=COSG88183|REGION=3UTR(-)	HNRNPA2B1	312	ENST00000618183.5	-	COSG88183	3UTR(-)	2436	7	32	2	y	ok
311	GENE=HOOK3|GENE_NO=313|TRANSCRIPT=ENST00000307602.9|STRAND=+|COSMIC=COSG101512|REGION=3UTR(+)	HOOK3	313	ENST00000307602.9	+	COSG101512	3UTR(+)	12040	32	36	2	y	ok
312	GENE=HOXA11|GENE_NO=314|TRANSCRIPT=ENST00000006015.4|STRAND=-|COSMIC=COSG65276|REGION=3UTR(-)	HOXA11	314	ENST00000006015.4	-	COSG65276	3UTR(-)	1642	11	56	3	y	ok
313	GENE=HOXA13|GENE_NO=315|TRANSCRIPT=ENST00000649031.1|STRAND=-|COSMIC=COSG98272|REGION=3UTR(-)	HOXA13	315	ENST00000649031.1	-	COSG98272	3UTR(-)	3837	10	34	2	y	ok
314	GENE=HOXA9|GENE_NO=316|TRANSCRIPT=ENST00000343483.7|STRAND=-|COSMIC=COSG109289|REGION=3UTR(-)	HOXA9	316	ENST00000343483.7	-	COSG109289	3UTR(-)	1168	4	33	2	y	ok
315	GENE=HOXC11|GENE_NO=317|TRANSCRIPT=ENST00000546378.1|STRAND=+|COSMIC=COSG63604|REGION=3UTR(+)	HOXC11	317	ENST00000546378.1	+	COSG63604	3UTR(+)	2233	11	63	3	y	ok
316	GENE=HOXC13|GENE_NO=318|TRANSCRIPT=ENST00000243056.5|STRAND=+|COSMIC=COSG58815|REGION=3UTR(+)	HOXC13	318	ENST00000243056.5	+	COSG58815	3UTR(+)	1291	9	34	2	y	ok
317	GENE=HOXD11|GENE_NO=319|TRANSCRIPT=ENST00000249504.7|STRAND=+|COSMIC=COSG102737|REGION=3UTR(+)	HOXD11	319	ENST00000249504.7	+	COSG102737	3UTR(+)	615	2	61	3	y	ok
318	GENE=HOXD13|GENE_NO=320|TRANSCRIPT=ENST00000392539.4|STRAND=+|COSMIC=COSG60623|REGION=3UTR(+)	HOXD13	320	ENST00000392539.4	+	COSG60623	3UTR(+)	1217	3	35	2	y	ok
319	GENE=HRAS|GENE_NO=321|TRANSCRIPT=ENST00000311189.8|STRAND=-|COSMIC=COSG113788|REGION=3UTR(-)	HRAS	321	ENST00000311189.8	-	COSG113788	3UTR(-)	289	2	36	2	y	ok
320	GENE=HSP90AA1|GENE_NO=322|TRANSCRIPT=ENST00000216281.13|STRAND=-|COSMIC=COSG94795|REGION=3UTR(-)	HSP90AA1	322	ENST00000216281.13	-	COSG94795	3UTR(-)	973	3	34	2	y	ok
321	GENE=HSP90AB1|GENE_NO=323|TRANSCRIPT=ENST00000371646.10|STRAND=+|COSMIC=COSG103171|REGION=3UTR(+)	HSP90AB1	323	ENST00000371646.10	+	COSG103171	3UTR(+)	288	0	0	0	n	ok
322	GENE=ID3|GENE_NO=324|TRANSCRIPT=ENST00000374561.6|STRAND=-|COSMIC=COSG96223|REGION=3UTR(-)	ID3	324	ENST00000374561.6	-	COSG96223	3UTR(-)	518	3	35	2	y	ok
323	GENE=IDH1|GENE_NO=325|TRANSCRIPT=ENST00000345146.7|STRAND=-|COSMIC=COSG108257|REGION=3UTR(-)	IDH1	325	ENST00000345146.7	-	COSG108257	3UTR(-)	853	3	34	2	y	ok
324	GENE=IDH2|GENE_NO=326|TRANSCRIPT=ENST00000330062.8|STRAND=-|COSMIC=COSG106830|REGION=3UTR(-)	IDH2	326	ENST00000330062.8	-	COSG106830	3UTR(-)	1224	5	56	3	y	ok
325	GENE=IGF2BP2|GENE_NO=327|TRANSCRIPT=ENST00000382199.7|STRAND=-|COSMIC=COSG84546|REGION=3UTR(-)	IGF2BP2	327	ENST00000382199.7	-	COSG84546	3UTR(-)	2404	9	35	2	y	ok
326	GENE=IKBKB|GENE_NO=331|TRANSCRIPT=ENST00000520810.6|STRAND=+|COSMIC=COSG112543|REGION=3UTR(+)	IKBKB	331	ENST00000520810.6	+	COSG112543	3UTR(+)	1484	5	35	2	y	ok
327	GENE=IKZF1|GENE_NO=332|TRANSCRIPT=ENST00000331340.8|STRAND=+|COSMIC=COSG89430|REGION=3UTR(+)	IKZF1	332	ENST00000331340.8	+	COSG89430	3UTR(+)	4477	12	59	3	y	ok
328	GENE=IKZF3|GENE_NO=333|TRANSCRIPT=ENST00000346872.8|STRAND=-|COSMIC=COSG116030|REGION=3UTR(-)	IKZF3	333	ENST00000346872.8	-	COSG116030	3UTR(-)	8075	31	61	3	y	ok
329	GENE=IL2|GENE_NO=334|TRANSCRIPT=ENST00000226730.5|STRAND=-|COSMIC=COSG70981|REGION=3UTR(-)	IL2	334	ENST00000226730.5	-	COSG70981	3UTR(-)	285	0	0	0	n	ok
330	GENE=IL21R|GENE_NO=335|TRANSCRIPT=ENST00000337929.8|STRAND=+|COSMIC=COSG111352|REGION=3UTR(+)	IL21R	335	ENST00000337929.8	+	COSG111352	3UTR(+)	2762	14	58	3	y	ok
331	GENE=IL6ST|GENE_NO=336|TRANSCRIPT=ENST00000381298.7|STRAND=-|COSMIC=COSG71872|REGION=3UTR(-)	IL6ST	336	ENST00000381298.7	-	COSG71872	3UTR(-)	5990	14	34	2	y	ok
332	GENE=IL7R|GENE_NO=337|TRANSCRIPT=ENST00000303115.8|STRAND=+|COSMIC=COSG64472|REGION=3UTR(+)	IL7R	337	ENST00000303115.8	+	COSG64472	3UTR(+)	3120	13	36	2	y	ok
333	GENE=IRF4|GENE_NO=338|TRANSCRIPT=ENST00000380956.9|STRAND=+|COSMIC=COSG105639|REGION=3UTR(+)	IRF4	338	ENST00000380956.9	+	COSG105639	3UTR(+)	3848	13	35	2	y	ok
334	GENE=IRS4|GENE_NO=339|TRANSCRIPT=ENST00000372129.4|STRAND=-|COSMIC=COSG76787|REGION=3UTR(-)	IRS4	339	ENST00000372129.4	-	COSG76787	3UTR(-)	2576	5	32	2	y	ok
335	GENE=ISX|GENE_NO=340|TRANSCRIPT=ENST00000404699.7|STRAND=+|COSMIC=COSG92515|REGION=3UTR(+)	ISX	340	ENST00000404699.7	+	COSG92515	3UTR(+)	1697	10	36	2	y	ok
336	GENE=ITGAV|GENE_NO=341|TRANSCRIPT=ENST00000261023.8|STRAND=+|COSMIC=COSG89546|REGION=3UTR(+)	ITGAV	341	ENST00000261023.8	+	COSG89546	3UTR(+)	3612	4	27	2	y	ok
337	GENE=ITGB1|GENE_NO=342|TRANSCRIPT=ENST00000302278.8|STRAND=-|COSMIC=COSG60418|REGION=3UTR(-)	ITGB1	342	ENST00000302278.8	-	COSG60418	3UTR(-)	1255	2	32	2	y	ok
338	GENE=ITK|GENE_NO=343|TRANSCRIPT=ENST00000422843.8|STRAND=+|COSMIC=COSG90766|REGION=3UTR(+)	ITK	343	ENST00000422843.8	+	COSG90766	3UTR(+)	2510	10	34	2	y	ok
339	GENE=JAK1|GENE_NO=344|TRANSCRIPT=ENST00000342505.5|STRAND=-|COSMIC=COSG63689|REGION=3UTR(-)	JAK1	344	ENST00000342505.5	-	COSG63689	3UTR(-)	1336	2	35	2	y	ok
340	GENE=JAK2|GENE_NO=345|TRANSCRIPT=ENST00000381652.4|STRAND=+|COSMIC=COSG58883|REGION=3UTR(+)	JAK2	345	ENST00000381652.4	+	COSG58883	3UTR(+)	3160	2	34	2	y	ok
341	GENE=JAK3|GENE_NO=346|TRANSCRIPT=ENST00000458235.7|STRAND=-|COSMIC=COSG84587|REGION=3UTR(-)	JAK3	346	ENST00000458235.7	-	COSG84587	3UTR(-)	1964	11	54	3	y	ok
342	GENE=JAZF1|GENE_NO=347|TRANSCRIPT=ENST00000283928.10|STRAND=-|COSMIC=COSG79452|REGION=3UTR(-)	JAZF1	347	ENST00000283928.10	-	COSG79452	3UTR(-)	2226	1	36	2	y	ok
343	GENE=JUN|GENE_NO=348|TRANSCRIPT=ENST00000371222.4|STRAND=-|COSMIC=COSG84672|REGION=3UTR(-)	JUN	348	ENST00000371222.4	-	COSG84672	3UTR(-)	1287	6	64	3	y	ok
344	GENE=KAT6A|GENE_NO=349|TRANSCRIPT=ENST00000265713.8|STRAND=-|COSMIC=COSG110810|REGION=3UTR(-)	KAT6A	349	ENST00000265713.8	-	COSG110810	3UTR(-)	2729	6	64	3	y	ok
345	GENE=KAT6B|GENE_NO=350|TRANSCRIPT=ENST00000287239.10|STRAND=+|COSMIC=COSG100264|REGION=3UTR(+)	KAT6B	350	ENST00000287239.10	+	COSG100264	3UTR(+)	1581	5	35	2	y	ok
346	GENE=KAT7|GENE_NO=351|TRANSCRIPT=ENST00000259021.9|STRAND=+|COSMIC=COSG90061|REGION=3UTR(+)	KAT7	351	ENST00000259021.9	+	COSG90061	3UTR(+)	7527	29	56	3	y	ok
347	GENE=KCNJ5|GENE_NO=352|TRANSCRIPT=ENST00000529694.6|STRAND=+|COSMIC=COSG80472|REGION=3UTR(+)	KCNJ5	352	ENST00000529694.6	+	COSG80472	3UTR(+)	4435	18	63	3	y	ok
348	GENE=KDM5A|GENE_NO=353|TRANSCRIPT=ENST00000399788.7|STRAND=-|COSMIC=COSG94857|REGION=3UTR(-)	KDM5A	353	ENST00000399788.7	-	COSG94857	3UTR(-)	5402	20	56	3	y	ok
349	GENE=KDM5C|GENE_NO=354|TRANSCRIPT=ENST00000375401.8|STRAND=-|COSMIC=COSG86736|REGION=3UTR(-)	KDM5C	354	ENST00000375401.8	-	COSG86736	3UTR(-)	812	5	64	3	y	ok
350	GENE=KDM6A|GENE_NO=355|TRANSCRIPT=ENST00000611820.5|STRAND=+|COSMIC=COSG88842|REGION=3UTR(+)	KDM6A	355	ENST00000611820.5	+	COSG88842	3UTR(+)	1371	1	35	2	y	ok
351	GENE=KDR|GENE_NO=356|TRANSCRIPT=ENST00000263923.5|STRAND=-|COSMIC=COSG106784|REGION=3UTR(-)	KDR	356	ENST00000263923.5	-	COSG106784	3UTR(-)	1463	5	54	3	y	ok
352	GENE=KDSR|GENE_NO=357|TRANSCRIPT=ENST00000645214.2|STRAND=-|COSMIC=COSG71181|REGION=3UTR(-)	KDSR	357	ENST00000645214.2	-	COSG71181	3UTR(-)	4059	11	60	3	y	ok
353	GENE=KEAP1|GENE_NO=358|TRANSCRIPT=ENST00000171111.10|STRAND=-|COSMIC=COSG96808|REGION=3UTR(-)	KEAP1	358	ENST00000171111.10	-	COSG96808	3UTR(-)	530	3	62	3	y	ok
354	GENE=KIAA1549|GENE_NO=359|TRANSCRIPT=ENST00000422774.2|STRAND=-|COSMIC=COSG104988|REGION=3UTR(-)	KIAA1549	359	ENST00000422774.2	-	COSG104988	3UTR(-)	6528	25	36	2	y	ok
355	GENE=KIF5B|GENE_NO=360|TRANSCRIPT=ENST00000302418.5|STRAND=-|COSMIC=COSG69778|REGION=3UTR(-)	KIF5B	360	ENST00000302418.5	-	COSG69778	3UTR(-)	2525	3	35	2	y	ok
356	GENE=KIT|GENE_NO=361|TRANSCRIPT=ENST00000288135.6|STRAND=+|COSMIC=COSG63709|REGION=3UTR(+)	KIT	361	ENST00000288135.6	+	COSG63709	3UTR(+)	2161	8	35	2	y	ok
357	GENE=KLF4|GENE_NO=362|TRANSCRIPT=ENST00000374672.5|STRAND=-|COSMIC=COSG110029|REGION=3UTR(-)	KLF4	362	ENST00000374672.5	-	COSG110029	3UTR(-)	902	2	36	2	y	ok
358	GENE=KLF6|GENE_NO=363|TRANSCRIPT=ENST00000497571.6|STRAND=-|COSMIC=COSG63910|REGION=3UTR(-)	KLF6	363	ENST00000497571.6	-	COSG63910	3UTR(-)	3546	15	56	3	y	ok
359	GENE=KLK2|GENE_NO=364|TRANSCRIPT=ENST00000325321.8|STRAND=+|COSMIC=COSG112026|REGION=3UTR(+)	KLK2	364	ENST00000325321.8	+	COSG112026	3UTR(+)	2011	10	59	3	y	ok
360	GENE=KMT2A|GENE_NO=365|TRANSCRIPT=ENST00000534358.8|STRAND=+|COSMIC=COSG86533|REGION=3UTR(+)	KMT2A	365	ENST00000534358.8	+	COSG86533	3UTR(+)	4663	19	36	2	y	ok
361	GENE=KMT2C|GENE_NO=366|TRANSCRIPT=ENST00000262189.11|STRAND=-|COSMIC=COSG85495|REGION=3UTR(-)	KMT2C	366	ENST00000262189.11	-	COSG85495	3UTR(-)	1910	7	35	2	y	ok
362	GENE=KMT2D|GENE_NO=367|TRANSCRIPT=ENST00000301067.12|STRAND=-|COSMIC=COSG107783|REGION=3UTR(-)	KMT2D	367	ENST00000301067.12	-	COSG107783	3UTR(-)	2805	17	75	4	y	ok
363	GENE=KNL1|GENE_NO=368|TRANSCRIPT=ENST00000399668.7|STRAND=+|COSMIC=COSG107147|REGION=3UTR(+)	KNL1	368	ENST00000399668.7	+	COSG107147	3UTR(+)	2157	6	34	2	y	ok
364	GENE=KNSTRN|GENE_NO=369|TRANSCRIPT=ENST00000249776.13|STRAND=+|COSMIC=COSG111763|REGION=3UTR(+)	KNSTRN	369	ENST00000249776.13	+	COSG111763	3UTR(+)	694	3	34	2	y	ok
365	GENE=KRAS|GENE_NO=370|TRANSCRIPT=ENST00000311936.8|STRAND=-|COSMIC=COSG86962|REGION=3UTR(-)	KRAS	370	ENST00000311936.8	-	COSG86962	3UTR(-)	4552	12	35	2	y	ok
366	GENE=KTN1|GENE_NO=371|TRANSCRIPT=ENST00000395314.8|STRAND=+|COSMIC=COSG63135|REGION=3UTR(+)	KTN1	371	ENST00000395314.8	+	COSG63135	3UTR(+)	479	0	0	0	n	ok
367	GENE=LARP4B|GENE_NO=372|TRANSCRIPT=ENST00000316157.8|STRAND=-|COSMIC=COSG101167|REGION=3UTR(-)	LARP4B	372	ENST00000316157.8	-	COSG101167	3UTR(-)	3432	10	35	2	y	ok
368	GENE=LASP1|GENE_NO=373|TRANSCRIPT=ENST00000318008.11|STRAND=+|COSMIC=COSG73683|REGION=3UTR(+)	LASP1	373	ENST00000318008.11	+	COSG73683	3UTR(+)	2995	16	64	3	y	ok
369	GENE=LATS1|GENE_NO=374|TRANSCRIPT=ENST00000543571.6|STRAND=-|COSMIC=COSG78588|REGION=3UTR(-)	LATS1	374	ENST00000543571.6	-	COSG78588	3UTR(-)	3579	9	34	2	y	ok
370	GENE=LATS2|GENE_NO=375|TRANSCRIPT=ENST00000382592.5|STRAND=-|COSMIC=COSG64660|REGION=3UTR(-)	LATS2	375	ENST00000382592.5	-	COSG64660	3UTR(-)	1837	3	36	2	y	ok
371	GENE=LCK|GENE_NO=376|TRANSCRIPT=ENST00000336890.10|STRAND=+|COSMIC=COSG82227|REGION=3UTR(+)	LCK	376	ENST00000336890.10	+	COSG82227	3UTR(+)	452	2	32	2	y	ok
372	GENE=LCP1|GENE_NO=377|TRANSCRIPT=ENST00000323076.7|STRAND=-|COSMIC=COSG88254|REGION=3UTR(-)	LCP1	377	ENST00000323076.7	-	COSG88254	3UTR(-)	1671	8	36	2	y	ok
373	GENE=LEF1|GENE_NO=378|TRANSCRIPT=ENST00000265165.6|STRAND=-|COSMIC=COSG73617|REGION=3UTR(-)	LEF1	378	ENST00000265165.6	-	COSG73617	3UTR(-)	1213	2	33	2	y	ok
374	GENE=LEPROTL1|GENE_NO=379|TRANSCRIPT=ENST00000321250.13|STRAND=+|COSMIC=COSG59675|REGION=3UTR(+)	LEPROTL1	379	ENST00000321250.13	+	COSG59675	3UTR(+)	2665	5	34	2	y	ok
375	GENE=LHFPL6|GENE_NO=380|TRANSCRIPT=ENST00000379589.4|STRAND=-|COSMIC=COSG81838|REGION=3UTR(-)	LHFPL6	380	ENST00000379589.4	-	COSG81838	3UTR(-)	1047	5	35	2	y	ok
376	GENE=LIFR|GENE_NO=381|TRANSCRIPT=ENST00000453190.7|STRAND=-|COSMIC=COSG108001|REGION=3UTR(-)	LIFR	381	ENST00000453190.7	-	COSG108001	3UTR(-)	6930	12	56	3	y	ok
377	GENE=LMNA|GENE_NO=382|TRANSCRIPT=ENST00000368300.9|STRAND=+|COSMIC=COSG61379|REGION=3UTR(+)	LMNA	382	ENST00000368300.9	+	COSG61379	3UTR(+)	978	5	63	3	y	ok
378	GENE=LMO1|GENE_NO=383|TRANSCRIPT=ENST00000335790.8|STRAND=-|COSMIC=COSG58772|REGION=3UTR(-)	LMO1	383	ENST00000335790.8	-	COSG58772	3UTR(-)	310	2	34	2	y	ok
379	GENE=LMO2|GENE_NO=384|TRANSCRIPT=ENST00000257818.3|STRAND=-|COSMIC=COSG66206|REGION=3UTR(-)	LMO2	384	ENST00000257818.3	-	COSG66206	3UTR(-)	783	3	63	3	y	ok
380	GENE=LPP|GENE_NO=385|TRANSCRIPT=ENST00000617246.5|STRAND=+|COSMIC=COSG108197|REGION=3UTR(+)	LPP	385	ENST00000617246.5	+	COSG108197	3UTR(+)	16195	36	62	3	y	ok
381	GENE=LRIG3|GENE_NO=386|TRANSCRIPT=ENST00000320743.8|STRAND=-|COSMIC=COSG77544|REGION=3UTR(-)	LRIG3	386	ENST00000320743.8	-	COSG77544	3UTR(-)	420	0	0	0	n	ok
382	GENE=LRP1B|GENE_NO=387|TRANSCRIPT=ENST00000389484.8|STRAND=-|COSMIC=COSG104741|REGION=3UTR(-)	LRP1B	387	ENST00000389484.8	-	COSG104741	3UTR(-)	1766	1	30	2	y	ok
383	GENE=LSM14A|GENE_NO=388|TRANSCRIPT=ENST00000544216.8|STRAND=+|COSMIC=COSG71888|REGION=3UTR(+)	LSM14A	388	ENST00000544216.8	+	COSG71888	3UTR(+)	1903	6	35	2	y	ok
384	GENE=LYL1|GENE_NO=389|TRANSCRIPT=ENST00000264824.5|STRAND=-|COSMIC=COSG61746|REGION=3UTR(-)	LYL1	389	ENST00000264824.5	-	COSG61746	3UTR(-)	289	2	59	3	y	ok
385	GENE=LYN|GENE_NO=390|TRANSCRIPT=ENST00000519728.6|STRAND=+|COSMIC=COSG98294|REGION=3UTR(+)	LYN	390	ENST00000519728.6	+	COSG98294	3UTR(+)	4062	16	36	2	y	ok
386	GENE=LZTR1|GENE_NO=391|TRANSCRIPT=ENST00000646124.2|STRAND=+|COSMIC=COSG108978|REGION=3UTR(+)	LZTR1	391	ENST00000646124.2	+	COSG108978	3UTR(+)	1687	9	36	2	y	ok
387	GENE=MACC1|GENE_NO=392|TRANSCRIPT=ENST00000400331.10|STRAND=-|COSMIC=COSG59645|REGION=3UTR(-)	MACC1	392	ENST00000400331.10	-	COSG59645	3UTR(-)	6294	18	58	3	y	ok
388	GENE=MAF|GENE_NO=393|TRANSCRIPT=ENST00000326043.5|STRAND=-|COSMIC=COSG112125|REGION=3UTR(-)	MAF	393	ENST00000326043.5	-	COSG112125	3UTR(-)	625	2	34	2	y	ok
389	GENE=MAFB|GENE_NO=394|TRANSCRIPT=ENST00000373313.3|STRAND=-|COSMIC=COSG61544|REGION=3UTR(-)	MAFB	394	ENST00000373313.3	-	COSG61544	3UTR(-)	2034	9	64	3	y	ok
390	GENE=MALT1|GENE_NO=396|TRANSCRIPT=ENST00000649217.2|STRAND=+|COSMIC=COSG103261|REGION=3UTR(+)	MALT1	396	ENST00000649217.2	+	COSG103261	3UTR(+)	6638	14	34	2	y	ok
391	GENE=MAML2|GENE_NO=397|TRANSCRIPT=ENST00000524717.6|STRAND=-|COSMIC=COSG108970|REGION=3UTR(-)	MAML2	397	ENST00000524717.6	-	COSG108970	3UTR(-)	2353	4	30	2	y	ok
392	GENE=MAP2K1|GENE_NO=398|TRANSCRIPT=ENST00000307102.10|STRAND=+|COSMIC=COSG59287|REGION=3UTR(+)	MAP2K1	398	ENST00000307102.10	+	COSG59287	3UTR(+)	932	3	29	2	y	ok
393	GENE=MAP2K2|GENE_NO=399|TRANSCRIPT=ENST00000262948.10|STRAND=-|COSMIC=COSG59865|REGION=3UTR(-)	MAP2K2	399	ENST00000262948.10	-	COSG59865	3UTR(-)	280	1	34	2	y	ok
394	GENE=MAP2K4|GENE_NO=400|TRANSCRIPT=ENST00000353533.10|STRAND=+|COSMIC=COSG96219|REGION=3UTR(+)	MAP2K4	400	ENST00000353533.10	+	COSG96219	3UTR(+)	2571	4	35	2	y	ok
395	GENE=MAP3K1|GENE_NO=401|TRANSCRIPT=ENST00000399503.4|STRAND=+|COSMIC=COSG73783|REGION=3UTR(+)	MAP3K1	401	ENST00000399503.4	+	COSG73783	3UTR(+)	2475	2	33	2	y	ok
396	GENE=MAP3K13|GENE_NO=402|TRANSCRIPT=ENST00000265026.8|STRAND=+|COSMIC=COSG59626|REGION=3UTR(+)	MAP3K13	402	ENST00000265026.8	+	COSG59626	3UTR(+)	6641	21	51	3	y	ok
397	GENE=MAPK1|GENE_NO=403|TRANSCRIPT=ENST00000215832.11|STRAND=-|COSMIC=COSG103824|REGION=3UTR(-)	MAPK1	403	ENST00000215832.11	-	COSG103824	3UTR(-)	4596	12	42	3	y	ok
398	GENE=MAX|GENE_NO=404|TRANSCRIPT=ENST00000358664.9|STRAND=-|COSMIC=COSG102148|REGION=3UTR(-)	MAX	404	ENST00000358664.9	-	COSG102148	3UTR(-)	1352	5	62	3	y	ok
399	GENE=MB21D2|GENE_NO=405|TRANSCRIPT=ENST00000392452.3|STRAND=-|COSMIC=COSG110450|REGION=3UTR(-)	MB21D2	405	ENST00000392452.3	-	COSG110450	3UTR(-)	1574	7	34	2	y	ok
400	GENE=MDM2|GENE_NO=406|TRANSCRIPT=ENST00000258149.11|STRAND=+|COSMIC=COSG71043|REGION=3UTR(+)	MDM2	406	ENST00000258149.11	+	COSG71043	3UTR(+)	5698	12	62	3	y	ok
401	GENE=MDM4|GENE_NO=407|TRANSCRIPT=ENST00000367182.8|STRAND=+|COSMIC=COSG62931|REGION=3UTR(+)	MDM4	407	ENST00000367182.8	+	COSG62931	3UTR(+)	8441	32	64	3	y	ok
402	GENE=MECOM|GENE_NO=409|TRANSCRIPT=ENST00000651503.2|STRAND=-|COSMIC=COSG112625|REGION=3UTR(-)	MECOM	409	ENST00000651503.2	-	COSG112625	3UTR(-)	1405	1	60	3	y	ok
403	GENE=MED12|GENE_NO=410|TRANSCRIPT=ENST00000374080.8|STRAND=+|COSMIC=COSG113013|REGION=3UTR(+)	MED12	410	ENST00000374080.8	+	COSG113013	3UTR(+)	235	2	29	2	y	ok
404	GENE=MEN1|GENE_NO=411|TRANSCRIPT=ENST00000450708.7|STRAND=-|COSMIC=COSG70965|REGION=3UTR(-)	MEN1	411	ENST00000450708.7	-	COSG70965	3UTR(-)	821	4	35	2	y	ok
405	GENE=MET|GENE_NO=412|TRANSCRIPT=ENST00000397752.8|STRAND=+|COSMIC=COSG91620|REGION=3UTR(+)	MET	412	ENST00000397752.8	+	COSG91620	3UTR(+)	2256	4	34	2	y	ok
406	GENE=MGMT|GENE_NO=413|TRANSCRIPT=ENST00000651593.1|STRAND=+|COSMIC=COSG64570|REGION=3UTR(+)	MGMT	413	ENST00000651593.1	+	COSG64570	3UTR(+)	3989	21	60	3	y	ok
407	GENE=MITF|GENE_NO=414|TRANSCRIPT=ENST00000352241.9|STRAND=+|COSMIC=COSG60330|REGION=3UTR(+)	MITF	414	ENST00000352241.9	+	COSG60330	3UTR(+)	3087	7	35	2	y	ok
408	GENE=MLF1|GENE_NO=415|TRANSCRIPT=ENST00000466246.7|STRAND=+|COSMIC=COSG93816|REGION=3UTR(+)	MLF1	415	ENST00000466246.7	+	COSG93816	3UTR(+)	1257	0	0	0	n	ok
409	GENE=MLH1|GENE_NO=416|TRANSCRIPT=ENST00000231790.8|STRAND=+|COSMIC=COSG61713|REGION=3UTR(+)	MLH1	416	ENST00000231790.8	+	COSG61713	3UTR(+)	196	0	0	0	n	ok
410	GENE=MLLT1|GENE_NO=417|TRANSCRIPT=ENST00000252674.9|STRAND=-|COSMIC=COSG68573|REGION=3UTR(-)	MLLT1	417	ENST00000252674.9	-	COSG68573	3UTR(-)	2664	14	63	3	y	ok
411	GENE=MLLT10|GENE_NO=418|TRANSCRIPT=ENST00000307729.12|STRAND=+|COSMIC=COSG111142|REGION=3UTR(+)	MLLT10	418	ENST00000307729.12	+	COSG111142	3UTR(+)	1650	4	32	2	y	ok
412	GENE=MLLT11|GENE_NO=419|TRANSCRIPT=ENST00000368921.5|STRAND=+|COSMIC=COSG113048|REGION=3UTR(+)	MLLT11	419	ENST00000368921.5	+	COSG113048	3UTR(+)	2050	8	36	2	y	ok
413	GENE=MLLT3|GENE_NO=420|TRANSCRIPT=ENST00000380338.9|STRAND=-|COSMIC=COSG76560|REGION=3UTR(-)	MLLT3	420	ENST00000380338.9	-	COSG76560	3UTR(-)	4777	10	35	2	y	ok
414	GENE=MLLT6|GENE_NO=421|TRANSCRIPT=ENST00000621332.5|STRAND=+|COSMIC=COSG94026|REGION=3UTR(+)	MLLT6	421	ENST00000621332.5	+	COSG94026	3UTR(+)	4200	24	63	3	y	ok
415	GENE=MN1|GENE_NO=422|TRANSCRIPT=ENST00000302326.5|STRAND=-|COSMIC=COSG93089|REGION=3UTR(-)	MN1	422	ENST00000302326.5	-	COSG93089	3UTR(-)	2641	10	54	3	y	ok
416	GENE=MNX1|GENE_NO=423|TRANSCRIPT=ENST00000252971.11|STRAND=-|COSMIC=COSG97814|REGION=3UTR(-)	MNX1	423	ENST00000252971.11	-	COSG97814	3UTR(-)	669	3	52	3	y	ok
417	GENE=MPL|GENE_NO=424|TRANSCRIPT=ENST00000372470.9|STRAND=+|COSMIC=COSG91606|REGION=3UTR(+)	MPL	424	ENST00000372470.9	+	COSG91606	3UTR(+)	1697	2	32	2	y	ok
418	GENE=MRTFA|GENE_NO=425|TRANSCRIPT=ENST00000355630.10|STRAND=-|COSMIC=COSG105252|REGION=3UTR(-)	MRTFA	425	ENST00000355630.10	-	COSG105252	3UTR(-)	1104	7	63	3	y	ok
419	GENE=MSH2|GENE_NO=426|TRANSCRIPT=ENST00000233146.7|STRAND=+|COSMIC=COSG105361|REGION=3UTR(+)	MSH2	426	ENST00000233146.7	+	COSG105361	3UTR(+)	277	0	0	0	n	ok
420	GENE=MSH6|GENE_NO=427|TRANSCRIPT=ENST00000234420.11|STRAND=+|COSMIC=COSG85949|REGION=3UTR(+)	MSH6	427	ENST00000234420.11	+	COSG85949	3UTR(+)	96	0	0	0	n	ok
421	GENE=MSI2|GENE_NO=428|TRANSCRIPT=ENST00000284073.7|STRAND=+|COSMIC=COSG62555|REGION=3UTR(+)	MSI2	428	ENST00000284073.7	+	COSG62555	3UTR(+)	5175	16	64	3	y	ok
422	GENE=MSN|GENE_NO=429|TRANSCRIPT=ENST00000360270.7|STRAND=+|COSMIC=COSG88623|REGION=3UTR(+)	MSN	429	ENST00000360270.7	+	COSG88623	3UTR(+)	2041	11	35	2	y	ok
423	GENE=MTCP1|GENE_NO=430|TRANSCRIPT=ENST00000369476.8|STRAND=-|COSMIC=COSG88748|REGION=3UTR(-)	MTCP1	430	ENST00000369476.8	-	COSG88748	3UTR(-)	1373	2	63	3	y	ok
424	GENE=MTOR|GENE_NO=431|TRANSCRIPT=ENST00000361445.9|STRAND=-|COSMIC=COSG77957|REGION=3UTR(-)	MTOR	431	ENST00000361445.9	-	COSG77957	3UTR(-)	953	3	34	2	y	ok
425	GENE=MUC1|GENE_NO=432|TRANSCRIPT=ENST00000620103.4|STRAND=-|COSMIC=COSG69593|REGION=3UTR(-)	MUC1	432	ENST00000620103.4	-	COSG69593	3UTR(-)	314	2	60	3	y	ok
426	GENE=MUC16|GENE_NO=433|TRANSCRIPT=ENST00000711672.1|STRAND=-|COSMIC=COSG72822|REGION=3UTR(-)	MUC16	433	ENST00000711672.1	-	COSG72822	3UTR(-)	91	1	30	2	y	ok
427	GENE=MUC4|GENE_NO=434|TRANSCRIPT=ENST00000463781.8|STRAND=-|COSMIC=COSG97438|REGION=3UTR(-)	MUC4	434	ENST00000463781.8	-	COSG97438	3UTR(-)	408	3	34	2	y	ok
428	GENE=MUC6|GENE_NO=435|TRANSCRIPT=ENST00000421673.7|STRAND=-|COSMIC=COSG58094|REGION=3UTR(-)	MUC6	435	ENST00000421673.7	-	COSG58094	3UTR(-)	636	5	59	3	y	ok
429	GENE=MUTYH|GENE_NO=436|TRANSCRIPT=ENST00000456914.7|STRAND=-|COSMIC=COSG107077|REGION=3UTR(-)	MUTYH	436	ENST00000456914.7	-	COSG107077	3UTR(-)	67	0	0	0	n	ok
430	GENE=MYB|GENE_NO=437|TRANSCRIPT=ENST00000341911.10|STRAND=+|COSMIC=COSG76382|REGION=3UTR(+)	MYB	437	ENST00000341911.10	+	COSG76382	3UTR(+)	1195	2	26	2	y	ok
431	GENE=MYC|GENE_NO=438|TRANSCRIPT=ENST00000621592.8|STRAND=+|COSMIC=COSG111896|REGION=3UTR(+)	MYC	438	ENST00000621592.8	+	COSG111896	3UTR(+)	1996	6	36	2	y	ok
432	GENE=MYCL|GENE_NO=439|TRANSCRIPT=ENST00000372816.3|STRAND=-|COSMIC=COSG62582|REGION=3UTR(-)	MYCL	439	ENST00000372816.3	-	COSG62582	3UTR(-)	1947	12	58	3	y	ok
433	GENE=MYCN|GENE_NO=440|TRANSCRIPT=ENST00000281043.4|STRAND=+|COSMIC=COSG83025|REGION=3UTR(+)	MYCN	440	ENST00000281043.4	+	COSG83025	3UTR(+)	910	3	52	3	y	ok
434	GENE=MYD88|GENE_NO=441|TRANSCRIPT=ENST00000650905.2|STRAND=+|COSMIC=COSG74574|REGION=3UTR(+)	MYD88	441	ENST00000650905.2	+	COSG74574	3UTR(+)	1739	8	35	2	y	ok
435	GENE=MYH11|GENE_NO=442|TRANSCRIPT=ENST00000300036.6|STRAND=-|COSMIC=COSG71408|REGION=3UTR(-)	MYH11	442	ENST00000300036.6	-	COSG71408	3UTR(-)	859	3	35	2	y	ok
436	GENE=MYH9|GENE_NO=443|TRANSCRIPT=ENST00000216181.11|STRAND=-|COSMIC=COSG99603|REGION=3UTR(-)	MYH9	443	ENST00000216181.11	-	COSG99603	3UTR(-)	1391	5	56	3	y	ok
437	GENE=MYO5A|GENE_NO=444|TRANSCRIPT=ENST00000399233.7|STRAND=-|COSMIC=COSG82675|REGION=3UTR(-)	MYO5A	444	ENST00000399233.7	-	COSG82675	3UTR(-)	6416	17	60	3	y	ok
438	GENE=MYOD1|GENE_NO=445|TRANSCRIPT=ENST00000250003.4|STRAND=+|COSMIC=COSG76774|REGION=3UTR(+)	MYOD1	445	ENST00000250003.4	+	COSG76774	3UTR(+)	631	4	35	2	y	ok
439	GENE=N4BP2|GENE_NO=446|TRANSCRIPT=ENST00000261435.11|STRAND=+|COSMIC=COSG74686|REGION=3UTR(+)	N4BP2	446	ENST00000261435.11	+	COSG74686	3UTR(+)	4018	7	36	2	y	ok
440	GENE=NAB2|GENE_NO=447|TRANSCRIPT=ENST00000300131.8|STRAND=+|COSMIC=COSG115963|REGION=3UTR(+)	NAB2	447	ENST00000300131.8	+	COSG115963	3UTR(+)	758	4	60	3	y	ok
441	GENE=NACA|GENE_NO=448|TRANSCRIPT=ENST00000454682.6|STRAND=-|COSMIC=COSG63264|REGION=3UTR(-)	NACA	448	ENST00000454682.6	-	COSG63264	3UTR(-)	114	1	32	2	y	ok
442	GENE=NBEA|GENE_NO=449|TRANSCRIPT=ENST00000379939.7|STRAND=+|COSMIC=COSG78133|REGION=3UTR(+)	NBEA	449	ENST00000379939.7	+	COSG78133	3UTR(+)	1748	4	35	2	y	ok
443	GENE=NBN|GENE_NO=450|TRANSCRIPT=ENST00000265433.8|STRAND=-|COSMIC=COSG81202|REGION=3UTR(-)	NBN	450	ENST00000265433.8	-	COSG81202	3UTR(-)	2254	5	31	2	y	ok
444	GENE=NCKIPSD|GENE_NO=451|TRANSCRIPT=ENST00000294129.7|STRAND=-|COSMIC=COSG97371|REGION=3UTR(-)	NCKIPSD	451	ENST00000294129.7	-	COSG97371	3UTR(-)	703	3	60	3	y	ok
445	GENE=NCOA1|GENE_NO=452|TRANSCRIPT=ENST00000348332.8|STRAND=+|COSMIC=COSG74320|REGION=3UTR(+)	NCOA1	452	ENST00000348332.8	+	COSG74320	3UTR(+)	2314	7	34	2	y	ok
446	GENE=NCOA2|GENE_NO=453|TRANSCRIPT=ENST00000452400.7|STRAND=-|COSMIC=COSG79853|REGION=3UTR(-)	NCOA2	453	ENST00000452400.7	-	COSG79853	3UTR(-)	3853	7	35	2	y	ok
447	GENE=NCOA4|GENE_NO=454|TRANSCRIPT=ENST00000581486.6|STRAND=-|COSMIC=COSG112601|REGION=3UTR(-)	NCOA4	454	ENST00000581486.6	-	COSG112601	3UTR(-)	1507	2	30	2	y	ok
448	GENE=NCOR1|GENE_NO=455|TRANSCRIPT=ENST00000268712.8|STRAND=-|COSMIC=COSG82654|REGION=3UTR(-)	NCOR1	455	ENST00000268712.8	-	COSG82654	3UTR(-)	3142	7	35	2	y	ok
449	GENE=NCOR2|GENE_NO=456|TRANSCRIPT=ENST00000405201.6|STRAND=-|COSMIC=COSG59133|REGION=3UTR(-)	NCOR2	456	ENST00000405201.6	-	COSG59133	3UTR(-)	990	5	84	4	y	ok
450	GENE=NDRG1|GENE_NO=457|TRANSCRIPT=ENST00000323851.13|STRAND=-|COSMIC=COSG109165|REGION=3UTR(-)	NDRG1	457	ENST00000323851.13	-	COSG109165	3UTR(-)	1706	10	74	4	y	ok
451	GENE=NF1|GENE_NO=458|TRANSCRIPT=ENST00000358273.9|STRAND=+|COSMIC=COSG113820|REGION=3UTR(+)	NF1	458	ENST00000358273.9	+	COSG113820	3UTR(+)	3523	6	63	3	y	ok
452	GENE=NF2|GENE_NO=459|TRANSCRIPT=ENST00000338641.10|STRAND=+|COSMIC=COSG66613|REGION=3UTR(+)	NF2	459	ENST00000338641.10	+	COSG66613	3UTR(+)	3799	20	57	3	y	ok
453	GENE=NFATC2|GENE_NO=460|TRANSCRIPT=ENST00000371564.8|STRAND=-|COSMIC=COSG102348|REGION=3UTR(-)	NFATC2	460	ENST00000371564.8	-	COSG102348	3UTR(-)	4536	15	56	3	y	ok
454	GENE=NFE2L2|GENE_NO=461|TRANSCRIPT=ENST00000397062.8|STRAND=-|COSMIC=COSG108145|REGION=3UTR(-)	NFE2L2	461	ENST00000397062.8	-	COSG108145	3UTR(-)	480	0	0	0	n	ok
455	GENE=NFIB|GENE_NO=462|TRANSCRIPT=ENST00000380953.6|STRAND=-|COSMIC=COSG89976|REGION=3UTR(-)	NFIB	462	ENST00000380953.6	-	COSG89976	3UTR(-)	6464	16	36	2	y	ok
456	GENE=NFKB2|GENE_NO=463|TRANSCRIPT=ENST00000661543.1|STRAND=+|COSMIC=COSG64880|REGION=3UTR(+)	NFKB2	463	ENST00000661543.1	+	COSG64880	3UTR(+)	151	1	35	2	y	ok
457	GENE=NFKBIE|GENE_NO=464|TRANSCRIPT=ENST00000619360.6|STRAND=-|COSMIC=COSG91546|REGION=3UTR(-)	NFKBIE	464	ENST00000619360.6	-	COSG91546	3UTR(-)	1056	5	62	3	y	ok
458	GENE=NIN|GENE_NO=465|TRANSCRIPT=ENST00000530997.7|STRAND=-|COSMIC=COSG85374|REGION=3UTR(-)	NIN	465	ENST00000530997.7	-	COSG85374	3UTR(-)	3703	9	35	2	y	ok
459	GENE=NKX2-1|GENE_NO=466|TRANSCRIPT=ENST00000354822.7|STRAND=-|COSMIC=COSG92746|REGION=3UTR(-)	NKX2-1	466	ENST00000354822.7	-	COSG92746	3UTR(-)	884	3	56	3	y	ok
460	GENE=NONO|GENE_NO=467|TRANSCRIPT=ENST00000276079.13|STRAND=+|COSMIC=COSG106782|REGION=3UTR(+)	NONO	467	ENST00000276079.13	+	COSG106782	3UTR(+)	1095	6	54	3	y	ok
461	GENE=NOTCH1|GENE_NO=468|TRANSCRIPT=ENST00000651671.1|STRAND=-|COSMIC=COSG79338|REGION=3UTR(-)	NOTCH1	468	ENST00000651671.1	-	COSG79338	3UTR(-)	1641	6	62	3	y	ok
462	GENE=NOTCH2|GENE_NO=469|TRANSCRIPT=ENST00000256646.7|STRAND=-|COSMIC=COSG91716|REGION=3UTR(-)	NOTCH2	469	ENST00000256646.7	-	COSG91716	3UTR(-)	3756	14	36	2	y	ok
463	GENE=NPM1|GENE_NO=470|TRANSCRIPT=ENST00000296930.10|STRAND=+|COSMIC=COSG103724|REGION=3UTR(+)	NPM1	470	ENST00000296930.10	+	COSG103724	3UTR(+)	338	1	34	2	y	ok
464	GENE=NR2F2|GENE_NO=471|TRANSCRIPT=ENST00000394166.8|STRAND=+|COSMIC=COSG60087|REGION=3UTR(+)	NR2F2	471	ENST00000394166.8	+	COSG60087	3UTR(+)	2639	7	63	3	y	ok
465	GENE=NR4A3|GENE_NO=472|TRANSCRIPT=ENST00000395097.7|STRAND=+|COSMIC=COSG89778|REGION=3UTR(+)	NR4A3	472	ENST00000395097.7	+	COSG89778	3UTR(+)	3027	11	64	3	y	ok
466	GENE=NRAS|GENE_NO=473|TRANSCRIPT=ENST00000369535.5|STRAND=-|COSMIC=COSG95814|REGION=3UTR(-)	NRAS	473	ENST00000369535.5	-	COSG95814	3UTR(-)	3628	7	36	2	y	ok
467	GENE=NRG1|GENE_NO=474|TRANSCRIPT=ENST00000405005.8|STRAND=+|COSMIC=COSG74798|REGION=3UTR(+)	NRG1	474	ENST00000405005.8	+	COSG74798	3UTR(+)	9647	27	36	2	y	ok
468	GENE=NSD1|GENE_NO=475|TRANSCRIPT=ENST00000439151.7|STRAND=+|COSMIC=COSG113851|REGION=3UTR(+)	NSD1	475	ENST00000439151.7	+	COSG113851	3UTR(+)	4757	27	63	3	y	ok
469	GENE=NSD2|GENE_NO=476|TRANSCRIPT=ENST00000508803.6|STRAND=+|COSMIC=COSG91695|REGION=3UTR(+)	NSD2	476	ENST00000508803.6	+	COSG91695	3UTR(+)	3286	18	58	3	y	ok
470	GENE=NSD3|GENE_NO=477|TRANSCRIPT=ENST00000317025.13|STRAND=-|COSMIC=COSG105269|REGION=3UTR(-)	NSD3	477	ENST00000317025.13	-	COSG105269	3UTR(-)	5940	17	52	3	y	ok
471	GENE=NT5C2|GENE_NO=478|TRANSCRIPT=ENST00000404739.8|STRAND=-|COSMIC=COSG109595|REGION=3UTR(-)	NT5C2	478	ENST00000404739.8	-	COSG109595	3UTR(-)	1637	6	60	3	y	ok
472	GENE=NTHL1|GENE_NO=479|TRANSCRIPT=ENST00000651570.2|STRAND=-|COSMIC=COSG76849|REGION=3UTR(-)	NTHL1	479	ENST00000651570.2	-	COSG76849	3UTR(-)	107	1	34	2	y	ok
473	GENE=NTRK1|GENE_NO=480|TRANSCRIPT=ENST00000524377.7|STRAND=+|COSMIC=COSG99947|REGION=3UTR(+)	NTRK1	480	ENST00000524377.7	+	COSG99947	3UTR(+)	211	2	61	3	y	ok
474	GENE=NTRK2|GENE_NO=481|TRANSCRIPT=ENST00000277120.8|STRAND=+|COSMIC=COSG88009|REGION=3UTR(+)	NTRK2	481	ENST00000277120.8	+	COSG88009	3UTR(+)	5620	16	45	3	y	ok
475	GENE=NTRK3|GENE_NO=482|TRANSCRIPT=ENST00000629765.3|STRAND=-|COSMIC=COSG72654|REGION=3UTR(-)	NTRK3	482	ENST00000629765.3	-	COSG72654	3UTR(-)	17187	64	64	3	y	ok
476	GENE=NUMA1|GENE_NO=483|TRANSCRIPT=ENST00000393695.8|STRAND=-|COSMIC=COSG96943|REGION=3UTR(-)	NUMA1	483	ENST00000393695.8	-	COSG96943	3UTR(-)	666	3	58	3	y	ok
477	GENE=NUP214|GENE_NO=484|TRANSCRIPT=ENST00000359428.10|STRAND=+|COSMIC=COSG89278|REGION=3UTR(+)	NUP214	484	ENST00000359428.10	+	COSG89278	3UTR(+)	1179	4	35	2	y	ok
478	GENE=NUP98|GENE_NO=485|TRANSCRIPT=ENST00000324932.12|STRAND=-|COSMIC=COSG101334|REGION=3UTR(-)	NUP98	485	ENST00000324932.12	-	COSG101334	3UTR(-)	1143	5	35	2	y	ok
479	GENE=NUTM1|GENE_NO=486|TRANSCRIPT=ENST00000537011.6|STRAND=+|COSMIC=COSG103408|REGION=3UTR(+)	NUTM1	486	ENST00000537011.6	+	COSG103408	3UTR(+)	247	1	36	2	y	ok
480	GENE=NUTM2B|GENE_NO=487|TRANSCRIPT=ENST00000429828.7|STRAND=+|COSMIC=COSG100150|REGION=3UTR(+)	NUTM2B	487	ENST00000429828.7	+	COSG100150	3UTR(+)	276				timeout	timeout
481	GENE=NUTM2D|GENE_NO=488|TRANSCRIPT=ENST00000381697.7|STRAND=+|COSMIC=COSG61484|REGION=3UTR(+)	NUTM2D	488	ENST00000381697.7	+	COSG61484	3UTR(+)	274				timeout	timeout
482	GENE=OLIG2|GENE_NO=489|TRANSCRIPT=ENST00000382357.4|STRAND=+|COSMIC=COSG58216|REGION=3UTR(+)	OLIG2	489	ENST00000382357.4	+	COSG58216	3UTR(+)	1354	5	81	4	y	ok
483	GENE=OMD|GENE_NO=490|TRANSCRIPT=ENST00000375550.5|STRAND=-|COSMIC=COSG113070|REGION=3UTR(-)	OMD	490	ENST00000375550.5	-	COSG113070	3UTR(-)	2775	5	52	3	y	ok
484	GENE=P2RY8|GENE_NO=491|TRANSCRIPT=ENST00000381297.10|STRAND=-|COSMIC=COSG63457|REGION=3UTR(-)	P2RY8	491	ENST00000381297.10	-	COSG63457	3UTR(-)	2901	14	58	3	y	ok
485	GENE=PABPC1|GENE_NO=492|TRANSCRIPT=ENST00000318607.10|STRAND=-|COSMIC=COSG65621|REGION=3UTR(-)	PABPC1	492	ENST00000318607.10	-	COSG65621	3UTR(-)	448	0	0	0	n	ok
486	GENE=PAFAH1B2|GENE_NO=493|TRANSCRIPT=ENST00000527958.6|STRAND=+|COSMIC=COSG80684|REGION=3UTR(+)	PAFAH1B2	493	ENST00000527958.6	+	COSG80684	3UTR(+)	3349	11	36	2	y	ok
487	GENE=PALB2|GENE_NO=494|TRANSCRIPT=ENST00000261584.9|STRAND=-|COSMIC=COSG88841|REGION=3UTR(-)	PALB2	494	ENST00000261584.9	-	COSG88841	3UTR(-)	297	0	0	0	n	ok
488	GENE=PATZ1|GENE_NO=495|TRANSCRIPT=ENST00000266269.10|STRAND=-|COSMIC=COSG93407|REGION=3UTR(-)	PATZ1	495	ENST00000266269.10	-	COSG93407	3UTR(-)	1090	5	60	3	y	ok
489	GENE=PAX3|GENE_NO=496|TRANSCRIPT=ENST00000392070.7|STRAND=-|COSMIC=COSG99941|REGION=3UTR(-)	PAX3	496	ENST00000392070.7	-	COSG99941	3UTR(-)	1524	4	36	2	y	ok
490	GENE=PAX5|GENE_NO=497|TRANSCRIPT=ENST00000358127.9|STRAND=-|COSMIC=COSG90817|REGION=3UTR(-)	PAX5	497	ENST00000358127.9	-	COSG90817	3UTR(-)	7294	35	63	3	y	ok
491	GENE=PAX7|GENE_NO=498|TRANSCRIPT=ENST00000420770.7|STRAND=+|COSMIC=COSG77467|REGION=3UTR(+)	PAX7	498	ENST00000420770.7	+	COSG77467	3UTR(+)	3940	19	82	4	y	ok
492	GENE=PAX8|GENE_NO=499|TRANSCRIPT=ENST00000429538.8|STRAND=-|COSMIC=COSG64987|REGION=3UTR(-)	PAX8	499	ENST00000429538.8	-	COSG64987	3UTR(-)	2539	13	60	3	y	ok
493	GENE=PBRM1|GENE_NO=500|TRANSCRIPT=ENST00000707071.1|STRAND=-|COSMIC=COSG76325|REGION=3UTR(-)	PBRM1	500	ENST00000707071.1	-	COSG76325	3UTR(-)	2699	9	36	2	y	ok
494	GENE=PBX1|GENE_NO=501|TRANSCRIPT=ENST00000420696.7|STRAND=+|COSMIC=COSG64184|REGION=3UTR(+)	PBX1	501	ENST00000420696.7	+	COSG64184	3UTR(+)	5158	13	61	3	y	ok
495	GENE=PCBP1|GENE_NO=502|TRANSCRIPT=ENST00000303577.7|STRAND=+|COSMIC=COSG91935|REGION=3UTR(+)	PCBP1	502	ENST00000303577.7	+	COSG91935	3UTR(+)	392	0	0	0	n	ok
496	GENE=PCM1|GENE_NO=503|TRANSCRIPT=ENST00000325083.13|STRAND=+|COSMIC=COSG110669|REGION=3UTR(+)	PCM1	503	ENST00000325083.13	+	COSG110669	3UTR(+)	2289	4	36	2	y	ok
497	GENE=PDCD1LG2|GENE_NO=504|TRANSCRIPT=ENST00000397747.5|STRAND=+|COSMIC=COSG62946|REGION=3UTR(+)	PDCD1LG2	504	ENST00000397747.5	+	COSG62946	3UTR(+)	1326	0	0	0	n	ok
498	GENE=PDE4DIP|GENE_NO=505|TRANSCRIPT=ENST00000695795.1|STRAND=+|COSMIC=COSG70412|REGION=3UTR(+)	PDE4DIP	505	ENST00000695795.1	+	COSG70412	3UTR(+)	1034	4	51	3	y	ok
499	GENE=PDGFB|GENE_NO=506|TRANSCRIPT=ENST00000331163.11|STRAND=-|COSMIC=COSG86049|REGION=3UTR(-)	PDGFB	506	ENST00000331163.11	-	COSG86049	3UTR(-)	1986	12	61	3	y	ok
500	GENE=PDGFRA|GENE_NO=507|TRANSCRIPT=ENST00000257290.10|STRAND=+|COSMIC=COSG95745|REGION=3UTR(+)	PDGFRA	507	ENST00000257290.10	+	COSG95745	3UTR(+)	2976	6	34	2	y	ok
501	GENE=PDGFRB|GENE_NO=508|TRANSCRIPT=ENST00000261799.9|STRAND=-|COSMIC=COSG64110|REGION=3UTR(-)	PDGFRB	508	ENST00000261799.9	-	COSG64110	3UTR(-)	1927	11	64	3	y	ok
502	GENE=PER1|GENE_NO=509|TRANSCRIPT=ENST00000317276.9|STRAND=-|COSMIC=COSG77832|REGION=3UTR(-)	PER1	509	ENST00000317276.9	-	COSG77832	3UTR(-)	599	3	35	2	y	ok
503	GENE=PHF6|GENE_NO=510|TRANSCRIPT=ENST00000370803.8|STRAND=+|COSMIC=COSG104198|REGION=3UTR(+)	PHF6	510	ENST00000370803.8	+	COSG104198	3UTR(+)	3133	6	62	3	y	ok
504	GENE=PHOX2B|GENE_NO=511|TRANSCRIPT=ENST00000226382.4|STRAND=-|COSMIC=COSG85171|REGION=3UTR(-)	PHOX2B	511	ENST00000226382.4	-	COSG85171	3UTR(-)	1728	9	62	3	y	ok
505	GENE=PICALM|GENE_NO=512|TRANSCRIPT=ENST00000393346.8|STRAND=-|COSMIC=COSG93214|REGION=3UTR(-)	PICALM	512	ENST00000393346.8	-	COSG93214	3UTR(-)	1874	4	62	3	y	ok
506	GENE=PIK3CA|GENE_NO=513|TRANSCRIPT=ENST00000263967.4|STRAND=+|COSMIC=COSG95525|REGION=3UTR(+)	PIK3CA	513	ENST00000263967.4	+	COSG95525	3UTR(+)	5732	10	62	3	y	ok
507	GENE=PIK3CB|GENE_NO=514|TRANSCRIPT=ENST00000674063.1|STRAND=-|COSMIC=COSG82958|REGION=3UTR(-)	PIK3CB	514	ENST00000674063.1	-	COSG82958	3UTR(-)	2694	6	36	2	y	ok
508	GENE=PIK3R1|GENE_NO=515|TRANSCRIPT=ENST00000521381.6|STRAND=+|COSMIC=COSG108408|REGION=3UTR(+)	PIK3R1	515	ENST00000521381.6	+	COSG108408	3UTR(+)	4223	10	64	3	y	ok
509	GENE=PIK3R2|GENE_NO=516|TRANSCRIPT=ENST00000222254.13|STRAND=+|COSMIC=COSG111839|REGION=3UTR(+)	PIK3R2	516	ENST00000222254.13	+	COSG111839	3UTR(+)	1241	5	36	2	y	ok
510	GENE=PIK3R3|GENE_NO=517|TRANSCRIPT=ENST00000262741.10|STRAND=-|COSMIC=COSG112760|REGION=3UTR(-)	PIK3R3	517	ENST00000262741.10	-	COSG112760	3UTR(-)	3536	19	36	2	y	ok
511	GENE=PIM1|GENE_NO=518|TRANSCRIPT=ENST00000373509.6|STRAND=+|COSMIC=COSG108733|REGION=3UTR(+)	PIM1	518	ENST00000373509.6	+	COSG108733	3UTR(+)	1340	8	64	3	y	ok
512	GENE=PLAG1|GENE_NO=519|TRANSCRIPT=ENST00000316981.8|STRAND=-|COSMIC=COSG90949|REGION=3UTR(-)	PLAG1	519	ENST00000316981.8	-	COSG90949	3UTR(-)	5337	8	62	3	y	ok
513	GENE=PLCG1|GENE_NO=520|TRANSCRIPT=ENST00000685551.1|STRAND=+|COSMIC=COSG115578|REGION=3UTR(+)	PLCG1	520	ENST00000685551.1	+	COSG115578	3UTR(+)	3120	16	62	3	y	ok
514	GENE=PLEC|GENE_NO=521|TRANSCRIPT=ENST00000345136.8|STRAND=-|COSMIC=COSG69599|REGION=3UTR(-)	PLEC	521	ENST00000345136.8	-	COSG69599	3UTR(-)	1027	6	59	3	y	ok
515	GENE=PML|GENE_NO=522|TRANSCRIPT=ENST00000268058.8|STRAND=+|COSMIC=COSG62005|REGION=3UTR(+)	PML	522	ENST00000268058.8	+	COSG62005	3UTR(+)	2822	13	51	3	y	ok
516	GENE=PMS1|GENE_NO=523|TRANSCRIPT=ENST00000441310.7|STRAND=+|COSMIC=COSG101002|REGION=3UTR(+)	PMS1	523	ENST00000441310.7	+	COSG101002	3UTR(+)	196	0	0	0	n	ok
517	GENE=PMS2|GENE_NO=524|TRANSCRIPT=ENST00000265849.12|STRAND=-|COSMIC=COSG60293|REGION=3UTR(-)	PMS2	524	ENST00000265849.12	-	COSG60293	3UTR(-)	2477	11	35	2	y	ok
518	GENE=POLD1|GENE_NO=525|TRANSCRIPT=ENST00000440232.7|STRAND=+|COSMIC=COSG73728|REGION=3UTR(+)	POLD1	525	ENST00000440232.7	+	COSG73728	3UTR(+)	70	1	62	3	y	ok
519	GENE=POLE|GENE_NO=526|TRANSCRIPT=ENST00000320574.10|STRAND=-|COSMIC=COSG102542|REGION=3UTR(-)	POLE	526	ENST00000320574.10	-	COSG102542	3UTR(-)	938	5	36	2	y	ok
520	GENE=POLG|GENE_NO=527|TRANSCRIPT=ENST00000268124.11|STRAND=-|COSMIC=COSG75256|REGION=3UTR(-)	POLG	527	ENST00000268124.11	-	COSG75256	3UTR(-)	434	2	34	2	y	ok
521	GENE=POLQ|GENE_NO=528|TRANSCRIPT=ENST00000264233.6|STRAND=-|COSMIC=COSG60282|REGION=3UTR(-)	POLQ	528	ENST00000264233.6	-	COSG60282	3UTR(-)	876	3	35	2	y	ok
522	GENE=POLR2A|GENE_NO=529|TRANSCRIPT=ENST00000674977.2|STRAND=+|COSMIC=COSG86798|REGION=3UTR(+)	POLR2A	529	ENST00000674977.2	+	COSG86798	3UTR(+)	3	0	0	0	n	ok
523	GENE=POT1|GENE_NO=530|TRANSCRIPT=ENST00000357628.8|STRAND=-|COSMIC=COSG80008|REGION=3UTR(-)	POT1	530	ENST00000357628.8	-	COSG80008	3UTR(-)	1579	3	34	2	y	ok
524	GENE=POU2AF1|GENE_NO=531|TRANSCRIPT=ENST00000393067.8|STRAND=-|COSMIC=COSG103372|REGION=3UTR(-)	POU2AF1	531	ENST00000393067.8	-	COSG103372	3UTR(-)	2009	7	62	3	y	ok
525	GENE=POU5F1|GENE_NO=532|TRANSCRIPT=ENST00000259915.13|STRAND=-|COSMIC=COSG82677|REGION=3UTR(-)	POU5F1	532	ENST00000259915.13	-	COSG82677	3UTR(-)	267	1	63	3	y	ok
526	GENE=PPARG|GENE_NO=533|TRANSCRIPT=ENST00000651735.1|STRAND=+|COSMIC=COSG111010|REGION=3UTR(+)	PPARG	533	ENST00000651735.1	+	COSG111010	3UTR(+)	202	0	0	0	n	ok
527	GENE=PPFIBP1|GENE_NO=534|TRANSCRIPT=ENST00000228425.11|STRAND=+|COSMIC=COSG71462|REGION=3UTR(+)	PPFIBP1	534	ENST00000228425.11	+	COSG71462	3UTR(+)	2685	8	36	2	y	ok
528	GENE=PPM1D|GENE_NO=535|TRANSCRIPT=ENST00000305921.8|STRAND=+|COSMIC=COSG59012|REGION=3UTR(+)	PPM1D	535	ENST00000305921.8	+	COSG59012	3UTR(+)	2731	6	32	2	y	ok
529	GENE=PPP2R1A|GENE_NO=536|TRANSCRIPT=ENST00000322088.11|STRAND=+|COSMIC=COSG92966|REGION=3UTR(+)	PPP2R1A	536	ENST00000322088.11	+	COSG92966	3UTR(+)	3540	21	54	3	y	ok
530	GENE=PPP6C|GENE_NO=537|TRANSCRIPT=ENST00000373547.9|STRAND=-|COSMIC=COSG91311|REGION=3UTR(-)	PPP6C	537	ENST00000373547.9	-	COSG91311	3UTR(-)	3103	3	31	2	y	ok
531	GENE=PRCC|GENE_NO=538|TRANSCRIPT=ENST00000271526.9|STRAND=+|COSMIC=COSG63162|REGION=3UTR(+)	PRCC	538	ENST00000271526.9	+	COSG63162	3UTR(+)	358	2	28	2	y	ok
532	GENE=PRDM1|GENE_NO=539|TRANSCRIPT=ENST00000369096.9|STRAND=+|COSMIC=COSG106092|REGION=3UTR(+)	PRDM1	539	ENST00000369096.9	+	COSG106092	3UTR(+)	2455	7	34	2	y	ok
533	GENE=PRDM16|GENE_NO=540|TRANSCRIPT=ENST00000270722.10|STRAND=+|COSMIC=COSG80881|REGION=3UTR(+)	PRDM16	540	ENST00000270722.10	+	COSG80881	3UTR(+)	4813	19	80	4	y	ok
534	GENE=PRDM2|GENE_NO=541|TRANSCRIPT=ENST00000311066.10|STRAND=+|COSMIC=COSG82063|REGION=3UTR(+)	PRDM2	541	ENST00000311066.10	+	COSG82063	3UTR(+)	1947	9	63	3	y	ok
535	GENE=PREX2|GENE_NO=542|TRANSCRIPT=ENST00000288368.5|STRAND=+|COSMIC=COSG89056|REGION=3UTR(+)	PREX2	542	ENST00000288368.5	+	COSG89056	3UTR(+)	5657	7	61	3	y	ok
536	GENE=PRF1|GENE_NO=543|TRANSCRIPT=ENST00000441259.2|STRAND=-|COSMIC=COSG63548|REGION=3UTR(-)	PRF1	543	ENST00000441259.2	-	COSG63548	3UTR(-)	708	4	35	2	y	ok
537	GENE=PRKACA|GENE_NO=544|TRANSCRIPT=ENST00000308677.9|STRAND=-|COSMIC=COSG77801|REGION=3UTR(-)	PRKACA	544	ENST00000308677.9	-	COSG77801	3UTR(-)	1427	6	64	3	y	ok
538	GENE=PRKAR1A|GENE_NO=545|TRANSCRIPT=ENST00000589228.6|STRAND=+|COSMIC=COSG89125|REGION=3UTR(+)	PRKAR1A	545	ENST00000589228.6	+	COSG89125	3UTR(+)	2985	5	56	3	y	ok
539	GENE=PRKCB|GENE_NO=546|TRANSCRIPT=ENST00000643927.1|STRAND=+|COSMIC=COSG108035|REGION=3UTR(+)	PRKCB	546	ENST00000643927.1	+	COSG108035	3UTR(+)	5798	26	60	3	y	ok
540	GENE=PRKD1|GENE_NO=547|TRANSCRIPT=ENST00000331968.11|STRAND=-|COSMIC=COSG100846|REGION=3UTR(-)	PRKD1	547	ENST00000331968.11	-	COSG100846	3UTR(-)	762	1	28	2	y	ok
541	GENE=PRPF40B|GENE_NO=548|TRANSCRIPT=ENST00000548825.7|STRAND=+|COSMIC=COSG58505|REGION=3UTR(+)	PRPF40B	548	ENST00000548825.7	+	COSG58505	3UTR(+)	476	4	34	2	y	ok
542	GENE=PRRX1|GENE_NO=549|TRANSCRIPT=ENST00000239461.11|STRAND=+|COSMIC=COSG107040|REGION=3UTR(+)	PRRX1	549	ENST00000239461.11	+	COSG107040	3UTR(+)	3238	7	34	2	y	ok
543	GENE=PSIP1|GENE_NO=550|TRANSCRIPT=ENST00000380733.9|STRAND=-|COSMIC=COSG99785|REGION=3UTR(-)	PSIP1	550	ENST00000380733.9	-	COSG99785	3UTR(-)	1457	2	34	2	y	ok
544	GENE=PTCH1|GENE_NO=551|TRANSCRIPT=ENST00000331920.11|STRAND=-|COSMIC=COSG110583|REGION=3UTR(-)	PTCH1	551	ENST00000331920.11	-	COSG110583	3UTR(-)	3416	13	63	3	y	ok
545	GENE=PTEN|GENE_NO=552|TRANSCRIPT=ENST00000371953.8|STRAND=+|COSMIC=COSG93969|REGION=3UTR(+)	PTEN	552	ENST00000371953.8	+	COSG93969	3UTR(+)	6461	9	34	2	y	ok
546	GENE=PTK6|GENE_NO=553|TRANSCRIPT=ENST00000542869.3|STRAND=-|COSMIC=COSG110739|REGION=3UTR(-)	PTK6	553	ENST00000542869.3	-	COSG110739	3UTR(-)	1538	9	62	3	y	ok
547	GENE=PTPN11|GENE_NO=554|TRANSCRIPT=ENST00000351677.7|STRAND=+|COSMIC=COSG69144|REGION=3UTR(+)	PTPN11	554	ENST00000351677.7	+	COSG69144	3UTR(+)	4129	15	36	2	y	ok
548	GENE=PTPN13|GENE_NO=555|TRANSCRIPT=ENST00000411767.7|STRAND=+|COSMIC=COSG99040|REGION=3UTR(+)	PTPN13	555	ENST00000411767.7	+	COSG99040	3UTR(+)	613	0	0	0	n	ok
549	GENE=PTPN6|GENE_NO=556|TRANSCRIPT=ENST00000318974.14|STRAND=+|COSMIC=COSG79566|REGION=3UTR(+)	PTPN6	556	ENST00000318974.14	+	COSG79566	3UTR(+)	219	1	21	2	y	ok
550	GENE=PTPRB|GENE_NO=557|TRANSCRIPT=ENST00000334414.11|STRAND=-|COSMIC=COSG95132|REGION=3UTR(-)	PTPRB	557	ENST00000334414.11	-	COSG95132	3UTR(-)	5622	11	36	2	y	ok
551	GENE=PTPRC|GENE_NO=558|TRANSCRIPT=ENST00000442510.8|STRAND=+|COSMIC=COSG68417|REGION=3UTR(+)	PTPRC	558	ENST00000442510.8	+	COSG68417	3UTR(+)	1298	0	0	0	n	ok
552	GENE=PTPRD|GENE_NO=559|TRANSCRIPT=ENST00000381196.9|STRAND=-|COSMIC=COSG115052|REGION=3UTR(-)	PTPRD	559	ENST00000381196.9	-	COSG115052	3UTR(-)	3631	7	61	3	y	ok
553	GENE=PTPRK|GENE_NO=560|TRANSCRIPT=ENST00000368226.9|STRAND=-|COSMIC=COSG115981|REGION=3UTR(-)	PTPRK	560	ENST00000368226.9	-	COSG115981	3UTR(-)	1445	2	28	2	y	ok
554	GENE=PTPRT|GENE_NO=561|TRANSCRIPT=ENST00000373187.6|STRAND=-|COSMIC=COSG59352|REGION=3UTR(-)	PTPRT	561	ENST00000373187.6	-	COSG59352	3UTR(-)	8126	36	62	3	y	ok
555	GENE=PWWP2A|GENE_NO=562|TRANSCRIPT=ENST00000307063.9|STRAND=-|COSMIC=COSG109642|REGION=3UTR(-)	PWWP2A	562	ENST00000307063.9	-	COSG109642	3UTR(-)	1046	4	34	2	y	ok
556	GENE=QKI|GENE_NO=563|TRANSCRIPT=ENST00000361752.8|STRAND=+|COSMIC=COSG84239|REGION=3UTR(+)	QKI	563	ENST00000361752.8	+	COSG84239	3UTR(+)	7885	10	63	3	y	ok
557	GENE=RABEP1|GENE_NO=564|TRANSCRIPT=ENST00000537505.6|STRAND=+|COSMIC=COSG92649|REGION=3UTR(+)	RABEP1	564	ENST00000537505.6	+	COSG92649	3UTR(+)	3120	10	34	2	y	ok
558	GENE=RAC1|GENE_NO=565|TRANSCRIPT=ENST00000348035.9|STRAND=+|COSMIC=COSG96249|REGION=3UTR(+)	RAC1	565	ENST00000348035.9	+	COSG96249	3UTR(+)	1524	1	32	2	y	ok
559	GENE=RAD17|GENE_NO=566|TRANSCRIPT=ENST00000354868.10|STRAND=+|COSMIC=COSG91280|REGION=3UTR(+)	RAD17	566	ENST00000354868.10	+	COSG91280	3UTR(+)	512	2	26	2	y	ok
560	GENE=RAD21|GENE_NO=567|TRANSCRIPT=ENST00000297338.7|STRAND=-|COSMIC=COSG63146|REGION=3UTR(-)	RAD21	567	ENST00000297338.7	-	COSG63146	3UTR(-)	1569	0	0	0	n	ok
561	GENE=RAD50|GENE_NO=568|TRANSCRIPT=ENST00000378823.8|STRAND=+|COSMIC=COSG82484|REGION=3UTR(+)	RAD50	568	ENST00000378823.8	+	COSG82484	3UTR(+)	3988	13	80	4	y	ok
562	GENE=RAD51|GENE_NO=569|TRANSCRIPT=ENST00000267868.8|STRAND=+|COSMIC=COSG99649|REGION=3UTR(+)	RAD51	569	ENST00000267868.8	+	COSG99649	3UTR(+)	1165	6	35	2	y	ok
563	GENE=RAD51B|GENE_NO=570|TRANSCRIPT=ENST00000471583.6|STRAND=+|COSMIC=COSG94271|REGION=3UTR(+)	RAD51B	570	ENST00000471583.6	+	COSG94271	3UTR(+)	432	3	34	2	y	ok
564	GENE=RAD51C|GENE_NO=571|TRANSCRIPT=ENST00000337432.9|STRAND=+|COSMIC=COSG61292|REGION=3UTR(+)	RAD51C	571	ENST00000337432.9	+	COSG61292	3UTR(+)	1392	5	26	2	y	ok
565	GENE=RAD51D|GENE_NO=572|TRANSCRIPT=ENST00000345365.11|STRAND=-|COSMIC=COSG100674|REGION=3UTR(-)	RAD51D	572	ENST00000345365.11	-	COSG100674	3UTR(-)	8735	43	53	3	y	ok
566	GENE=RAF1|GENE_NO=573|TRANSCRIPT=ENST00000251849.9|STRAND=-|COSMIC=COSG112523|REGION=3UTR(-)	RAF1	573	ENST00000251849.9	-	COSG112523	3UTR(-)	916	6	35	2	y	ok
567	GENE=RALGDS|GENE_NO=574|TRANSCRIPT=ENST00000372050.8|STRAND=-|COSMIC=COSG102669|REGION=3UTR(-)	RALGDS	574	ENST00000372050.8	-	COSG102669	3UTR(-)	868	5	71	4	y	ok
568	GENE=RANBP2|GENE_NO=575|TRANSCRIPT=ENST00000283195.11|STRAND=+|COSMIC=COSG59445|REGION=3UTR(+)	RANBP2	575	ENST00000283195.11	+	COSG59445	3UTR(+)	1911	2	32	2	y	ok
569	GENE=RAP1B|GENE_NO=576|TRANSCRIPT=ENST00000250559.14|STRAND=+|COSMIC=COSG66550|REGION=3UTR(+)	RAP1B	576	ENST00000250559.14	+	COSG66550	3UTR(+)	12655	35	36	2	y	ok
570	GENE=RAP1GDS1|GENE_NO=577|TRANSCRIPT=ENST00000408927.8|STRAND=+|COSMIC=COSG102103|REGION=3UTR(+)	RAP1GDS1	577	ENST00000408927.8	+	COSG102103	3UTR(+)	1744	2	32	2	y	ok
571	GENE=RARA|GENE_NO=578|TRANSCRIPT=ENST00000254066.10|STRAND=+|COSMIC=COSG68638|REGION=3UTR(+)	RARA	578	ENST00000254066.10	+	COSG68638	3UTR(+)	1420	6	64	3	y	ok
572	GENE=RASA1|GENE_NO=579|TRANSCRIPT=ENST00000274376.11|STRAND=+|COSMIC=COSG93250|REGION=3UTR(+)	RASA1	579	ENST00000274376.11	+	COSG93250	3UTR(+)	1036	0	0	0	n	ok
573	GENE=RB1|GENE_NO=580|TRANSCRIPT=ENST00000267163.6|STRAND=+|COSMIC=COSG77480|REGION=3UTR(+)	RB1	580	ENST00000267163.6	+	COSG77480	3UTR(+)	1822	4	32	2	y	ok
574	GENE=RBM10|GENE_NO=581|TRANSCRIPT=ENST00000377604.8|STRAND=+|COSMIC=COSG114440|REGION=3UTR(+)	RBM10	581	ENST00000377604.8	+	COSG114440	3UTR(+)	217	1	51	3	y	ok
575	GENE=RBM15|GENE_NO=582|TRANSCRIPT=ENST00000369784.9|STRAND=+|COSMIC=COSG93845|REGION=3UTR(+)	RBM15	582	ENST00000369784.9	+	COSG93845	3UTR(+)	413	1	34	2	y	ok
576	GENE=RECQL4|GENE_NO=583|TRANSCRIPT=ENST00000617875.6|STRAND=-|COSMIC=COSG81638|REGION=3UTR(-)	RECQL4	583	ENST00000617875.6	-	COSG81638	3UTR(-)	146	1	60	3	y	ok
577	GENE=REL|GENE_NO=584|TRANSCRIPT=ENST00000394479.4|STRAND=+|COSMIC=COSG73340|REGION=3UTR(+)	REL	584	ENST00000394479.4	+	COSG73340	3UTR(+)	9080	19	82	4	y	ok
578	GENE=RELA|GENE_NO=585|TRANSCRIPT=ENST00000406246.8|STRAND=-|COSMIC=COSG110394|REGION=3UTR(-)	RELA	585	ENST00000406246.8	-	COSG110394	3UTR(-)	780	4	36	2	y	ok
579	GENE=RET|GENE_NO=586|TRANSCRIPT=ENST00000355710.8|STRAND=+|COSMIC=COSG68325|REGION=3UTR(+)	RET	586	ENST00000355710.8	+	COSG68325	3UTR(+)	2085	10	60	3	y	ok
580	GENE=RFWD3|GENE_NO=587|TRANSCRIPT=ENST00000361070.9|STRAND=-|COSMIC=COSG70379|REGION=3UTR(-)	RFWD3	587	ENST00000361070.9	-	COSG70379	3UTR(-)	2532	9	35	2	y	ok
581	GENE=RGPD3|GENE_NO=588|TRANSCRIPT=ENST00000409886.4|STRAND=-|COSMIC=COSG61420|REGION=3UTR(-)	RGPD3	588	ENST00000409886.4	-	COSG61420	3UTR(-)	1816	5	35	2	y	ok
582	GENE=RGS7|GENE_NO=589|TRANSCRIPT=ENST00000440928.6|STRAND=-|COSMIC=COSG77034|REGION=3UTR(-)	RGS7	589	ENST00000440928.6	-	COSG77034	3UTR(-)	709	0	0	0	n	ok
583	GENE=RHOA|GENE_NO=590|TRANSCRIPT=ENST00000418115.6|STRAND=-|COSMIC=COSG65553|REGION=3UTR(-)	RHOA	590	ENST00000418115.6	-	COSG65553	3UTR(-)	1067	3	31	2	y	ok
584	GENE=RHOH|GENE_NO=591|TRANSCRIPT=ENST00000381799.10|STRAND=+|COSMIC=COSG100969|REGION=3UTR(+)	RHOH	591	ENST00000381799.10	+	COSG100969	3UTR(+)	3008	12	63	3	y	ok
585	GENE=RICTOR|GENE_NO=592|TRANSCRIPT=ENST00000357387.8|STRAND=-|COSMIC=COSG71764|REGION=3UTR(-)	RICTOR	592	ENST00000357387.8	-	COSG71764	3UTR(-)	4387	7	32	2	y	ok
586	GENE=RMI2|GENE_NO=593|TRANSCRIPT=ENST00000312499.6|STRAND=+|COSMIC=COSG114685|REGION=3UTR(+)	RMI2	593	ENST00000312499.6	+	COSG114685	3UTR(+)	973	3	34	2	y	ok
587	GENE=RNF213|GENE_NO=594|TRANSCRIPT=ENST00000582970.6|STRAND=+|COSMIC=COSG79337|REGION=3UTR(+)	RNF213	594	ENST00000582970.6	+	COSG79337	3UTR(+)	5299	19	56	3	y	ok
588	GENE=RNF43|GENE_NO=595|TRANSCRIPT=ENST00000407977.7|STRAND=-|COSMIC=COSG77343|REGION=3UTR(-)	RNF43	595	ENST00000407977.7	-	COSG77343	3UTR(-)	1270	5	35	2	y	ok
589	GENE=ROBO2|GENE_NO=596|TRANSCRIPT=ENST00000696593.1|STRAND=+|COSMIC=COSG87597|REGION=3UTR(+)	ROBO2	596	ENST00000696593.1	+	COSG87597	3UTR(+)	3912	7	35	2	y	ok
590	GENE=ROCK1|GENE_NO=597|TRANSCRIPT=ENST00000399799.3|STRAND=-|COSMIC=COSG89530|REGION=3UTR(-)	ROCK1	597	ENST00000399799.3	-	COSG89530	3UTR(-)	4481	8	53	3	y	ok
591	GENE=ROS1|GENE_NO=598|TRANSCRIPT=ENST00000368507.8|STRAND=-|COSMIC=COSG103633|REGION=3UTR(-)	ROS1	598	ENST00000368507.8	-	COSG103633	3UTR(-)	1142	4	36	2	y	ok
592	GENE=RPL10|GENE_NO=599|TRANSCRIPT=ENST00000369817.7|STRAND=+|COSMIC=COSG112537|REGION=3UTR(+)	RPL10	599	ENST00000369817.7	+	COSG112537	3UTR(+)	1481	11	36	2	y	ok
593	GENE=RPL22|GENE_NO=600|TRANSCRIPT=ENST00000234875.9|STRAND=-|COSMIC=COSG73509|REGION=3UTR(-)	RPL22	600	ENST00000234875.9	-	COSG73509	3UTR(-)	1655	4	35	2	y	ok
594	GENE=RPL5|GENE_NO=601|TRANSCRIPT=ENST00000370321.8|STRAND=+|COSMIC=COSG101735|REGION=3UTR(+)	RPL5	601	ENST00000370321.8	+	COSG101735	3UTR(+)	62	0	0	0	n	ok
595	GENE=RPN1|GENE_NO=602|TRANSCRIPT=ENST00000296255.8|STRAND=-|COSMIC=COSG77777|REGION=3UTR(-)	RPN1	602	ENST00000296255.8	-	COSG77777	3UTR(-)	445	1	36	2	y	ok
596	GENE=RRAS2|GENE_NO=603|TRANSCRIPT=ENST00000256196.9|STRAND=-|COSMIC=COSG70136|REGION=3UTR(-)	RRAS2	603	ENST00000256196.9	-	COSG70136	3UTR(-)	1418	1	28	2	y	ok
597	GENE=RSPO2|GENE_NO=604|TRANSCRIPT=ENST00000276659.10|STRAND=-|COSMIC=COSG86313|REGION=3UTR(-)	RSPO2	604	ENST00000276659.10	-	COSG86313	3UTR(-)	1762	5	32	2	y	ok
598	GENE=RSPO3|GENE_NO=605|TRANSCRIPT=ENST00000356698.9|STRAND=+|COSMIC=COSG61346|REGION=3UTR(+)	RSPO3	605	ENST00000356698.9	+	COSG61346	3UTR(+)	3477	9	34	2	y	ok
599	GENE=RUNX1|GENE_NO=606|TRANSCRIPT=ENST00000675419.1|STRAND=-|COSMIC=COSG64498|REGION=3UTR(-)	RUNX1	606	ENST00000675419.1	-	COSG64498	3UTR(-)	4337	14	60	3	y	ok
600	GENE=RUNX1T1|GENE_NO=607|TRANSCRIPT=ENST00000523629.7|STRAND=-|COSMIC=COSG111690|REGION=3UTR(-)	RUNX1T1	607	ENST00000523629.7	-	COSG111690	3UTR(-)	5273	12	64	3	y	ok
601	GENE=RXRA|GENE_NO=608|TRANSCRIPT=ENST00000481739.2|STRAND=+|COSMIC=COSG75470|REGION=3UTR(+)	RXRA	608	ENST00000481739.2	+	COSG75470	3UTR(+)	3974	20	82	4	y	ok
602	GENE=S100A7|GENE_NO=609|TRANSCRIPT=ENST00000368723.4|STRAND=-|COSMIC=COSG80247|REGION=3UTR(-)	S100A7	609	ENST00000368723.4	-	COSG80247	3UTR(-)	65	0	0	0	n	ok
603	GENE=SALL4|GENE_NO=610|TRANSCRIPT=ENST00000217086.9|STRAND=-|COSMIC=COSG110233|REGION=3UTR(-)	SALL4	610	ENST00000217086.9	-	COSG110233	3UTR(-)	1937	8	36	2	y	ok
604	GENE=SBDS|GENE_NO=611|TRANSCRIPT=ENST00000246868.7|STRAND=-|COSMIC=COSG90100|REGION=3UTR(-)	SBDS	611	ENST00000246868.7	-	COSG90100	3UTR(-)	694	2	26	2	y	ok
605	GENE=SDC4|GENE_NO=612|TRANSCRIPT=ENST00000372733.3|STRAND=-|COSMIC=COSG77983|REGION=3UTR(-)	SDC4	612	ENST00000372733.3	-	COSG77983	3UTR(-)	1979	8	71	4	y	ok
606	GENE=SDHA|GENE_NO=613|TRANSCRIPT=ENST00000264932.11|STRAND=+|COSMIC=COSG76340|REGION=3UTR(+)	SDHA	613	ENST00000264932.11	+	COSG76340	3UTR(+)	665	2	34	2	y	ok
607	GENE=SDHAF2|GENE_NO=614|TRANSCRIPT=ENST00000301761.7|STRAND=+|COSMIC=COSG70475|REGION=3UTR(+)	SDHAF2	614	ENST00000301761.7	+	COSG70475	3UTR(+)	665	4	36	2	y	ok
608	GENE=SDHB|GENE_NO=615|TRANSCRIPT=ENST00000375499.8|STRAND=-|COSMIC=COSG111326|REGION=3UTR(-)	SDHB	615	ENST00000375499.8	-	COSG111326	3UTR(-)	162	0	0	0	n	ok
609	GENE=SDHC|GENE_NO=616|TRANSCRIPT=ENST00000367975.7|STRAND=+|COSMIC=COSG99638|REGION=3UTR(+)	SDHC	616	ENST00000367975.7	+	COSG99638	3UTR(+)	776	3	64	3	y	ok
610	GENE=SDHD|GENE_NO=617|TRANSCRIPT=ENST00000375549.8|STRAND=+|COSMIC=COSG95892|REGION=3UTR(+)	SDHD	617	ENST00000375549.8	+	COSG95892	3UTR(+)	827	0	0	0	n	ok
611	GENE=SEPT5|GENE_NO=618|TRANSCRIPT=ENST00000455784.7|STRAND=+|COSMIC=COSG61422|REGION=3UTR(+)	SEPT5	618	ENST00000455784.7	+	COSG61422	3UTR(+)	838	5	58	3	y	ok
612	GENE=SEPT6|GENE_NO=619|TRANSCRIPT=ENST00000394610.7|STRAND=-|COSMIC=COSG70569|REGION=3UTR(-)	SEPT6	619	ENST00000394610.7	-	COSG70569	3UTR(-)	3151	14	35	2	y	ok
613	GENE=SEPT9|GENE_NO=620|TRANSCRIPT=ENST00000427177.6|STRAND=+|COSMIC=COSG86979|REGION=3UTR(+)	SEPT9	620	ENST00000427177.6	+	COSG86979	3UTR(+)	1938	10	64	3	y	ok
614	GENE=SET|GENE_NO=621|TRANSCRIPT=ENST00000322030.13|STRAND=+|COSMIC=COSG104989|REGION=3UTR(+)	SET	621	ENST00000322030.13	+	COSG104989	3UTR(+)	1735	5	56	3	y	ok
615	GENE=SETBP1|GENE_NO=622|TRANSCRIPT=ENST00000649279.2|STRAND=+|COSMIC=COSG82137|REGION=3UTR(+)	SETBP1	622	ENST00000649279.2	+	COSG82137	3UTR(+)	4815	12	60	3	y	ok
616	GENE=SETD1B|GENE_NO=623|TRANSCRIPT=ENST00000604567.6|STRAND=+|COSMIC=COSG113695|REGION=3UTR(+)	SETD1B	623	ENST00000604567.6	+	COSG113695	3UTR(+)	2420	12	62	3	y	ok
617	GENE=SETD2|GENE_NO=624|TRANSCRIPT=ENST00000409792.4|STRAND=-|COSMIC=COSG98373|REGION=3UTR(-)	SETD2	624	ENST00000409792.4	-	COSG98373	3UTR(-)	660	2	61	3	y	ok
618	GENE=SETDB1|GENE_NO=625|TRANSCRIPT=ENST00000692827.1|STRAND=+|COSMIC=COSG106164|REGION=3UTR(+)	SETDB1	625	ENST00000692827.1	+	COSG106164	3UTR(+)	376	1	31	2	y	ok
619	GENE=SF3B1|GENE_NO=626|TRANSCRIPT=ENST00000335508.11|STRAND=-|COSMIC=COSG68035|REGION=3UTR(-)	SF3B1	626	ENST00000335508.11	-	COSG68035	3UTR(-)	2522	5	52	3	y	ok
620	GENE=SFPQ|GENE_NO=627|TRANSCRIPT=ENST00000357214.6|STRAND=-|COSMIC=COSG102257|REGION=3UTR(-)	SFPQ	627	ENST00000357214.6	-	COSG102257	3UTR(-)	1523	6	34	2	y	ok
621	GENE=SFRP4|GENE_NO=628|TRANSCRIPT=ENST00000436072.7|STRAND=-|COSMIC=COSG92761|REGION=3UTR(-)	SFRP4	628	ENST00000436072.7	-	COSG92761	3UTR(-)	1550	5	33	2	y	ok
622	GENE=SGK1|GENE_NO=629|TRANSCRIPT=ENST00000367858.10|STRAND=-|COSMIC=COSG63500|REGION=3UTR(-)	SGK1	629	ENST00000367858.10	-	COSG63500	3UTR(-)	1015	1	28	2	y	ok
623	GENE=SH2B3|GENE_NO=630|TRANSCRIPT=ENST00000341259.7|STRAND=+|COSMIC=COSG79851|REGION=3UTR(+)	SH2B3	630	ENST00000341259.7	+	COSG79851	3UTR(+)	3324	19	52	3	y	ok
624	GENE=SH3GL1|GENE_NO=631|TRANSCRIPT=ENST00000269886.7|STRAND=-|COSMIC=COSG66356|REGION=3UTR(-)	SH3GL1	631	ENST00000269886.7	-	COSG66356	3UTR(-)	1233	8	62	3	y	ok
625	GENE=SHTN1|GENE_NO=632|TRANSCRIPT=ENST00000355371.9|STRAND=-|COSMIC=COSG92016|REGION=3UTR(-)	SHTN1	632	ENST00000355371.9	-	COSG92016	3UTR(-)	4870	12	36	2	y	ok
626	GENE=SIRPA|GENE_NO=633|TRANSCRIPT=ENST00000358771.5|STRAND=+|COSMIC=COSG81390|REGION=3UTR(+)	SIRPA	633	ENST00000358771.5	+	COSG81390	3UTR(+)	3027	18	62	3	y	ok
627	GENE=SIX1|GENE_NO=634|TRANSCRIPT=ENST00000645694.3|STRAND=-|COSMIC=COSG59671|REGION=3UTR(-)	SIX1	634	ENST00000645694.3	-	COSG59671	3UTR(-)	2865	12	60	3	y	ok
628	GENE=SIX2|GENE_NO=635|TRANSCRIPT=ENST00000303077.7|STRAND=-|COSMIC=COSG60891|REGION=3UTR(-)	SIX2	635	ENST00000303077.7	-	COSG60891	3UTR(-)	991	2	54	3	y	ok
629	GENE=SKI|GENE_NO=636|TRANSCRIPT=ENST00000378536.5|STRAND=+|COSMIC=COSG101216|REGION=3UTR(+)	SKI	636	ENST00000378536.5	+	COSG101216	3UTR(+)	3451	12	59	3	y	ok
630	GENE=SLC34A2|GENE_NO=637|TRANSCRIPT=ENST00000382051.8|STRAND=+|COSMIC=COSG66821|REGION=3UTR(+)	SLC34A2	637	ENST00000382051.8	+	COSG66821	3UTR(+)	2002	10	53	3	y	ok
631	GENE=SLC45A3|GENE_NO=638|TRANSCRIPT=ENST00000367145.4|STRAND=-|COSMIC=COSG90757|REGION=3UTR(-)	SLC45A3	638	ENST00000367145.4	-	COSG90757	3UTR(-)	1386	8	36	2	y	ok
632	GENE=SMAD2|GENE_NO=639|TRANSCRIPT=ENST00000262160.11|STRAND=-|COSMIC=COSG72498|REGION=3UTR(-)	SMAD2	639	ENST00000262160.11	-	COSG72498	3UTR(-)	32873	98	63	3	y	ok
633	GENE=SMAD3|GENE_NO=640|TRANSCRIPT=ENST00000327367.9|STRAND=+|COSMIC=COSG112721|REGION=3UTR(+)	SMAD3	640	ENST00000327367.9	+	COSG112721	3UTR(+)	4636	21	63	3	y	ok
634	GENE=SMAD4|GENE_NO=641|TRANSCRIPT=ENST00000342988.8|STRAND=+|COSMIC=COSG63839|REGION=3UTR(+)	SMAD4	641	ENST00000342988.8	+	COSG63839	3UTR(+)	6578	18	64	3	y	ok
635	GENE=SMARCA4|GENE_NO=642|TRANSCRIPT=ENST00000344626.10|STRAND=+|COSMIC=COSG94137|REGION=3UTR(+)	SMARCA4	642	ENST00000344626.10	+	COSG94137	3UTR(+)	460	1	34	2	y	ok
636	GENE=SMARCB1|GENE_NO=643|TRANSCRIPT=ENST00000644036.2|STRAND=+|COSMIC=COSG106041|REGION=3UTR(+)	SMARCB1	643	ENST00000644036.2	+	COSG106041	3UTR(+)	3832	19	63	3	y	ok
637	GENE=SMARCD1|GENE_NO=644|TRANSCRIPT=ENST00000394963.9|STRAND=+|COSMIC=COSG71965|REGION=3UTR(+)	SMARCD1	644	ENST00000394963.9	+	COSG71965	3UTR(+)	1710	10	59	3	y	ok
638	GENE=SMARCE1|GENE_NO=645|TRANSCRIPT=ENST00000348513.12|STRAND=-|COSMIC=COSG61073|REGION=3UTR(-)	SMARCE1	645	ENST00000348513.12	-	COSG61073	3UTR(-)	3826	9	35	2	y	ok
639	GENE=SMC1A|GENE_NO=646|TRANSCRIPT=ENST00000322213.9|STRAND=-|COSMIC=COSG73424|REGION=3UTR(-)	SMC1A	646	ENST00000322213.9	-	COSG73424	3UTR(-)	5957	24	36	2	y	ok
640	GENE=SMO|GENE_NO=647|TRANSCRIPT=ENST00000249373.8|STRAND=+|COSMIC=COSG112751|REGION=3UTR(+)	SMO	647	ENST00000249373.8	+	COSG112751	3UTR(+)	1097	7	57	3	y	ok
641	GENE=SND1|GENE_NO=648|TRANSCRIPT=ENST00000354725.8|STRAND=+|COSMIC=COSG69136|REGION=3UTR(+)	SND1	648	ENST00000354725.8	+	COSG69136	3UTR(+)	538	3	80	4	y	ok
642	GENE=SNX29|GENE_NO=649|TRANSCRIPT=ENST00000566228.6|STRAND=+|COSMIC=COSG71274|REGION=3UTR(+)	SNX29	649	ENST00000566228.6	+	COSG71274	3UTR(+)	5661	31	84	4	y	ok
643	GENE=SOCS1|GENE_NO=650|TRANSCRIPT=ENST00000332029.4|STRAND=-|COSMIC=COSG89969|REGION=3UTR(-)	SOCS1	650	ENST00000332029.4	-	COSG89969	3UTR(-)	429	2	62	3	y	ok
644	GENE=SOS1|GENE_NO=651|TRANSCRIPT=ENST00000402219.8|STRAND=-|COSMIC=COSG84335|REGION=3UTR(-)	SOS1	651	ENST00000402219.8	-	COSG84335	3UTR(-)	4278	9	62	3	y	ok
645	GENE=SOX2|GENE_NO=652|TRANSCRIPT=ENST00000325404.3|STRAND=+|COSMIC=COSG104377|REGION=3UTR(+)	SOX2	652	ENST00000325404.3	+	COSG104377	3UTR(+)	1125	3	63	3	y	ok
646	GENE=SOX21|GENE_NO=653|TRANSCRIPT=ENST00000376945.4|STRAND=-|COSMIC=COSG94735|REGION=3UTR(-)	SOX21	653	ENST00000376945.4	-	COSG94735	3UTR(-)	1600	4	36	2	y	ok
647	GENE=SPECC1|GENE_NO=654|TRANSCRIPT=ENST00000395527.9|STRAND=+|COSMIC=COSG97186|REGION=3UTR(+)	SPECC1	654	ENST00000395527.9	+	COSG97186	3UTR(+)	4964	23	59	3	y	ok
648	GENE=SPEN|GENE_NO=655|TRANSCRIPT=ENST00000375759.8|STRAND=+|COSMIC=COSG69096|REGION=3UTR(+)	SPEN	655	ENST00000375759.8	+	COSG69096	3UTR(+)	1032	6	34	2	y	ok
649	GENE=SPOP|GENE_NO=656|TRANSCRIPT=ENST00000504102.6|STRAND=-|COSMIC=COSG63219|REGION=3UTR(-)	SPOP	656	ENST00000504102.6	-	COSG63219	3UTR(-)	1497	7	61	3	y	ok
650	GENE=SRC|GENE_NO=657|TRANSCRIPT=ENST00000373578.7|STRAND=+|COSMIC=COSG62428|REGION=3UTR(+)	SRC	657	ENST00000373578.7	+	COSG62428	3UTR(+)	2674	14	63	3	y	ok
651	GENE=SRGAP3|GENE_NO=658|TRANSCRIPT=ENST00000383836.8|STRAND=-|COSMIC=COSG90916|REGION=3UTR(-)	SRGAP3	658	ENST00000383836.8	-	COSG90916	3UTR(-)	4931	17	57	3	y	ok
652	GENE=SRSF2|GENE_NO=659|TRANSCRIPT=ENST00000359995.10|STRAND=-|COSMIC=COSG66820|REGION=3UTR(-)	SRSF2	659	ENST00000359995.10	-	COSG66820	3UTR(-)	1054	3	33	2	y	ok
653	GENE=SRSF3|GENE_NO=660|TRANSCRIPT=ENST00000373715.11|STRAND=+|COSMIC=COSG100307|REGION=3UTR(+)	SRSF3	660	ENST00000373715.11	+	COSG100307	3UTR(+)	3614	9	60	3	y	ok
654	GENE=SS18|GENE_NO=661|TRANSCRIPT=ENST00000415083.7|STRAND=-|COSMIC=COSG67889|REGION=3UTR(-)	SS18	661	ENST00000415083.7	-	COSG67889	3UTR(-)	2104	6	32	2	y	ok
655	GENE=SS18L1|GENE_NO=662|TRANSCRIPT=ENST00000331758.8|STRAND=+|COSMIC=COSG68150|REGION=3UTR(+)	SS18L1	662	ENST00000331758.8	+	COSG68150	3UTR(+)	3309	12	64	3	y	ok
656	GENE=SSX1|GENE_NO=663|TRANSCRIPT=ENST00000376919.4|STRAND=+|COSMIC=COSG107838|REGION=3UTR(+)	SSX1	663	ENST00000376919.4	+	COSG107838	3UTR(+)	598	1	29	2	y	ok
657	GENE=SSX2|GENE_NO=664|TRANSCRIPT=ENST00000337502.6|STRAND=-|COSMIC=COSG89496|REGION=3UTR(-)	SSX2	664	ENST00000337502.6	-	COSG89496	3UTR(-)	630	1	29	2	y	ok
658	GENE=SSX4|GENE_NO=665|TRANSCRIPT=ENST00000595689.3|STRAND=+|COSMIC=COSG73109|REGION=3UTR(+)	SSX4	665	ENST00000595689.3	+	COSG73109	3UTR(+)	599	1	29	2	y	ok
659	GENE=STAG1|GENE_NO=666|TRANSCRIPT=ENST00000383202.7|STRAND=-|COSMIC=COSG104937|REGION=3UTR(-)	STAG1	666	ENST00000383202.7	-	COSG104937	3UTR(-)	2021	3	34	2	y	ok
660	GENE=STAG2|GENE_NO=667|TRANSCRIPT=ENST00000371145.8|STRAND=+|COSMIC=COSG95834|REGION=3UTR(+)	STAG2	667	ENST00000371145.8	+	COSG95834	3UTR(+)	2062	2	35	2	y	ok
661	GENE=STAT3|GENE_NO=668|TRANSCRIPT=ENST00000264657.10|STRAND=-|COSMIC=COSG84383|REGION=3UTR(-)	STAT3	668	ENST00000264657.10	-	COSG84383	3UTR(-)	2424	13	62	3	y	ok
662	GENE=STAT5B|GENE_NO=669|TRANSCRIPT=ENST00000293328.8|STRAND=-|COSMIC=COSG97911|REGION=3UTR(-)	STAT5B	669	ENST00000293328.8	-	COSG97911	3UTR(-)	2564	10	55	3	y	ok
663	GENE=STAT6|GENE_NO=670|TRANSCRIPT=ENST00000300134.8|STRAND=-|COSMIC=COSG114380|REGION=3UTR(-)	STAT6	670	ENST00000300134.8	-	COSG114380	3UTR(-)	1167	3	62	3	y	ok
664	GENE=STIL|GENE_NO=671|TRANSCRIPT=ENST00000371877.8|STRAND=-|COSMIC=COSG80911|REGION=3UTR(-)	STIL	671	ENST00000371877.8	-	COSG80911	3UTR(-)	1000	6	34	2	y	ok
665	GENE=STK11|GENE_NO=672|TRANSCRIPT=ENST00000326873.12|STRAND=+|COSMIC=COSG67170|REGION=3UTR(+)	STK11	672	ENST00000326873.12	+	COSG67170	3UTR(+)	858	6	63	3	y	ok
666	GENE=STRN|GENE_NO=673|TRANSCRIPT=ENST00000263918.9|STRAND=-|COSMIC=COSG109920|REGION=3UTR(-)	STRN	673	ENST00000263918.9	-	COSG109920	3UTR(-)	11761	24	64	3	y	ok
667	GENE=SUB1|GENE_NO=674|TRANSCRIPT=ENST00000265073.9|STRAND=+|COSMIC=COSG89159|REGION=3UTR(+)	SUB1	674	ENST00000265073.9	+	COSG89159	3UTR(+)	2998	4	33	2	y	ok
668	GENE=SUFU|GENE_NO=675|TRANSCRIPT=ENST00000369902.8|STRAND=+|COSMIC=COSG111528|REGION=3UTR(+)	SUFU	675	ENST00000369902.8	+	COSG111528	3UTR(+)	3383	21	62	3	y	ok
669	GENE=SUZ12|GENE_NO=676|TRANSCRIPT=ENST00000322652.10|STRAND=+|COSMIC=COSG102561|REGION=3UTR(+)	SUZ12	676	ENST00000322652.10	+	COSG102561	3UTR(+)	2038	1	34	2	y	ok
670	GENE=SYK|GENE_NO=677|TRANSCRIPT=ENST00000375754.9|STRAND=+|COSMIC=COSG106457|REGION=3UTR(+)	SYK	677	ENST00000375754.9	+	COSG106457	3UTR(+)	2952	14	55	3	y	ok
671	GENE=TAF15|GENE_NO=678|TRANSCRIPT=ENST00000605844.6|STRAND=+|COSMIC=COSG76204|REGION=3UTR(+)	TAF15	678	ENST00000605844.6	+	COSG76204	3UTR(+)	300	1	63	3	y	ok
672	GENE=TAL1|GENE_NO=679|TRANSCRIPT=ENST00000691006.1|STRAND=-|COSMIC=COSG97131|REGION=3UTR(-)	TAL1	679	ENST00000691006.1	-	COSG97131	3UTR(-)	3432	20	64	3	y	ok
673	GENE=TAL2|GENE_NO=680|TRANSCRIPT=ENST00000334077.6|STRAND=+|COSMIC=COSG92048|REGION=3UTR(+)	TAL2	680	ENST00000334077.6	+	COSG92048	3UTR(+)	304	1	32	2	y	ok
674	GENE=TBL1XR1|GENE_NO=681|TRANSCRIPT=ENST00000457928.7|STRAND=-|COSMIC=COSG96938|REGION=3UTR(-)	TBL1XR1	681	ENST00000457928.7	-	COSG96938	3UTR(-)	6157	8	36	2	y	ok
675	GENE=TBX3|GENE_NO=682|TRANSCRIPT=ENST00000349155.7|STRAND=-|COSMIC=COSG61092|REGION=3UTR(-)	TBX3	682	ENST00000349155.7	-	COSG61092	3UTR(-)	1589	5	62	3	y	ok
676	GENE=TCEA1|GENE_NO=683|TRANSCRIPT=ENST00000521604.7|STRAND=-|COSMIC=COSG66746|REGION=3UTR(-)	TCEA1	683	ENST00000521604.7	-	COSG66746	3UTR(-)	1551	2	33	2	y	ok
677	GENE=TCF12|GENE_NO=684|TRANSCRIPT=ENST00000333725.10|STRAND=+|COSMIC=COSG62962|REGION=3UTR(+)	TCF12	684	ENST00000333725.10	+	COSG62962	3UTR(+)	3711	4	34	2	y	ok
678	GENE=TCF3|GENE_NO=685|TRANSCRIPT=ENST00000262965.12|STRAND=-|COSMIC=COSG59650|REGION=3UTR(-)	TCF3	685	ENST00000262965.12	-	COSG59650	3UTR(-)	2418	12	60	3	y	ok
679	GENE=TCF7L2|GENE_NO=686|TRANSCRIPT=ENST00000355995.9|STRAND=+|COSMIC=COSG99267|REGION=3UTR(+)	TCF7L2	686	ENST00000355995.9	+	COSG99267	3UTR(+)	1709	1	35	2	y	ok
680	GENE=TCL1A|GENE_NO=687|TRANSCRIPT=ENST00000402399.6|STRAND=-|COSMIC=COSG80884|REGION=3UTR(-)	TCL1A	687	ENST00000402399.6	-	COSG80884	3UTR(-)	944	5	35	2	y	ok
681	GENE=TEC|GENE_NO=688|TRANSCRIPT=ENST00000381501.8|STRAND=-|COSMIC=COSG72827|REGION=3UTR(-)	TEC	688	ENST00000381501.8	-	COSG72827	3UTR(-)	1636	6	62	3	y	ok
682	GENE=TENT5C|GENE_NO=689|TRANSCRIPT=ENST00000369448.4|STRAND=+|COSMIC=COSG82010|REGION=3UTR(+)	TENT5C	689	ENST00000369448.4	+	COSG82010	3UTR(+)	4348	15	64	3	y	ok
683	GENE=TERT|GENE_NO=690|TRANSCRIPT=ENST00000310581.10|STRAND=-|COSMIC=COSG76097|REGION=3UTR(-)	TERT	690	ENST00000310581.10	-	COSG76097	3UTR(-)	564	3	63	3	y	ok
684	GENE=TET1|GENE_NO=691|TRANSCRIPT=ENST00000373644.5|STRAND=+|COSMIC=COSG68435|REGION=3UTR(+)	TET1	691	ENST00000373644.5	+	COSG68435	3UTR(+)	2676	3	34	2	y	ok
685	GENE=TET2|GENE_NO=692|TRANSCRIPT=ENST00000380013.9|STRAND=+|COSMIC=COSG109769|REGION=3UTR(+)	TET2	692	ENST00000380013.9	+	COSG109769	3UTR(+)	3287	8	36	2	y	ok
686	GENE=TFE3|GENE_NO=693|TRANSCRIPT=ENST00000315869.8|STRAND=-|COSMIC=COSG110599|REGION=3UTR(-)	TFE3	693	ENST00000315869.8	-	COSG110599	3UTR(-)	1435	9	63	3	y	ok
687	GENE=TFEB|GENE_NO=694|TRANSCRIPT=ENST00000373033.6|STRAND=-|COSMIC=COSG81648|REGION=3UTR(-)	TFEB	694	ENST00000373033.6	-	COSG81648	3UTR(-)	624	3	64	3	y	ok
688	GENE=TFG|GENE_NO=695|TRANSCRIPT=ENST00000240851.9|STRAND=+|COSMIC=COSG60365|REGION=3UTR(+)	TFG	695	ENST00000240851.9	+	COSG60365	3UTR(+)	436	1	28	2	y	ok
689	GENE=TFPT|GENE_NO=696|TRANSCRIPT=ENST00000391759.6|STRAND=-|COSMIC=COSG94651|REGION=3UTR(-)	TFPT	696	ENST00000391759.6	-	COSG94651	3UTR(-)	33	0	0	0	n	ok
690	GENE=TFRC|GENE_NO=697|TRANSCRIPT=ENST00000360110.9|STRAND=-|COSMIC=COSG93056|REGION=3UTR(-)	TFRC	697	ENST00000360110.9	-	COSG93056	3UTR(-)	2661	6	35	2	y	ok
691	GENE=TGFBR1|GENE_NO=698|TRANSCRIPT=ENST00000374994.9|STRAND=+|COSMIC=COSG101127|REGION=3UTR(+)	TGFBR1	698	ENST00000374994.9	+	COSG101127	3UTR(+)	4890	15	54	3	y	ok
692	GENE=TGFBR2|GENE_NO=699|TRANSCRIPT=ENST00000295754.10|STRAND=+|COSMIC=COSG68111|REGION=3UTR(+)	TGFBR2	699	ENST00000295754.10	+	COSG68111	3UTR(+)	2546	9	35	2	y	ok
693	GENE=THRAP3|GENE_NO=700|TRANSCRIPT=ENST00000354618.10|STRAND=+|COSMIC=COSG77463|REGION=3UTR(+)	THRAP3	700	ENST00000354618.10	+	COSG77463	3UTR(+)	1343	7	64	3	y	ok
694	GENE=TLX1|GENE_NO=701|TRANSCRIPT=ENST00000370196.11|STRAND=+|COSMIC=COSG114529|REGION=3UTR(+)	TLX1	701	ENST00000370196.11	+	COSG114529	3UTR(+)	879	6	59	3	y	ok
695	GENE=TLX3|GENE_NO=702|TRANSCRIPT=ENST00000296921.6|STRAND=+|COSMIC=COSG101712|REGION=3UTR(+)	TLX3	702	ENST00000296921.6	+	COSG101712	3UTR(+)	543	2	57	3	y	ok
696	GENE=TMEM127|GENE_NO=703|TRANSCRIPT=ENST00000258439.8|STRAND=-|COSMIC=COSG94256|REGION=3UTR(-)	TMEM127	703	ENST00000258439.8	-	COSG94256	3UTR(-)	5297	25	56	3	y	ok
697	GENE=TMPRSS2|GENE_NO=704|TRANSCRIPT=ENST00000332149.10|STRAND=-|COSMIC=COSG82247|REGION=3UTR(-)	TMPRSS2	704	ENST00000332149.10	-	COSG82247	3UTR(-)	1840	8	61	3	y	ok
698	GENE=TMSB4X|GENE_NO=705|TRANSCRIPT=ENST00000451311.7|STRAND=+|COSMIC=COSG64710|REGION=3UTR(+)	TMSB4X	705	ENST00000451311.7	+	COSG64710	3UTR(+)	415	1	35	2	y	ok
699	GENE=TNC|GENE_NO=706|TRANSCRIPT=ENST00000350763.9|STRAND=-|COSMIC=COSG105617|REGION=3UTR(-)	TNC	706	ENST00000350763.9	-	COSG105617	3UTR(-)	1585	7	58	3	y	ok
700	GENE=TNFAIP3|GENE_NO=707|TRANSCRIPT=ENST00000612899.5|STRAND=+|COSMIC=COSG107227|REGION=3UTR(+)	TNFAIP3	707	ENST00000612899.5	+	COSG107227	3UTR(+)	1996	10	35	2	y	ok
701	GENE=TNFRSF14|GENE_NO=708|TRANSCRIPT=ENST00000355716.5|STRAND=+|COSMIC=COSG68245|REGION=3UTR(+)	TNFRSF14	708	ENST00000355716.5	+	COSG68245	3UTR(+)	559	3	63	3	y	ok
702	GENE=TNFRSF17|GENE_NO=709|TRANSCRIPT=ENST00000053243.6|STRAND=+|COSMIC=COSG95322|REGION=3UTR(+)	TNFRSF17	709	ENST00000053243.6	+	COSG95322	3UTR(+)	224	1	32	2	y	ok
703	GENE=TNRC18|GENE_NO=710|TRANSCRIPT=ENST00000430969.6|STRAND=-|COSMIC=COSG96118|REGION=3UTR(-)	TNRC18	710	ENST00000430969.6	-	COSG96118	3UTR(-)	1298	7	58	3	y	ok
704	GENE=TOP1|GENE_NO=711|TRANSCRIPT=ENST00000361337.3|STRAND=+|COSMIC=COSG78149|REGION=3UTR(+)	TOP1	711	ENST00000361337.3	+	COSG78149	3UTR(+)	1193	4	62	3	y	ok
705	GENE=TP53|GENE_NO=712|TRANSCRIPT=ENST00000269305.9|STRAND=-|COSMIC=COSG115384|REGION=3UTR(-)	TP53	712	ENST00000269305.9	-	COSG115384	3UTR(-)	1191	6	36	2	y	ok
706	GENE=TP63|GENE_NO=713|TRANSCRIPT=ENST00000264731.8|STRAND=+|COSMIC=COSG61770|REGION=3UTR(+)	TP63	713	ENST00000264731.8	+	COSG61770	3UTR(+)	2777	9	36	2	y	ok
707	GENE=TPM3|GENE_NO=714|TRANSCRIPT=ENST00000651641.1|STRAND=-|COSMIC=COSG101931|REGION=3UTR(-)	TPM3	714	ENST00000651641.1	-	COSG101931	3UTR(-)	6127	28	53	3	y	ok
708	GENE=TPM4|GENE_NO=715|TRANSCRIPT=ENST00000643579.2|STRAND=+|COSMIC=COSG98099|REGION=3UTR(+)	TPM4	715	ENST00000643579.2	+	COSG98099	3UTR(+)	1659	6	36	2	y	ok
709	GENE=TPR|GENE_NO=716|TRANSCRIPT=ENST00000367478.9|STRAND=-|COSMIC=COSG113909|REGION=3UTR(-)	TPR	716	ENST00000367478.9	-	COSG113909	3UTR(-)	2322	3	34	2	y	ok
710	GENE=TRAF7|GENE_NO=718|TRANSCRIPT=ENST00000326181.11|STRAND=+|COSMIC=COSG74104|REGION=3UTR(+)	TRAF7	718	ENST00000326181.11	+	COSG74104	3UTR(+)	1558	6	59	3	y	ok
711	GENE=TRIM24|GENE_NO=721|TRANSCRIPT=ENST00000343526.9|STRAND=+|COSMIC=COSG114610|REGION=3UTR(+)	TRIM24	721	ENST00000343526.9	+	COSG114610	3UTR(+)	5048	19	55	3	y	ok
712	GENE=TRIM27|GENE_NO=722|TRANSCRIPT=ENST00000377199.4|STRAND=-|COSMIC=COSG92877|REGION=3UTR(-)	TRIM27	722	ENST00000377199.4	-	COSG92877	3UTR(-)	1071	6	35	2	y	ok
713	GENE=TRIM33|GENE_NO=723|TRANSCRIPT=ENST00000358465.7|STRAND=-|COSMIC=COSG58637|REGION=3UTR(-)	TRIM33	723	ENST00000358465.7	-	COSG58637	3UTR(-)	4861	2	33	2	y	ok
714	GENE=TRIP11|GENE_NO=724|TRANSCRIPT=ENST00000267622.8|STRAND=-|COSMIC=COSG101385|REGION=3UTR(-)	TRIP11	724	ENST00000267622.8	-	COSG101385	3UTR(-)	3685	4	35	2	y	ok
715	GENE=TRRAP|GENE_NO=725|TRANSCRIPT=ENST00000456197.2|STRAND=+|COSMIC=COSG67046|REGION=3UTR(+)	TRRAP	725	ENST00000456197.2	+	COSG67046	3UTR(+)	889	5	34	2	y	ok
716	GENE=TSC1|GENE_NO=726|TRANSCRIPT=ENST00000298552.9|STRAND=-|COSMIC=COSG74466|REGION=3UTR(-)	TSC1	726	ENST00000298552.9	-	COSG74466	3UTR(-)	4889	28	54	3	y	ok
717	GENE=TSC2|GENE_NO=727|TRANSCRIPT=ENST00000219476.9|STRAND=+|COSMIC=COSG57978|REGION=3UTR(+)	TSC2	727	ENST00000219476.9	+	COSG57978	3UTR(+)	884	7	58	3	y	ok
718	GENE=TSHR|GENE_NO=728|TRANSCRIPT=ENST00000298171.7|STRAND=+|COSMIC=COSG90928|REGION=3UTR(+)	TSHR	728	ENST00000298171.7	+	COSG90928	3UTR(+)	1956	2	34	2	y	ok
719	GENE=U2AF1|GENE_NO=729|TRANSCRIPT=ENST00000291552.9|STRAND=-|COSMIC=COSG64514|REGION=3UTR(-)	U2AF1	729	ENST00000291552.9	-	COSG64514	3UTR(-)	149	0	0	0	n	ok
720	GENE=UBR5|GENE_NO=730|TRANSCRIPT=ENST00000520539.6|STRAND=-|COSMIC=COSG65755|REGION=3UTR(-)	UBR5	730	ENST00000520539.6	-	COSG65755	3UTR(-)	2032	5	29	2	y	ok
721	GENE=UBTF|GENE_NO=731|TRANSCRIPT=ENST00000436088.6|STRAND=-|COSMIC=COSG67388|REGION=3UTR(-)	UBTF	731	ENST00000436088.6	-	COSG67388	3UTR(-)	2205	12	62	3	y	ok
722	GENE=USP44|GENE_NO=732|TRANSCRIPT=ENST00000258499.8|STRAND=-|COSMIC=COSG92286|REGION=3UTR(-)	USP44	732	ENST00000258499.8	-	COSG92286	3UTR(-)	1597	2	27	2	y	ok
723	GENE=USP6|GENE_NO=733|TRANSCRIPT=ENST00000574788.6|STRAND=+|COSMIC=COSG107118|REGION=3UTR(+)	USP6	733	ENST00000574788.6	+	COSG107118	3UTR(+)	2016	7	34	2	y	ok
724	GENE=USP8|GENE_NO=734|TRANSCRIPT=ENST00000307179.9|STRAND=+|COSMIC=COSG87291|REGION=3UTR(+)	USP8	734	ENST00000307179.9	+	COSG87291	3UTR(+)	15336	55	61	3	y	ok
725	GENE=USP9X|GENE_NO=735|TRANSCRIPT=ENST00000378308.7|STRAND=+|COSMIC=COSG86650|REGION=3UTR(+)	USP9X	735	ENST00000378308.7	+	COSG86650	3UTR(+)	4058	9	31	2	y	ok
726	GENE=VAV1|GENE_NO=736|TRANSCRIPT=ENST00000602142.6|STRAND=+|COSMIC=COSG96287|REGION=3UTR(+)	VAV1	736	ENST00000602142.6	+	COSG96287	3UTR(+)	257	2	35	2	y	ok
727	GENE=VHL|GENE_NO=737|TRANSCRIPT=ENST00000256474.3|STRAND=+|COSMIC=COSG111666|REGION=3UTR(+)	VHL	737	ENST00000256474.3	+	COSG111666	3UTR(+)	3705	16	62	3	y	ok
728	GENE=VTI1A|GENE_NO=738|TRANSCRIPT=ENST00000393077.3|STRAND=+|COSMIC=COSG86674|REGION=3UTR(+)	VTI1A	738	ENST00000393077.3	+	COSG86674	3UTR(+)	3364	12	54	3	y	ok
729	GENE=WAS|GENE_NO=739|TRANSCRIPT=ENST00000376701.5|STRAND=+|COSMIC=COSG72492|REGION=3UTR(+)	WAS	739	ENST00000376701.5	+	COSG72492	3UTR(+)	268	0	0	0	n	ok
730	GENE=WDCP|GENE_NO=740|TRANSCRIPT=ENST00000295148.9|STRAND=-|COSMIC=COSG91148|REGION=3UTR(-)	WDCP	740	ENST00000295148.9	-	COSG91148	3UTR(-)	1589	6	35	2	y	ok
731	GENE=WIF1|GENE_NO=741|TRANSCRIPT=ENST00000286574.9|STRAND=-|COSMIC=COSG112650|REGION=3UTR(-)	WIF1	741	ENST00000286574.9	-	COSG112650	3UTR(-)	726	1	34	2	y	ok
732	GENE=WNK2|GENE_NO=742|TRANSCRIPT=ENST00000427277.7|STRAND=+|COSMIC=COSG97812|REGION=3UTR(+)	WNK2	742	ENST00000427277.7	+	COSG97812	3UTR(+)	180	1	26	2	y	ok
733	GENE=WRN|GENE_NO=743|TRANSCRIPT=ENST00000298139.7|STRAND=+|COSMIC=COSG61815|REGION=3UTR(+)	WRN	743	ENST00000298139.7	+	COSG61815	3UTR(+)	3039	3	34	2	y	ok
734	GENE=WT1|GENE_NO=744|TRANSCRIPT=ENST00000452863.10|STRAND=-|COSMIC=COSG61501|REGION=3UTR(-)	WT1	744	ENST00000452863.10	-	COSG61501	3UTR(-)	1286	6	34	2	y	ok
735	GENE=WWTR1|GENE_NO=745|TRANSCRIPT=ENST00000360632.8|STRAND=-|COSMIC=COSG84133|REGION=3UTR(-)	WWTR1	745	ENST00000360632.8	-	COSG84133	3UTR(-)	3573	9	36	2	y	ok
736	GENE=XPA|GENE_NO=746|TRANSCRIPT=ENST00000375128.5|STRAND=-|COSMIC=COSG102586|REGION=3UTR(-)	XPA	746	ENST00000375128.5	-	COSG102586	3UTR(-)	533	3	34	2	y	ok
737	GENE=XPC|GENE_NO=747|TRANSCRIPT=ENST00000285021.12|STRAND=-|COSMIC=COSG95459|REGION=3UTR(-)	XPC	747	ENST00000285021.12	-	COSG95459	3UTR(-)	797	4	36	2	y	ok
738	GENE=XPO1|GENE_NO=748|TRANSCRIPT=ENST00000401558.7|STRAND=-|COSMIC=COSG68225|REGION=3UTR(-)	XPO1	748	ENST00000401558.7	-	COSG68225	3UTR(-)	974	1	36	2	y	ok
739	GENE=YAP1|GENE_NO=749|TRANSCRIPT=ENST00000282441.10|STRAND=+|COSMIC=COSG79741|REGION=3UTR(+)	YAP1	749	ENST00000282441.10	+	COSG79741	3UTR(+)	3487	10	62	3	y	ok
740	GENE=YWHAE|GENE_NO=750|TRANSCRIPT=ENST00000264335.13|STRAND=-|COSMIC=COSG73314|REGION=3UTR(-)	YWHAE	750	ENST00000264335.13	-	COSG73314	3UTR(-)	1175	3	34	2	y	ok
741	GENE=ZBTB16|GENE_NO=751|TRANSCRIPT=ENST00000335953.9|STRAND=+|COSMIC=COSG68438|REGION=3UTR(+)	ZBTB16	751	ENST00000335953.9	+	COSG68438	3UTR(+)	6213	23	77	4	y	ok
742	GENE=ZCCHC8|GENE_NO=752|TRANSCRIPT=ENST00000633063.3|STRAND=-|COSMIC=COSG91510|REGION=3UTR(-)	ZCCHC8	752	ENST00000633063.3	-	COSG91510	3UTR(-)	1900	7	34	2	y	ok
743	GENE=ZEB1|GENE_NO=753|TRANSCRIPT=ENST00000424869.6|STRAND=+|COSMIC=COSG60276|REGION=3UTR(+)	ZEB1	753	ENST00000424869.6	+	COSG60276	3UTR(+)	2543	1	30	2	y	ok
744	GENE=ZFHX3|GENE_NO=754|TRANSCRIPT=ENST00000268489.10|STRAND=-|COSMIC=COSG106670|REGION=3UTR(-)	ZFHX3	754	ENST00000268489.10	-	COSG106670	3UTR(-)	4282	9	59	3	y	ok
745	GENE=ZMYM2|GENE_NO=755|TRANSCRIPT=ENST00000610343.5|STRAND=+|COSMIC=COSG84691|REGION=3UTR(+)	ZMYM2	755	ENST00000610343.5	+	COSG84691	3UTR(+)	3104	4	33	2	y	ok
746	GENE=ZMYM3|GENE_NO=756|TRANSCRIPT=ENST00000314425.9|STRAND=-|COSMIC=COSG81053|REGION=3UTR(-)	ZMYM3	756	ENST00000314425.9	-	COSG81053	3UTR(-)	1295	6	35	2	y	ok
747	GENE=ZNF331|GENE_NO=757|TRANSCRIPT=ENST00000449416.6|STRAND=+|COSMIC=COSG73607|REGION=3UTR(+)	ZNF331	757	ENST00000449416.6	+	COSG73607	3UTR(+)	2320	7	35	2	y	ok
748	GENE=ZNF384|GENE_NO=758|TRANSCRIPT=ENST00000683879.1|STRAND=-|COSMIC=COSG68568|REGION=3UTR(-)	ZNF384	758	ENST00000683879.1	-	COSG68568	3UTR(-)	1240	5	52	3	y	ok
749	GENE=ZNF429|GENE_NO=759|TRANSCRIPT=ENST00000358491.9|STRAND=+|COSMIC=COSG92428|REGION=3UTR(+)	ZNF429	759	ENST00000358491.9	+	COSG92428	3UTR(+)	2593	5	35	2	y	ok
750	GENE=ZNF479|GENE_NO=760|TRANSCRIPT=ENST00000319636.10|STRAND=-|COSMIC=COSG111702|REGION=3UTR(-)	ZNF479	760	ENST00000319636.10	-	COSG111702	3UTR(-)	2167	4	34	2	y	ok
751	GENE=ZNF521|GENE_NO=761|TRANSCRIPT=ENST00000361524.8|STRAND=-|COSMIC=COSG65491|REGION=3UTR(-)	ZNF521	761	ENST00000361524.8	-	COSG65491	3UTR(-)	791	1	28	2	y	ok
752	GENE=ZNRF3|GENE_NO=762|TRANSCRIPT=ENST00000544604.7|STRAND=+|COSMIC=COSG102839|REGION=3UTR(+)	ZNRF3	762	ENST00000544604.7	+	COSG102839	3UTR(+)	3869	16	36	2	y	ok
753	GENE=ZRSR2|GENE_NO=763|TRANSCRIPT=ENST00000307771.8|STRAND=+|COSMIC=COSG85804|REGION=3UTR(+)	ZRSR2	763	ENST00000307771.8	+	COSG85804	3UTR(+)	21	0	0	0	n	ok
