SEQUENCE_ID	HEADER	GENE	GENE_NO	TRANSCRIPT	STRAND	COSMIC	REGION	INPUT_SEQUENCE_LENGTH	QGRS_COUNT	MAX_GSCORE	MAX_TETRADS	HAS_QGRS	STATUS
1	GENE=A1CF|GENE_NO=1|TRANSCRIPT=ENST00000373997.8|STRAND=-|COSMIC=COSG68236|REGION=5UTR(-)	A1CF	1	ENST00000373997.8	-	COSG68236	5UTR(-)	140	1	28	2	y	ok
2	GENE=ABI1|GENE_NO=2|TRANSCRIPT=ENST00000376140.4|STRAND=-|COSMIC=COSG100962|REGION=5UTR(-)	ABI1	2	ENST00000376140.4	-	COSG100962	5UTR(-)	95	2	35	2	y	ok
3	GENE=ABL1|GENE_NO=3|TRANSCRIPT=ENST00000318560.6|STRAND=+|COSMIC=COSG106650|REGION=5UTR(+)	ABL1	3	ENST00000318560.6	+	COSG106650	5UTR(+)	193	1	72	4	y	ok
4	GENE=ABL2|GENE_NO=4|TRANSCRIPT=ENST00000502732.6|STRAND=-|COSMIC=COSG93778|REGION=5UTR(-)	ABL2	4	ENST00000502732.6	-	COSG93778	5UTR(-)	280	1	63	3	y	ok
5	GENE=ACKR3|GENE_NO=5|TRANSCRIPT=ENST00000272928.4|STRAND=+|COSMIC=COSG97311|REGION=5UTR(+)	ACKR3	5	ENST00000272928.4	+	COSG97311	5UTR(+)	126	0	0	0	n	ok
6	GENE=ACSL3|GENE_NO=6|TRANSCRIPT=ENST00000357430.8|STRAND=+|COSMIC=COSG110896|REGION=5UTR(+)	ACSL3	6	ENST00000357430.8	+	COSG110896	5UTR(+)	429	2	36	2	y	ok
7	GENE=ACSL6|GENE_NO=7|TRANSCRIPT=ENST00000651883.2|STRAND=-|COSMIC=COSG111804|REGION=5UTR(-)	ACSL6	7	ENST00000651883.2	-	COSG111804	5UTR(-)	105	1	78	4	y	ok
8	GENE=ACVR1|GENE_NO=8|TRANSCRIPT=ENST00000434821.7|STRAND=-|COSMIC=COSG104387|REGION=5UTR(-)	ACVR1	8	ENST00000434821.7	-	COSG104387	5UTR(-)	717	5	36	2	y	ok
9	GENE=ACVR1B|GENE_NO=9|TRANSCRIPT=ENST00000257963.9|STRAND=+|COSMIC=COSG87372|REGION=5UTR(+)	ACVR1B	9	ENST00000257963.9	+	COSG87372	5UTR(+)	45	1	36	2	y	ok
10	GENE=ACVR2A|GENE_NO=10|TRANSCRIPT=ENST00000241416.12|STRAND=+|COSMIC=COSG109828|REGION=5UTR(+)	ACVR2A	10	ENST00000241416.12	+	COSG109828	5UTR(+)	124	1	32	2	y	ok
11	GENE=AFDN|GENE_NO=11|TRANSCRIPT=ENST00000683244.1|STRAND=+|COSMIC=COSG74504|REGION=5UTR(+)	AFDN	11	ENST00000683244.1	+	COSG74504	5UTR(+)	222	1	60	3	y	ok
12	GENE=AFF1|GENE_NO=12|TRANSCRIPT=ENST00000395146.9|STRAND=+|COSMIC=COSG69615|REGION=5UTR(+)	AFF1	12	ENST00000395146.9	+	COSG69615	5UTR(+)	266	2	57	3	y	ok
13	GENE=AFF3|GENE_NO=13|TRANSCRIPT=ENST00000672756.2|STRAND=-|COSMIC=COSG86784|REGION=5UTR(-)	AFF3	13	ENST00000672756.2	-	COSG86784	5UTR(-)	334	2	36	2	y	ok
14	GENE=AFF4|GENE_NO=14|TRANSCRIPT=ENST00000265343.10|STRAND=-|COSMIC=COSG73994|REGION=5UTR(-)	AFF4	14	ENST00000265343.10	-	COSG73994	5UTR(-)	380	3	36	2	y	ok
15	GENE=AKAP9|GENE_NO=15|TRANSCRIPT=ENST00000356239.8|STRAND=+|COSMIC=COSG89677|REGION=5UTR(+)	AKAP9	15	ENST00000356239.8	+	COSG89677	5UTR(+)	238	1	36	2	y	ok
16	GENE=AKT1|GENE_NO=16|TRANSCRIPT=ENST00000649815.2|STRAND=-|COSMIC=COSG100756|REGION=5UTR(-)	AKT1	16	ENST00000649815.2	-	COSG100756	5UTR(-)	522	1	58	3	y	ok
17	GENE=AKT2|GENE_NO=17|TRANSCRIPT=ENST00000392038.7|STRAND=-|COSMIC=COSG75261|REGION=5UTR(-)	AKT2	17	ENST00000392038.7	-	COSG75261	5UTR(-)	249	1	35	2	y	ok
18	GENE=AKT3|GENE_NO=18|TRANSCRIPT=ENST00000673466.1|STRAND=-|COSMIC=COSG82568|REGION=5UTR(-)	AKT3	18	ENST00000673466.1	-	COSG82568	5UTR(-)	316	2	78	4	y	ok
19	GENE=ALDH2|GENE_NO=19|TRANSCRIPT=ENST00000261733.7|STRAND=+|COSMIC=COSG78204|REGION=5UTR(+)	ALDH2	19	ENST00000261733.7	+	COSG78204	5UTR(+)	50	0	0	0	n	ok
20	GENE=ALK|GENE_NO=20|TRANSCRIPT=ENST00000389048.8|STRAND=-|COSMIC=COSG59677|REGION=5UTR(-)	ALK	20	ENST00000389048.8	-	COSG59677	5UTR(-)	927	6	61	3	y	ok
21	GENE=AMER1|GENE_NO=21|TRANSCRIPT=ENST00000374869.8|STRAND=-|COSMIC=COSG111928|REGION=5UTR(-)	AMER1	21	ENST00000374869.8	-	COSG111928	5UTR(-)	237	1	34	2	y	ok
22	GENE=ANK1|GENE_NO=22|TRANSCRIPT=ENST00000289734.13|STRAND=-|COSMIC=COSG110999|REGION=5UTR(-)	ANK1	22	ENST00000289734.13	-	COSG110999	5UTR(-)	84	1	26	2	y	ok
23	GENE=APC|GENE_NO=23|TRANSCRIPT=ENST00000257430.9|STRAND=+|COSMIC=COSG108961|REGION=5UTR(+)	APC	23	ENST00000257430.9	+	COSG108961	5UTR(+)	59	1	35	2	y	ok
24	GENE=AR|GENE_NO=24|TRANSCRIPT=ENST00000374690.9|STRAND=+|COSMIC=COSG86691|REGION=5UTR(+)	AR	24	ENST00000374690.9	+	COSG86691	5UTR(+)	1126	6	36	2	y	ok
25	GENE=ARAF|GENE_NO=25|TRANSCRIPT=ENST00000377045.9|STRAND=+|COSMIC=COSG63174|REGION=5UTR(+)	ARAF	25	ENST00000377045.9	+	COSG63174	5UTR(+)	106	1	35	2	y	ok
26	GENE=ARHGAP26|GENE_NO=26|TRANSCRIPT=ENST00000645722.2|STRAND=+|COSMIC=COSG66814|REGION=5UTR(+)	ARHGAP26	26	ENST00000645722.2	+	COSG66814	5UTR(+)	385	2	53	3	y	ok
27	GENE=ARHGAP35|GENE_NO=27|TRANSCRIPT=ENST00000672722.1|STRAND=+|COSMIC=COSG59943|REGION=5UTR(+)	ARHGAP35	27	ENST00000672722.1	+	COSG59943	5UTR(+)	401	2	36	2	y	ok
28	GENE=ARHGAP5|GENE_NO=28|TRANSCRIPT=ENST00000345122.8|STRAND=+|COSMIC=COSG113539|REGION=5UTR(+)	ARHGAP5	28	ENST00000345122.8	+	COSG113539	5UTR(+)	300	1	36	2	y	ok
29	GENE=ARHGEF10|GENE_NO=29|TRANSCRIPT=ENST00000349830.8|STRAND=+|COSMIC=COSG72704|REGION=5UTR(+)	ARHGEF10	29	ENST00000349830.8	+	COSG72704	5UTR(+)	235				timeout	timeout
30	GENE=ARHGEF10L|GENE_NO=30|TRANSCRIPT=ENST00000361221.8|STRAND=+|COSMIC=COSG64462|REGION=5UTR(+)	ARHGEF10L	30	ENST00000361221.8	+	COSG64462	5UTR(+)	296	1	59	3	y	ok
31	GENE=ARHGEF12|GENE_NO=31|TRANSCRIPT=ENST00000397843.7|STRAND=+|COSMIC=COSG109622|REGION=5UTR(+)	ARHGEF12	31	ENST00000397843.7	+	COSG109622	5UTR(+)	831	3	56	3	y	ok
32	GENE=ARID1A|GENE_NO=32|TRANSCRIPT=ENST00000324856.13|STRAND=+|COSMIC=COSG71518|REGION=5UTR(+)	ARID1A	32	ENST00000324856.13	+	COSG71518	5UTR(+)	389	2	78	4	y	ok
33	GENE=ARID1B|GENE_NO=33|TRANSCRIPT=ENST00000636930.2|STRAND=+|COSMIC=COSG107409|REGION=5UTR(+)	ARID1B	33	ENST00000636930.2	+	COSG107409	5UTR(+)	303	1	57	3	y	ok
34	GENE=ARID2|GENE_NO=34|TRANSCRIPT=ENST00000334344.11|STRAND=+|COSMIC=COSG89256|REGION=5UTR(+)	ARID2	34	ENST00000334344.11	+	COSG89256	5UTR(+)	131	1	55	3	y	ok
35	GENE=ARNT|GENE_NO=35|TRANSCRIPT=ENST00000358595.10|STRAND=-|COSMIC=COSG69731|REGION=5UTR(-)	ARNT	35	ENST00000358595.10	-	COSG69731	5UTR(-)	32	1	36	2	y	ok
36	GENE=ASPM|GENE_NO=36|TRANSCRIPT=ENST00000367409.9|STRAND=-|COSMIC=COSG93625|REGION=5UTR(-)	ASPM	36	ENST00000367409.9	-	COSG93625	5UTR(-)	232	2	36	2	y	ok
37	GENE=ASPSCR1|GENE_NO=37|TRANSCRIPT=ENST00000306739.9|STRAND=+|COSMIC=COSG109748|REGION=5UTR(+)	ASPSCR1	37	ENST00000306739.9	+	COSG109748	5UTR(+)	18	0	0	0	n	ok
38	GENE=ASXL1|GENE_NO=38|TRANSCRIPT=ENST00000375687.10|STRAND=+|COSMIC=COSG63327|REGION=5UTR(+)	ASXL1	38	ENST00000375687.10	+	COSG63327	5UTR(+)	445	2	33	2	y	ok
39	GENE=ASXL2|GENE_NO=39|TRANSCRIPT=ENST00000435504.9|STRAND=-|COSMIC=COSG71126|REGION=5UTR(-)	ASXL2	39	ENST00000435504.9	-	COSG71126	5UTR(-)	265	2	56	3	y	ok
40	GENE=ATF1|GENE_NO=40|TRANSCRIPT=ENST00000262053.8|STRAND=+|COSMIC=COSG90645|REGION=5UTR(+)	ATF1	40	ENST00000262053.8	+	COSG90645	5UTR(+)	213	2	53	3	y	ok
41	GENE=ATIC|GENE_NO=41|TRANSCRIPT=ENST00000236959.14|STRAND=+|COSMIC=COSG101434|REGION=5UTR(+)	ATIC	41	ENST00000236959.14	+	COSG101434	5UTR(+)	84	0	0	0	n	ok
42	GENE=ATM|GENE_NO=42|TRANSCRIPT=ENST00000675843.1|STRAND=+|COSMIC=COSG89944|REGION=5UTR(+)	ATM	42	ENST00000675843.1	+	COSG89944	5UTR(+)	150	1	36	2	y	ok
43	GENE=ATP1A1|GENE_NO=43|TRANSCRIPT=ENST00000295598.10|STRAND=+|COSMIC=COSG58843|REGION=5UTR(+)	ATP1A1	43	ENST00000295598.10	+	COSG58843	5UTR(+)	268	2	36	2	y	ok
44	GENE=ATP2B3|GENE_NO=44|TRANSCRIPT=ENST00000263519.5|STRAND=+|COSMIC=COSG102707|REGION=5UTR(+)	ATP2B3	44	ENST00000263519.5	+	COSG102707	5UTR(+)	480	4	34	2	y	ok
45	GENE=ATR|GENE_NO=45|TRANSCRIPT=ENST00000350721.9|STRAND=-|COSMIC=COSG73559|REGION=5UTR(-)	ATR	45	ENST00000350721.9	-	COSG73559	5UTR(-)	29	0	0	0	n	ok
46	GENE=ATRX|GENE_NO=46|TRANSCRIPT=ENST00000373344.11|STRAND=-|COSMIC=COSG106026|REGION=5UTR(-)	ATRX	46	ENST00000373344.11	-	COSG106026	5UTR(-)	215	2	36	2	y	ok
47	GENE=AXIN1|GENE_NO=47|TRANSCRIPT=ENST00000262320.8|STRAND=-|COSMIC=COSG75575|REGION=5UTR(-)	AXIN1	47	ENST00000262320.8	-	COSG75575	5UTR(-)	436	2	57	3	y	ok
48	GENE=AXIN2|GENE_NO=48|TRANSCRIPT=ENST00000307078.10|STRAND=-|COSMIC=COSG96143|REGION=5UTR(-)	AXIN2	48	ENST00000307078.10	-	COSG96143	5UTR(-)	315	2	35	2	y	ok
49	GENE=B2M|GENE_NO=49|TRANSCRIPT=ENST00000648006.3|STRAND=+|COSMIC=COSG79234|REGION=5UTR(+)	B2M	49	ENST00000648006.3	+	COSG79234	5UTR(+)	30	0	0	0	n	ok
50	GENE=BAP1|GENE_NO=50|TRANSCRIPT=ENST00000460680.6|STRAND=-|COSMIC=COSG113385|REGION=5UTR(-)	BAP1	50	ENST00000460680.6	-	COSG113385	5UTR(-)	130	1	82	4	y	ok
51	GENE=BARD1|GENE_NO=51|TRANSCRIPT=ENST00000260947.9|STRAND=-|COSMIC=COSG71483|REGION=5UTR(-)	BARD1	51	ENST00000260947.9	-	COSG71483	5UTR(-)	114	1	30	2	y	ok
52	GENE=BAX|GENE_NO=52|TRANSCRIPT=ENST00000345358.12|STRAND=+|COSMIC=COSG106962|REGION=5UTR(+)	BAX	52	ENST00000345358.12	+	COSG106962	5UTR(+)	54	1	36	2	y	ok
53	GENE=BAZ1A|GENE_NO=53|TRANSCRIPT=ENST00000360310.6|STRAND=-|COSMIC=COSG114282|REGION=5UTR(-)	BAZ1A	53	ENST00000360310.6	-	COSG114282	5UTR(-)	281	1	62	3	y	ok
54	GENE=BCL10|GENE_NO=54|TRANSCRIPT=ENST00000648566.1|STRAND=-|COSMIC=COSG86862|REGION=5UTR(-)	BCL10	54	ENST00000648566.1	-	COSG86862	5UTR(-)	280	2	35	2	y	ok
55	GENE=BCL11A|GENE_NO=55|TRANSCRIPT=ENST00000642384.2|STRAND=-|COSMIC=COSG82877|REGION=5UTR(-)	BCL11A	55	ENST00000642384.2	-	COSG82877	5UTR(-)	384	0	0	0	n	ok
56	GENE=BCL11B|GENE_NO=56|TRANSCRIPT=ENST00000357195.8|STRAND=-|COSMIC=COSG102032|REGION=5UTR(-)	BCL11B	56	ENST00000357195.8	-	COSG102032	5UTR(-)	979	3	61	3	y	ok
57	GENE=BCL2|GENE_NO=57|TRANSCRIPT=ENST00000333681.5|STRAND=-|COSMIC=COSG84340|REGION=5UTR(-)	BCL2	57	ENST00000333681.5	-	COSG84340	5UTR(-)	882	5	62	3	y	ok
58	GENE=BCL2L12|GENE_NO=58|TRANSCRIPT=ENST00000246784.8|STRAND=+|COSMIC=COSG58663|REGION=5UTR(+)	BCL2L12	58	ENST00000246784.8	+	COSG58663	5UTR(+)	143	2	36	2	y	ok
59	GENE=BCL3|GENE_NO=59|TRANSCRIPT=ENST00000164227.10|STRAND=+|COSMIC=COSG88188|REGION=5UTR(+)	BCL3	59	ENST00000164227.10	+	COSG88188	5UTR(+)	83	1	31	2	y	ok
60	GENE=BCL6|GENE_NO=60|TRANSCRIPT=ENST00000406870.7|STRAND=-|COSMIC=COSG113725|REGION=5UTR(-)	BCL6	60	ENST00000406870.7	-	COSG113725	5UTR(-)	108	1	33	2	y	ok
61	GENE=BCL7A|GENE_NO=61|TRANSCRIPT=ENST00000261822.5|STRAND=+|COSMIC=COSG72854|REGION=5UTR(+)	BCL7A	61	ENST00000261822.5	+	COSG72854	5UTR(+)	208	2	34	2	y	ok
62	GENE=BCL9|GENE_NO=62|TRANSCRIPT=ENST00000234739.8|STRAND=+|COSMIC=COSG114870|REGION=5UTR(+)	BCL9	62	ENST00000234739.8	+	COSG114870	5UTR(+)	651	4	36	2	y	ok
63	GENE=BCL9L|GENE_NO=63|TRANSCRIPT=ENST00000683865.1|STRAND=-|COSMIC=COSG105158|REGION=5UTR(-)	BCL9L	63	ENST00000683865.1	-	COSG105158	5UTR(-)	819	4	54	3	y	ok
64	GENE=BCLAF1|GENE_NO=64|TRANSCRIPT=ENST00000531224.6|STRAND=-|COSMIC=COSG107886|REGION=5UTR(-)	BCLAF1	64	ENST00000531224.6	-	COSG107886	5UTR(-)	248	1	33	2	y	ok
65	GENE=BCOR|GENE_NO=65|TRANSCRIPT=ENST00000378444.9|STRAND=-|COSMIC=COSG64323|REGION=5UTR(-)	BCOR	65	ENST00000378444.9	-	COSG64323	5UTR(-)	784	4	36	2	y	ok
66	GENE=BCORL1|GENE_NO=66|TRANSCRIPT=ENST00000540052.6|STRAND=+|COSMIC=COSG92901|REGION=5UTR(+)	BCORL1	66	ENST00000540052.6	+	COSG92901	5UTR(+)	172	1	36	2	y	ok
67	GENE=BCR|GENE_NO=67|TRANSCRIPT=ENST00000305877.13|STRAND=+|COSMIC=COSG70269|REGION=5UTR(+)	BCR	67	ENST00000305877.13	+	COSG70269	5UTR(+)	452	2	57	3	y	ok
68	GENE=BIRC3|GENE_NO=68|TRANSCRIPT=ENST00000263464.9|STRAND=+|COSMIC=COSG64326|REGION=5UTR(+)	BIRC3	68	ENST00000263464.9	+	COSG64326	5UTR(+)	2761	5	35	2	y	ok
69	GENE=BIRC6|GENE_NO=69|TRANSCRIPT=ENST00000421745.7|STRAND=+|COSMIC=COSG78096|REGION=5UTR(+)	BIRC6	69	ENST00000421745.7	+	COSG78096	5UTR(+)	139	2	31	2	y	ok
70	GENE=BLM|GENE_NO=70|TRANSCRIPT=ENST00000355112.8|STRAND=+|COSMIC=COSG113995|REGION=5UTR(+)	BLM	70	ENST00000355112.8	+	COSG113995	5UTR(+)	99	1	36	2	y	ok
71	GENE=BMP5|GENE_NO=71|TRANSCRIPT=ENST00000370830.4|STRAND=-|COSMIC=COSG107337|REGION=5UTR(-)	BMP5	71	ENST00000370830.4	-	COSG107337	5UTR(-)	725	2	35	2	y	ok
72	GENE=BMPR1A|GENE_NO=72|TRANSCRIPT=ENST00000372037.8|STRAND=+|COSMIC=COSG95149|REGION=5UTR(+)	BMPR1A	72	ENST00000372037.8	+	COSG95149	5UTR(+)	568	2	62	3	y	ok
73	GENE=BRAF|GENE_NO=73|TRANSCRIPT=ENST00000646891.2|STRAND=-|COSMIC=COSG99109|REGION=5UTR(-)	BRAF	73	ENST00000646891.2	-	COSG99109	5UTR(-)	226	2	35	2	y	ok
74	GENE=BRCA1|GENE_NO=74|TRANSCRIPT=ENST00000357654.9|STRAND=-|COSMIC=COSG75342|REGION=5UTR(-)	BRCA1	74	ENST00000357654.9	-	COSG75342	5UTR(-)	113	1	36	2	y	ok
75	GENE=BRCA2|GENE_NO=75|TRANSCRIPT=ENST00000380152.8|STRAND=+|COSMIC=COSG68498|REGION=5UTR(+)	BRCA2	75	ENST00000380152.8	+	COSG68498	5UTR(+)	199	2	35	2	y	ok
76	GENE=BRD3|GENE_NO=76|TRANSCRIPT=ENST00000303407.12|STRAND=-|COSMIC=COSG76553|REGION=5UTR(-)	BRD3	76	ENST00000303407.12	-	COSG76553	5UTR(-)	195	1	46	3	y	ok
77	GENE=BRD4|GENE_NO=77|TRANSCRIPT=ENST00000679869.1|STRAND=-|COSMIC=COSG97085|REGION=5UTR(-)	BRD4	77	ENST00000679869.1	-	COSG97085	5UTR(-)	284	1	58	3	y	ok
78	GENE=BRIP1|GENE_NO=78|TRANSCRIPT=ENST00000259008.7|STRAND=-|COSMIC=COSG80352|REGION=5UTR(-)	BRIP1	78	ENST00000259008.7	-	COSG80352	5UTR(-)	275	1	60	3	y	ok
79	GENE=BTG1|GENE_NO=79|TRANSCRIPT=ENST00000256015.5|STRAND=-|COSMIC=COSG72977|REGION=5UTR(-)	BTG1	79	ENST00000256015.5	-	COSG72977	5UTR(-)	311	2	36	2	y	ok
80	GENE=BTG2|GENE_NO=80|TRANSCRIPT=ENST00000290551.5|STRAND=+|COSMIC=COSG94281|REGION=5UTR(+)	BTG2	80	ENST00000290551.5	+	COSG94281	5UTR(+)	88	0	0	0	n	ok
81	GENE=BTK|GENE_NO=81|TRANSCRIPT=ENST00000308731.8|STRAND=-|COSMIC=COSG96537|REGION=5UTR(-)	BTK	81	ENST00000308731.8	-	COSG96537	5UTR(-)	160	0	0	0	n	ok
82	GENE=BUB1B|GENE_NO=82|TRANSCRIPT=ENST00000287598.11|STRAND=+|COSMIC=COSG78158|REGION=5UTR(+)	BUB1B	82	ENST00000287598.11	+	COSG78158	5UTR(+)	152	1	34	2	y	ok
83	GENE=C15orf65|GENE_NO=83|TRANSCRIPT=ENST00000569691.2|STRAND=+|COSMIC=COSG63238|REGION=5UTR(+)	C15orf65	83	ENST00000569691.2	+	COSG63238	5UTR(+)	274	2	34	2	y	ok
84	GENE=CACNA1D|GENE_NO=84|TRANSCRIPT=ENST00000350061.11|STRAND=+|COSMIC=COSG88428|REGION=5UTR(+)	CACNA1D	84	ENST00000350061.11	+	COSG88428	5UTR(+)	556	2	64	3	y	ok
85	GENE=CALR|GENE_NO=85|TRANSCRIPT=ENST00000316448.10|STRAND=+|COSMIC=COSG80775|REGION=5UTR(+)	CALR	85	ENST00000316448.10	+	COSG80775	5UTR(+)	71	1	23	2	y	ok
86	GENE=CAMTA1|GENE_NO=86|TRANSCRIPT=ENST00000303635.12|STRAND=+|COSMIC=COSG61199|REGION=5UTR(+)	CAMTA1	86	ENST00000303635.12	+	COSG61199	5UTR(+)	77	1	36	2	y	ok
87	GENE=CANT1|GENE_NO=87|TRANSCRIPT=ENST00000392446.10|STRAND=-|COSMIC=COSG63866|REGION=5UTR(-)	CANT1	87	ENST00000392446.10	-	COSG63866	5UTR(-)	247	2	33	2	y	ok
88	GENE=CARD11|GENE_NO=88|TRANSCRIPT=ENST00000396946.9|STRAND=-|COSMIC=COSG91032|REGION=5UTR(-)	CARD11	88	ENST00000396946.9	-	COSG91032	5UTR(-)	326	2	60	3	y	ok
89	GENE=CARS|GENE_NO=89|TRANSCRIPT=ENST00000380525.9|STRAND=-|COSMIC=COSG73613|REGION=5UTR(-)	CARS	89	ENST00000380525.9	-	COSG73613	5UTR(-)	56	0	0	0	n	ok
90	GENE=CASP3|GENE_NO=90|TRANSCRIPT=ENST00000308394.9|STRAND=-|COSMIC=COSG65355|REGION=5UTR(-)	CASP3	90	ENST00000308394.9	-	COSG65355	5UTR(-)	235	2	33	2	y	ok
91	GENE=CASP8|GENE_NO=91|TRANSCRIPT=ENST00000673742.1|STRAND=+|COSMIC=COSG90904|REGION=5UTR(+)	CASP8	91	ENST00000673742.1	+	COSG90904	5UTR(+)	104	1	30	2	y	ok
92	GENE=CASP9|GENE_NO=92|TRANSCRIPT=ENST00000333868.10|STRAND=-|COSMIC=COSG102681|REGION=5UTR(-)	CASP9	92	ENST00000333868.10	-	COSG102681	5UTR(-)	15	0	0	0	n	ok
93	GENE=CBFA2T3|GENE_NO=93|TRANSCRIPT=ENST00000268679.9|STRAND=-|COSMIC=COSG96429|REGION=5UTR(-)	CBFA2T3	93	ENST00000268679.9	-	COSG96429	5UTR(-)	400	2	52	3	y	ok
94	GENE=CBFB|GENE_NO=94|TRANSCRIPT=ENST00000412916.7|STRAND=+|COSMIC=COSG115535|REGION=5UTR(+)	CBFB	94	ENST00000412916.7	+	COSG115535	5UTR(+)	259	1	62	3	y	ok
95	GENE=CBL|GENE_NO=95|TRANSCRIPT=ENST00000264033.6|STRAND=+|COSMIC=COSG108842|REGION=5UTR(+)	CBL	95	ENST00000264033.6	+	COSG108842	5UTR(+)	79	1	26	2	y	ok
96	GENE=CBLB|GENE_NO=96|TRANSCRIPT=ENST00000394030.8|STRAND=-|COSMIC=COSG80246|REGION=5UTR(-)	CBLB	96	ENST00000394030.8	-	COSG80246	5UTR(-)	291	2	61	3	y	ok
97	GENE=CBLC|GENE_NO=97|TRANSCRIPT=ENST00000647358.2|STRAND=+|COSMIC=COSG97247|REGION=5UTR(+)	CBLC	97	ENST00000647358.2	+	COSG97247	5UTR(+)	42	0	0	0	n	ok
98	GENE=CCDC6|GENE_NO=98|TRANSCRIPT=ENST00000263102.7|STRAND=-|COSMIC=COSG108617|REGION=5UTR(-)	CCDC6	98	ENST00000263102.7	-	COSG108617	5UTR(-)	132	1	26	2	y	ok
99	GENE=CCNB1IP1|GENE_NO=99|TRANSCRIPT=ENST00000358932.9|STRAND=-|COSMIC=COSG89118|REGION=5UTR(-)	CCNB1IP1	99	ENST00000358932.9	-	COSG89118	5UTR(-)	456	2	31	2	y	ok
100	GENE=CCNC|GENE_NO=100|TRANSCRIPT=ENST00000520429.6|STRAND=-|COSMIC=COSG78672|REGION=5UTR(-)	CCNC	100	ENST00000520429.6	-	COSG78672	5UTR(-)	133	1	36	2	y	ok
101	GENE=CCND1|GENE_NO=101|TRANSCRIPT=ENST00000227507.3|STRAND=+|COSMIC=COSG100191|REGION=5UTR(+)	CCND1	101	ENST00000227507.3	+	COSG100191	5UTR(+)	158	1	30	2	y	ok
102	GENE=CCND2|GENE_NO=102|TRANSCRIPT=ENST00000261254.8|STRAND=+|COSMIC=COSG114253|REGION=5UTR(+)	CCND2	102	ENST00000261254.8	+	COSG114253	5UTR(+)	279	3	60	3	y	ok
103	GENE=CCND3|GENE_NO=103|TRANSCRIPT=ENST00000372991.9|STRAND=-|COSMIC=COSG73334|REGION=5UTR(-)	CCND3	103	ENST00000372991.9	-	COSG73334	5UTR(-)	159	1	62	3	y	ok
104	GENE=CCNE1|GENE_NO=104|TRANSCRIPT=ENST00000262643.8|STRAND=+|COSMIC=COSG84408|REGION=5UTR(+)	CCNE1	104	ENST00000262643.8	+	COSG84408	5UTR(+)	186	2	34	2	y	ok
105	GENE=CCR4|GENE_NO=105|TRANSCRIPT=ENST00000330953.6|STRAND=+|COSMIC=COSG64803|REGION=5UTR(+)	CCR4	105	ENST00000330953.6	+	COSG64803	5UTR(+)	98	0	0	0	n	ok
106	GENE=CCR7|GENE_NO=106|TRANSCRIPT=ENST00000246657.2|STRAND=-|COSMIC=COSG64716|REGION=5UTR(-)	CCR7	106	ENST00000246657.2	-	COSG64716	5UTR(-)	63	1	30	2	y	ok
107	GENE=CD209|GENE_NO=107|TRANSCRIPT=ENST00000315599.12|STRAND=-|COSMIC=COSG61611|REGION=5UTR(-)	CD209	107	ENST00000315599.12	-	COSG61611	5UTR(-)	23	1	32	2	y	ok
108	GENE=CD274|GENE_NO=108|TRANSCRIPT=ENST00000381577.4|STRAND=+|COSMIC=COSG87130|REGION=5UTR(+)	CD274	108	ENST00000381577.4	+	COSG87130	5UTR(+)	69	0	0	0	n	ok
109	GENE=CD28|GENE_NO=109|TRANSCRIPT=ENST00000324106.9|STRAND=+|COSMIC=COSG113949|REGION=5UTR(+)	CD28	109	ENST00000324106.9	+	COSG113949	5UTR(+)	58	1	35	2	y	ok
110	GENE=CD74|GENE_NO=110|TRANSCRIPT=ENST00000009530.13|STRAND=-|COSMIC=COSG107983|REGION=5UTR(-)	CD74	110	ENST00000009530.13	-	COSG107983	5UTR(-)	161	2	33	2	y	ok
111	GENE=CD79A|GENE_NO=111|TRANSCRIPT=ENST00000221972.8|STRAND=+|COSMIC=COSG64986|REGION=5UTR(+)	CD79A	111	ENST00000221972.8	+	COSG64986	5UTR(+)	26	0	0	0	n	ok
112	GENE=CD79B|GENE_NO=112|TRANSCRIPT=ENST00000006750.8|STRAND=-|COSMIC=COSG93491|REGION=5UTR(-)	CD79B	112	ENST00000006750.8	-	COSG93491	5UTR(-)	70	1	35	2	y	ok
113	GENE=CDC73|GENE_NO=113|TRANSCRIPT=ENST00000367435.5|STRAND=+|COSMIC=COSG72057|REGION=5UTR(+)	CDC73	113	ENST00000367435.5	+	COSG72057	5UTR(+)	170	1	36	2	y	ok
114	GENE=CDH1|GENE_NO=114|TRANSCRIPT=ENST00000261769.10|STRAND=+|COSMIC=COSG106721|REGION=5UTR(+)	CDH1	114	ENST00000261769.10	+	COSG106721	5UTR(+)	124	0	0	0	n	ok
115	GENE=CDH10|GENE_NO=115|TRANSCRIPT=ENST00000264463.8|STRAND=-|COSMIC=COSG68210|REGION=5UTR(-)	CDH10	115	ENST00000264463.8	-	COSG68210	5UTR(-)	508	1	24	2	y	ok
116	GENE=CDH11|GENE_NO=116|TRANSCRIPT=ENST00000268603.9|STRAND=-|COSMIC=COSG67114|REGION=5UTR(-)	CDH11	116	ENST00000268603.9	-	COSG67114	5UTR(-)	481	3	64	3	y	ok
117	GENE=CDH17|GENE_NO=117|TRANSCRIPT=ENST00000027335.8|STRAND=-|COSMIC=COSG84364|REGION=5UTR(-)	CDH17	117	ENST00000027335.8	-	COSG84364	5UTR(-)	93	0	0	0	n	ok
118	GENE=CDK12|GENE_NO=118|TRANSCRIPT=ENST00000447079.6|STRAND=+|COSMIC=COSG101532|REGION=5UTR(+)	CDK12	118	ENST00000447079.6	+	COSG101532	5UTR(+)	586	3	76	4	y	ok
119	GENE=CDK4|GENE_NO=119|TRANSCRIPT=ENST00000257904.11|STRAND=-|COSMIC=COSG58322|REGION=5UTR(-)	CDK4	119	ENST00000257904.11	-	COSG58322	5UTR(-)	155	1	35	2	y	ok
120	GENE=CDK6|GENE_NO=120|TRANSCRIPT=ENST00000424848.3|STRAND=-|COSMIC=COSG96889|REGION=5UTR(-)	CDK6	120	ENST00000424848.3	-	COSG96889	5UTR(-)	463	3	36	2	y	ok
121	GENE=CDKN1A|GENE_NO=121|TRANSCRIPT=ENST00000244741.10|STRAND=+|COSMIC=COSG75563|REGION=5UTR(+)	CDKN1A	121	ENST00000244741.10	+	COSG75563	5UTR(+)	90	1	36	2	y	ok
122	GENE=CDKN1B|GENE_NO=122|TRANSCRIPT=ENST00000228872.9|STRAND=+|COSMIC=COSG61632|REGION=5UTR(+)	CDKN1B	122	ENST00000228872.9	+	COSG61632	5UTR(+)	472	4	60	3	y	ok
123	GENE=CDKN2A|GENE_NO=123|TRANSCRIPT=ENST00000304494.10|STRAND=-|COSMIC=COSG84244|REGION=5UTR(-)	CDKN2A	123	ENST00000304494.10	-	COSG84244	5UTR(-)	30	1	35	2	y	ok
124	GENE=CDKN2C|GENE_NO=124|TRANSCRIPT=ENST00000371761.4|STRAND=+|COSMIC=COSG85136|REGION=5UTR(+)	CDKN2C	124	ENST00000371761.4	+	COSG85136	5UTR(+)	124	1	34	2	y	ok
125	GENE=CDX2|GENE_NO=125|TRANSCRIPT=ENST00000381020.8|STRAND=-|COSMIC=COSG61853|REGION=5UTR(-)	CDX2	125	ENST00000381020.8	-	COSG61853	5UTR(-)	309	2	56	3	y	ok
126	GENE=CEBPA|GENE_NO=126|TRANSCRIPT=ENST00000498907.3|STRAND=-|COSMIC=COSG97270|REGION=5UTR(-)	CEBPA	126	ENST00000498907.3	-	COSG97270	5UTR(-)	120	1	62	3	y	ok
127	GENE=CEP89|GENE_NO=127|TRANSCRIPT=ENST00000305768.10|STRAND=-|COSMIC=COSG106418|REGION=5UTR(-)	CEP89	127	ENST00000305768.10	-	COSG106418	5UTR(-)	84	1	35	2	y	ok
128	GENE=CHCHD7|GENE_NO=128|TRANSCRIPT=ENST00000355315.8|STRAND=+|COSMIC=COSG94968|REGION=5UTR(+)	CHCHD7	128	ENST00000355315.8	+	COSG94968	5UTR(+)	65	1	36	2	y	ok
129	GENE=CHD2|GENE_NO=129|TRANSCRIPT=ENST00000394196.9|STRAND=+|COSMIC=COSG83485|REGION=5UTR(+)	CHD2	129	ENST00000394196.9	+	COSG83485	5UTR(+)	572	3	34	2	y	ok
130	GENE=CHD4|GENE_NO=130|TRANSCRIPT=ENST00000544040.7|STRAND=-|COSMIC=COSG85372|REGION=5UTR(-)	CHD4	130	ENST00000544040.7	-	COSG85372	5UTR(-)	158	1	36	2	y	ok
131	GENE=CHEK2|GENE_NO=131|TRANSCRIPT=ENST00000404276.6|STRAND=-|COSMIC=COSG85276|REGION=5UTR(-)	CHEK2	131	ENST00000404276.6	-	COSG85276	5UTR(-)	58	1	35	2	y	ok
132	GENE=CHIC2|GENE_NO=132|TRANSCRIPT=ENST00000263921.8|STRAND=-|COSMIC=COSG59473|REGION=5UTR(-)	CHIC2	132	ENST00000263921.8	-	COSG59473	5UTR(-)	305	3	36	2	y	ok
133	GENE=CHST11|GENE_NO=133|TRANSCRIPT=ENST00000303694.6|STRAND=+|COSMIC=COSG107468|REGION=5UTR(+)	CHST11	133	ENST00000303694.6	+	COSG107468	5UTR(+)	464	4	36	2	y	ok
134	GENE=CIC|GENE_NO=134|TRANSCRIPT=ENST00000681038.1|STRAND=+|COSMIC=COSG71296|REGION=5UTR(+)	CIC	134	ENST00000681038.1	+	COSG71296	5UTR(+)	140	1	63	3	y	ok
135	GENE=CIITA|GENE_NO=135|TRANSCRIPT=ENST00000324288.14|STRAND=+|COSMIC=COSG86391|REGION=5UTR(+)	CIITA	135	ENST00000324288.14	+	COSG86391	5UTR(+)	129	1	61	3	y	ok
136	GENE=CLIP1|GENE_NO=136|TRANSCRIPT=ENST00000620786.5|STRAND=-|COSMIC=COSG89876|REGION=5UTR(-)	CLIP1	136	ENST00000620786.5	-	COSG89876	5UTR(-)	255	3	36	2	y	ok
137	GENE=CLP1|GENE_NO=137|TRANSCRIPT=ENST00000533682.2|STRAND=+|COSMIC=COSG71400|REGION=5UTR(+)	CLP1	137	ENST00000533682.2	+	COSG71400	5UTR(+)	121	1	26	2	y	ok
138	GENE=CLTC|GENE_NO=138|TRANSCRIPT=ENST00000269122.8|STRAND=+|COSMIC=COSG66844|REGION=5UTR(+)	CLTC	138	ENST00000269122.8	+	COSG66844	5UTR(+)	237	2	31	2	y	ok
139	GENE=CLTCL1|GENE_NO=139|TRANSCRIPT=ENST00000427926.6|STRAND=-|COSMIC=COSG84449|REGION=5UTR(-)	CLTCL1	139	ENST00000427926.6	-	COSG84449	5UTR(-)	78	1	27	2	y	ok
140	GENE=CNBD1|GENE_NO=140|TRANSCRIPT=ENST00000518476.6|STRAND=+|COSMIC=COSG111140|REGION=5UTR(+)	CNBD1	140	ENST00000518476.6	+	COSG111140	5UTR(+)	81	0	0	0	n	ok
141	GENE=CNBP|GENE_NO=141|TRANSCRIPT=ENST00000422453.7|STRAND=-|COSMIC=COSG98835|REGION=5UTR(-)	CNBP	141	ENST00000422453.7	-	COSG98835	5UTR(-)	135	0	0	0	n	ok
142	GENE=CNOT3|GENE_NO=142|TRANSCRIPT=ENST00000221232.11|STRAND=+|COSMIC=COSG61227|REGION=5UTR(+)	CNOT3	142	ENST00000221232.11	+	COSG61227	5UTR(+)	282	2	33	2	y	ok
143	GENE=CNTNAP2|GENE_NO=143|TRANSCRIPT=ENST00000361727.8|STRAND=+|COSMIC=COSG62503|REGION=5UTR(+)	CNTNAP2	143	ENST00000361727.8	+	COSG62503	5UTR(+)	76	1	34	2	y	ok
144	GENE=CNTRL|GENE_NO=144|TRANSCRIPT=ENST00000373855.7|STRAND=+|COSMIC=COSG105745|REGION=5UTR(+)	CNTRL	144	ENST00000373855.7	+	COSG105745	5UTR(+)	317	2	34	2	y	ok
145	GENE=COL1A1|GENE_NO=145|TRANSCRIPT=ENST00000225964.10|STRAND=-|COSMIC=COSG58498|REGION=5UTR(-)	COL1A1	145	ENST00000225964.10	-	COSG58498	5UTR(-)	118	1	35	2	y	ok
146	GENE=COL2A1|GENE_NO=146|TRANSCRIPT=ENST00000380518.8|STRAND=-|COSMIC=COSG77932|REGION=5UTR(-)	COL2A1	146	ENST00000380518.8	-	COSG77932	5UTR(-)	155	2	33	2	y	ok
147	GENE=COL3A1|GENE_NO=147|TRANSCRIPT=ENST00000304636.9|STRAND=+|COSMIC=COSG86912|REGION=5UTR(+)	COL3A1	147	ENST00000304636.9	+	COSG86912	5UTR(+)	117	1	34	2	y	ok
148	GENE=COX6C|GENE_NO=148|TRANSCRIPT=ENST00000520468.7|STRAND=-|COSMIC=COSG66350|REGION=5UTR(-)	COX6C	148	ENST00000520468.7	-	COSG66350	5UTR(-)	100	1	33	2	y	ok
149	GENE=CPEB3|GENE_NO=149|TRANSCRIPT=ENST00000265997.5|STRAND=-|COSMIC=COSG87217|REGION=5UTR(-)	CPEB3	149	ENST00000265997.5	-	COSG87217	5UTR(-)	164	1	32	2	y	ok
150	GENE=CREB1|GENE_NO=150|TRANSCRIPT=ENST00000353267.8|STRAND=+|COSMIC=COSG102379|REGION=5UTR(+)	CREB1	150	ENST00000353267.8	+	COSG102379	5UTR(+)	181	1	36	2	y	ok
151	GENE=CREB3L1|GENE_NO=151|TRANSCRIPT=ENST00000621158.5|STRAND=+|COSMIC=COSG64988|REGION=5UTR(+)	CREB3L1	151	ENST00000621158.5	+	COSG64988	5UTR(+)	450	3	36	2	y	ok
152	GENE=CREB3L2|GENE_NO=152|TRANSCRIPT=ENST00000330387.11|STRAND=-|COSMIC=COSG70393|REGION=5UTR(-)	CREB3L2	152	ENST00000330387.11	-	COSG70393	5UTR(-)	381	2	62	3	y	ok
153	GENE=CREBBP|GENE_NO=153|TRANSCRIPT=ENST00000262367.10|STRAND=-|COSMIC=COSG105038|REGION=5UTR(-)	CREBBP	153	ENST00000262367.10	-	COSG105038	5UTR(-)	797				timeout	timeout
154	GENE=CRLF2|GENE_NO=154|TRANSCRIPT=ENST00000400841.8|STRAND=-|COSMIC=COSG87150|REGION=5UTR(-)	CRLF2	154	ENST00000400841.8	-	COSG87150	5UTR(-)	15	0	0	0	n	ok
155	GENE=CRNKL1|GENE_NO=155|TRANSCRIPT=ENST00000536226.2|STRAND=-|COSMIC=COSG82052|REGION=5UTR(-)	CRNKL1	155	ENST00000536226.2	-	COSG82052	5UTR(-)	124	1	30	2	y	ok
156	GENE=CRTC1|GENE_NO=156|TRANSCRIPT=ENST00000321949.13|STRAND=+|COSMIC=COSG85402|REGION=5UTR(+)	CRTC1	156	ENST00000321949.13	+	COSG85402	5UTR(+)	23	1	36	2	y	ok
157	GENE=CRTC3|GENE_NO=157|TRANSCRIPT=ENST00000268184.11|STRAND=+|COSMIC=COSG71600|REGION=5UTR(+)	CRTC3	157	ENST00000268184.11	+	COSG71600	5UTR(+)	149	1	36	2	y	ok
158	GENE=CSF1R|GENE_NO=158|TRANSCRIPT=ENST00000675795.1|STRAND=-|COSMIC=COSG99554|REGION=5UTR(-)	CSF1R	158	ENST00000675795.1	-	COSG99554	5UTR(-)	127	0	0	0	n	ok
159	GENE=CSF3R|GENE_NO=159|TRANSCRIPT=ENST00000373106.6|STRAND=-|COSMIC=COSG99846|REGION=5UTR(-)	CSF3R	159	ENST00000373106.6	-	COSG99846	5UTR(-)	183	1	36	2	y	ok
160	GENE=CSMD3|GENE_NO=160|TRANSCRIPT=ENST00000297405.10|STRAND=-|COSMIC=COSG81894|REGION=5UTR(-)	CSMD3	160	ENST00000297405.10	-	COSG81894	5UTR(-)	85	1	35	2	y	ok
161	GENE=CTCF|GENE_NO=161|TRANSCRIPT=ENST00000264010.10|STRAND=+|COSMIC=COSG77622|REGION=5UTR(+)	CTCF	161	ENST00000264010.10	+	COSG77622	5UTR(+)	325	3	36	2	y	ok
162	GENE=CTNNA1|GENE_NO=162|TRANSCRIPT=ENST00000302763.12|STRAND=+|COSMIC=COSG89685|REGION=5UTR(+)	CTNNA1	162	ENST00000302763.12	+	COSG89685	5UTR(+)	88	1	20	2	y	ok
163	GENE=CTNNA2|GENE_NO=163|TRANSCRIPT=ENST00000402739.9|STRAND=+|COSMIC=COSG58363|REGION=5UTR(+)	CTNNA2	163	ENST00000402739.9	+	COSG58363	5UTR(+)	162	2	32	2	y	ok
164	GENE=CTNNB1|GENE_NO=164|TRANSCRIPT=ENST00000349496.11|STRAND=+|COSMIC=COSG100985|REGION=5UTR(+)	CTNNB1	164	ENST00000349496.11	+	COSG100985	5UTR(+)	214	2	36	2	y	ok
165	GENE=CTNND1|GENE_NO=165|TRANSCRIPT=ENST00000399050.10|STRAND=+|COSMIC=COSG61803|REGION=5UTR(+)	CTNND1	165	ENST00000399050.10	+	COSG61803	5UTR(+)	531	2	34	2	y	ok
166	GENE=CTNND2|GENE_NO=166|TRANSCRIPT=ENST00000304623.13|STRAND=-|COSMIC=COSG98798|REGION=5UTR(-)	CTNND2	166	ENST00000304623.13	-	COSG98798	5UTR(-)	593	2	60	3	y	ok
167	GENE=CUL3|GENE_NO=167|TRANSCRIPT=ENST00000264414.9|STRAND=-|COSMIC=COSG110820|REGION=5UTR(-)	CUL3	167	ENST00000264414.9	-	COSG110820	5UTR(-)	354	3	35	2	y	ok
168	GENE=CUX1|GENE_NO=168|TRANSCRIPT=ENST00000292535.12|STRAND=+|COSMIC=COSG83270|REGION=5UTR(+)	CUX1	168	ENST00000292535.12	+	COSG83270	5UTR(+)	14	0	0	0	n	ok
169	GENE=CXCR4|GENE_NO=169|TRANSCRIPT=ENST00000241393.4|STRAND=-|COSMIC=COSG106895|REGION=5UTR(-)	CXCR4	169	ENST00000241393.4	-	COSG106895	5UTR(-)	89	1	27	2	y	ok
170	GENE=CYLD|GENE_NO=170|TRANSCRIPT=ENST00000427738.8|STRAND=+|COSMIC=COSG70548|REGION=5UTR(+)	CYLD	170	ENST00000427738.8	+	COSG70548	5UTR(+)	242	1	35	2	y	ok
171	GENE=CYP2C8|GENE_NO=171|TRANSCRIPT=ENST00000371270.6|STRAND=-|COSMIC=COSG86945|REGION=5UTR(-)	CYP2C8	171	ENST00000371270.6	-	COSG86945	5UTR(-)	95	0	0	0	n	ok
172	GENE=CYSLTR2|GENE_NO=172|TRANSCRIPT=ENST00000682523.1|STRAND=+|COSMIC=COSG61204|REGION=5UTR(+)	CYSLTR2	172	ENST00000682523.1	+	COSG61204	5UTR(+)	354	3	34	2	y	ok
173	GENE=DAXX|GENE_NO=173|TRANSCRIPT=ENST00000374542.10|STRAND=-|COSMIC=COSG105937|REGION=5UTR(-)	DAXX	173	ENST00000374542.10	-	COSG105937	5UTR(-)	150	1	58	3	y	ok
174	GENE=DCAF12L2|GENE_NO=174|TRANSCRIPT=ENST00000360028.4|STRAND=-|COSMIC=COSG81265|REGION=5UTR(-)	DCAF12L2	174	ENST00000360028.4	-	COSG81265	5UTR(-)	365	1	29	2	y	ok
175	GENE=DCC|GENE_NO=175|TRANSCRIPT=ENST00000442544.7|STRAND=+|COSMIC=COSG87705|REGION=5UTR(+)	DCC	175	ENST00000442544.7	+	COSG87705	5UTR(+)	591	3	36	2	y	ok
176	GENE=DCTN1|GENE_NO=176|TRANSCRIPT=ENST00000628224.3|STRAND=-|COSMIC=COSG63863|REGION=5UTR(-)	DCTN1	176	ENST00000628224.3	-	COSG63863	5UTR(-)	274	3	36	2	y	ok
177	GENE=DDB2|GENE_NO=177|TRANSCRIPT=ENST00000256996.9|STRAND=+|COSMIC=COSG102518|REGION=5UTR(+)	DDB2	177	ENST00000256996.9	+	COSG102518	5UTR(+)	163	1	35	2	y	ok
178	GENE=DDIT3|GENE_NO=178|TRANSCRIPT=ENST00000346473.8|STRAND=-|COSMIC=COSG112333|REGION=5UTR(-)	DDIT3	178	ENST00000346473.8	-	COSG112333	5UTR(-)	177	1	20	2	y	ok
179	GENE=DDR2|GENE_NO=179|TRANSCRIPT=ENST00000367921.8|STRAND=+|COSMIC=COSG97097|REGION=5UTR(+)	DDR2	179	ENST00000367921.8	+	COSG97097	5UTR(+)	359	2	30	2	y	ok
180	GENE=DDX10|GENE_NO=180|TRANSCRIPT=ENST00000322536.8|STRAND=+|COSMIC=COSG72683|REGION=5UTR(+)	DDX10	180	ENST00000322536.8	+	COSG72683	5UTR(+)	85	1	31	2	y	ok
181	GENE=DDX3X|GENE_NO=181|TRANSCRIPT=ENST00000644876.2|STRAND=+|COSMIC=COSG92927|REGION=5UTR(+)	DDX3X	181	ENST00000644876.2	+	COSG92927	5UTR(+)	91	1	22	2	y	ok
182	GENE=DDX5|GENE_NO=182|TRANSCRIPT=ENST00000225792.10|STRAND=-|COSMIC=COSG107505|REGION=5UTR(-)	DDX5	182	ENST00000225792.10	-	COSG107505	5UTR(-)	170	1	24	2	y	ok
183	GENE=DDX6|GENE_NO=183|TRANSCRIPT=ENST00000534980.7|STRAND=-|COSMIC=COSG88326|REGION=5UTR(-)	DDX6	183	ENST00000534980.7	-	COSG88326	5UTR(-)	334	1	33	2	y	ok
184	GENE=DEK|GENE_NO=184|TRANSCRIPT=ENST00000652689.1|STRAND=-|COSMIC=COSG88864|REGION=5UTR(-)	DEK	184	ENST00000652689.1	-	COSG88864	5UTR(-)	155	2	29	2	y	ok
185	GENE=DGCR8|GENE_NO=185|TRANSCRIPT=ENST00000351989.8|STRAND=+|COSMIC=COSG115698|REGION=5UTR(+)	DGCR8	185	ENST00000351989.8	+	COSG115698	5UTR(+)	420	2	36	2	y	ok
186	GENE=DICER1|GENE_NO=186|TRANSCRIPT=ENST00000343455.8|STRAND=-|COSMIC=COSG73310|REGION=5UTR(-)	DICER1	186	ENST00000343455.8	-	COSG73310	5UTR(-)	345	1	61	3	y	ok
187	GENE=DNAJB1|GENE_NO=187|TRANSCRIPT=ENST00000254322.3|STRAND=-|COSMIC=COSG101410|REGION=5UTR(-)	DNAJB1	187	ENST00000254322.3	-	COSG101410	5UTR(-)	48	1	60	3	y	ok
188	GENE=DNM2|GENE_NO=188|TRANSCRIPT=ENST00000389253.9|STRAND=+|COSMIC=COSG110939|REGION=5UTR(+)	DNM2	188	ENST00000389253.9	+	COSG110939	5UTR(+)	164	1	62	3	y	ok
189	GENE=DNMT3A|GENE_NO=189|TRANSCRIPT=ENST00000321117.10|STRAND=-|COSMIC=COSG110899|REGION=5UTR(-)	DNMT3A	189	ENST00000321117.10	-	COSG110899	5UTR(-)	277	1	36	2	y	ok
190	GENE=DROSHA|GENE_NO=190|TRANSCRIPT=ENST00000344624.8|STRAND=-|COSMIC=COSG93909|REGION=5UTR(-)	DROSHA	190	ENST00000344624.8	-	COSG93909	5UTR(-)	353	2	34	2	y	ok
191	GENE=EBF1|GENE_NO=191|TRANSCRIPT=ENST00000313708.11|STRAND=-|COSMIC=COSG87583|REGION=5UTR(-)	EBF1	191	ENST00000313708.11	-	COSG87583	5UTR(-)	438	1	24	2	y	ok
192	GENE=ECT2L|GENE_NO=192|TRANSCRIPT=ENST00000541398.7|STRAND=+|COSMIC=COSG112583|REGION=5UTR(+)	ECT2L	192	ENST00000541398.7	+	COSG112583	5UTR(+)	349	2	27	2	y	ok
193	GENE=EED|GENE_NO=193|TRANSCRIPT=ENST00000263360.11|STRAND=+|COSMIC=COSG72252|REGION=5UTR(+)	EED	193	ENST00000263360.11	+	COSG72252	5UTR(+)	477	2	62	3	y	ok
194	GENE=EGFR|GENE_NO=194|TRANSCRIPT=ENST00000275493.7|STRAND=+|COSMIC=COSG73399|REGION=5UTR(+)	EGFR	194	ENST00000275493.7	+	COSG73399	5UTR(+)	261	2	34	2	y	ok
195	GENE=EIF1AX|GENE_NO=195|TRANSCRIPT=ENST00000379607.10|STRAND=-|COSMIC=COSG111079|REGION=5UTR(-)	EIF1AX	195	ENST00000379607.10	-	COSG111079	5UTR(-)	198	1	27	2	y	ok
196	GENE=EIF3E|GENE_NO=196|TRANSCRIPT=ENST00000220849.10|STRAND=-|COSMIC=COSG72882|REGION=5UTR(-)	EIF3E	196	ENST00000220849.10	-	COSG72882	5UTR(-)	15	0	0	0	n	ok
197	GENE=EIF4A2|GENE_NO=197|TRANSCRIPT=ENST00000323963.10|STRAND=+|COSMIC=COSG63203|REGION=5UTR(+)	EIF4A2	197	ENST00000323963.10	+	COSG63203	5UTR(+)	34	0	0	0	n	ok
198	GENE=ELF3|GENE_NO=198|TRANSCRIPT=ENST00000367284.10|STRAND=+|COSMIC=COSG85943|REGION=5UTR(+)	ELF3	198	ENST00000367284.10	+	COSG85943	5UTR(+)	128	1	30	2	y	ok
199	GENE=ELF4|GENE_NO=199|TRANSCRIPT=ENST00000308167.10|STRAND=-|COSMIC=COSG89309|REGION=5UTR(-)	ELF4	199	ENST00000308167.10	-	COSG89309	5UTR(-)	382	2	62	3	y	ok
200	GENE=ELK4|GENE_NO=200|TRANSCRIPT=ENST00000357992.9|STRAND=-|COSMIC=COSG106299|REGION=5UTR(-)	ELK4	200	ENST00000357992.9	-	COSG106299	5UTR(-)	389	3	64	3	y	ok
201	GENE=ELL|GENE_NO=201|TRANSCRIPT=ENST00000262809.9|STRAND=-|COSMIC=COSG79844|REGION=5UTR(-)	ELL	201	ENST00000262809.9	-	COSG79844	5UTR(-)	15	0	0	0	n	ok
202	GENE=ELN|GENE_NO=202|TRANSCRIPT=ENST00000252034.12|STRAND=+|COSMIC=COSG68285|REGION=5UTR(+)	ELN	202	ENST00000252034.12	+	COSG68285	5UTR(+)	15	0	0	0	n	ok
203	GENE=EML4|GENE_NO=203|TRANSCRIPT=ENST00000318522.10|STRAND=+|COSMIC=COSG113468|REGION=5UTR(+)	EML4	203	ENST00000318522.10	+	COSG113468	5UTR(+)	259	1	36	2	y	ok
204	GENE=EP300|GENE_NO=204|TRANSCRIPT=ENST00000263253.9|STRAND=+|COSMIC=COSG106033|REGION=5UTR(+)	EP300	204	ENST00000263253.9	+	COSG106033	5UTR(+)	413	3	58	3	y	ok
205	GENE=EPAS1|GENE_NO=205|TRANSCRIPT=ENST00000263734.5|STRAND=+|COSMIC=COSG87984|REGION=5UTR(+)	EPAS1	205	ENST00000263734.5	+	COSG87984	5UTR(+)	505	3	36	2	y	ok
206	GENE=EPHA3|GENE_NO=206|TRANSCRIPT=ENST00000336596.7|STRAND=+|COSMIC=COSG75387|REGION=5UTR(+)	EPHA3	206	ENST00000336596.7	+	COSG75387	5UTR(+)	128	0	0	0	n	ok
207	GENE=EPHA7|GENE_NO=207|TRANSCRIPT=ENST00000369303.9|STRAND=-|COSMIC=COSG72926|REGION=5UTR(-)	EPHA7	207	ENST00000369303.9	-	COSG72926	5UTR(-)	218	1	35	2	y	ok
208	GENE=EPS15|GENE_NO=208|TRANSCRIPT=ENST00000371733.8|STRAND=-|COSMIC=COSG98494|REGION=5UTR(-)	EPS15	208	ENST00000371733.8	-	COSG98494	5UTR(-)	35	0	0	0	n	ok
209	GENE=ERBB2|GENE_NO=209|TRANSCRIPT=ENST00000269571.10|STRAND=+|COSMIC=COSG89395|REGION=5UTR(+)	ERBB2	209	ENST00000269571.10	+	COSG89395	5UTR(+)	175	2	34	2	y	ok
210	GENE=ERBB3|GENE_NO=210|TRANSCRIPT=ENST00000267101.8|STRAND=+|COSMIC=COSG83414|REGION=5UTR(+)	ERBB3	210	ENST00000267101.8	+	COSG83414	5UTR(+)	136	1	35	2	y	ok
211	GENE=ERBB4|GENE_NO=211|TRANSCRIPT=ENST00000342788.9|STRAND=-|COSMIC=COSG86121|REGION=5UTR(-)	ERBB4	211	ENST00000342788.9	-	COSG86121	5UTR(-)	272	2	34	2	y	ok
212	GENE=ERC1|GENE_NO=212|TRANSCRIPT=ENST00000360905.9|STRAND=+|COSMIC=COSG81477|REGION=5UTR(+)	ERC1	212	ENST00000360905.9	+	COSG81477	5UTR(+)	256	1	36	2	y	ok
213	GENE=ERCC2|GENE_NO=213|TRANSCRIPT=ENST00000391945.10|STRAND=-|COSMIC=COSG97421|REGION=5UTR(-)	ERCC2	213	ENST00000391945.10	-	COSG97421	5UTR(-)	33	0	0	0	n	ok
214	GENE=ERCC3|GENE_NO=214|TRANSCRIPT=ENST00000285398.7|STRAND=-|COSMIC=COSG106100|REGION=5UTR(-)	ERCC3	214	ENST00000285398.7	-	COSG106100	5UTR(-)	63	1	34	2	y	ok
215	GENE=ERCC4|GENE_NO=215|TRANSCRIPT=ENST00000311895.8|STRAND=+|COSMIC=COSG61416|REGION=5UTR(+)	ERCC4	215	ENST00000311895.8	+	COSG61416	5UTR(+)	12	0	0	0	n	ok
216	GENE=ERCC5|GENE_NO=216|TRANSCRIPT=ENST00000652225.2|STRAND=+|COSMIC=COSG85514|REGION=5UTR(+)	ERCC5	216	ENST00000652225.2	+	COSG85514	5UTR(+)	235	1	35	2	y	ok
217	GENE=ERG|GENE_NO=217|TRANSCRIPT=ENST00000288319.12|STRAND=-|COSMIC=COSG60964|REGION=5UTR(-)	ERG	217	ENST00000288319.12	-	COSG60964	5UTR(-)	97	0	0	0	n	ok
218	GENE=ESR1|GENE_NO=218|TRANSCRIPT=ENST00000206249.8|STRAND=+|COSMIC=COSG61326|REGION=5UTR(+)	ESR1	218	ENST00000206249.8	+	COSG61326	5UTR(+)	231	2	53	3	y	ok
219	GENE=ETNK1|GENE_NO=219|TRANSCRIPT=ENST00000266517.9|STRAND=+|COSMIC=COSG90071|REGION=5UTR(+)	ETNK1	219	ENST00000266517.9	+	COSG90071	5UTR(+)	260	2	33	2	y	ok
220	GENE=ETV1|GENE_NO=220|TRANSCRIPT=ENST00000430479.6|STRAND=-|COSMIC=COSG94966|REGION=5UTR(-)	ETV1	220	ENST00000430479.6	-	COSG94966	5UTR(-)	388	2	34	2	y	ok
221	GENE=ETV4|GENE_NO=221|TRANSCRIPT=ENST00000319349.10|STRAND=-|COSMIC=COSG95406|REGION=5UTR(-)	ETV4	221	ENST00000319349.10	-	COSG95406	5UTR(-)	207	1	36	2	y	ok
222	GENE=ETV5|GENE_NO=222|TRANSCRIPT=ENST00000306376.10|STRAND=-|COSMIC=COSG94466|REGION=5UTR(-)	ETV5	222	ENST00000306376.10	-	COSG94466	5UTR(-)	224	2	35	2	y	ok
223	GENE=ETV6|GENE_NO=223|TRANSCRIPT=ENST00000396373.9|STRAND=+|COSMIC=COSG88065|REGION=5UTR(+)	ETV6	223	ENST00000396373.9	+	COSG88065	5UTR(+)	454	2	63	3	y	ok
224	GENE=EWSR1|GENE_NO=224|TRANSCRIPT=ENST00000397938.7|STRAND=+|COSMIC=COSG80325|REGION=5UTR(+)	EWSR1	224	ENST00000397938.7	+	COSG80325	5UTR(+)	69	1	33	2	y	ok
225	GENE=EXT1|GENE_NO=225|TRANSCRIPT=ENST00000378204.7|STRAND=-|COSMIC=COSG91391|REGION=5UTR(-)	EXT1	225	ENST00000378204.7	-	COSG91391	5UTR(-)	780	4	35	2	y	ok
226	GENE=EXT2|GENE_NO=226|TRANSCRIPT=ENST00000533608.7|STRAND=+|COSMIC=COSG109806|REGION=5UTR(+)	EXT2	226	ENST00000533608.7	+	COSG109806	5UTR(+)	205	2	36	2	y	ok
227	GENE=EZH2|GENE_NO=227|TRANSCRIPT=ENST00000320356.7|STRAND=-|COSMIC=COSG109206|REGION=5UTR(-)	EZH2	227	ENST00000320356.7	-	COSG109206	5UTR(-)	135	1	36	2	y	ok
228	GENE=EZR|GENE_NO=228|TRANSCRIPT=ENST00000367075.4|STRAND=-|COSMIC=COSG78273|REGION=5UTR(-)	EZR	228	ENST00000367075.4	-	COSG78273	5UTR(-)	125	1	49	3	y	ok
229	GENE=FADD|GENE_NO=229|TRANSCRIPT=ENST00000301838.5|STRAND=+|COSMIC=COSG88220|REGION=5UTR(+)	FADD	229	ENST00000301838.5	+	COSG88220	5UTR(+)	164	1	52	3	y	ok
230	GENE=FAM131B|GENE_NO=230|TRANSCRIPT=ENST00000443739.7|STRAND=-|COSMIC=COSG98719|REGION=5UTR(-)	FAM131B	230	ENST00000443739.7	-	COSG98719	5UTR(-)	110	1	36	2	y	ok
231	GENE=FAM135B|GENE_NO=231|TRANSCRIPT=ENST00000395297.6|STRAND=-|COSMIC=COSG92822|REGION=5UTR(-)	FAM135B	231	ENST00000395297.6	-	COSG92822	5UTR(-)	610	3	54	3	y	ok
232	GENE=FAM47C|GENE_NO=232|TRANSCRIPT=ENST00000358047.5|STRAND=+|COSMIC=COSG61751|REGION=5UTR(+)	FAM47C	232	ENST00000358047.5	+	COSG61751	5UTR(+)	45	1	35	2	y	ok
233	GENE=FANCA|GENE_NO=233|TRANSCRIPT=ENST00000389301.8|STRAND=-|COSMIC=COSG82650|REGION=5UTR(-)	FANCA	233	ENST00000389301.8	-	COSG82650	5UTR(-)	32	1	32	2	y	ok
234	GENE=FANCC|GENE_NO=234|TRANSCRIPT=ENST00000289081.8|STRAND=-|COSMIC=COSG73016|REGION=5UTR(-)	FANCC	234	ENST00000289081.8	-	COSG73016	5UTR(-)	262	1	17	2	y	ok
235	GENE=FANCD2|GENE_NO=235|TRANSCRIPT=ENST00000675286.1|STRAND=+|COSMIC=COSG111784|REGION=5UTR(+)	FANCD2	235	ENST00000675286.1	+	COSG111784	5UTR(+)	70	1	33	2	y	ok
236	GENE=FANCE|GENE_NO=236|TRANSCRIPT=ENST00000229769.3|STRAND=+|COSMIC=COSG112045|REGION=5UTR(+)	FANCE	236	ENST00000229769.3	+	COSG112045	5UTR(+)	208	2	36	2	y	ok
237	GENE=FANCF|GENE_NO=237|TRANSCRIPT=ENST00000327470.6|STRAND=-|COSMIC=COSG111782|REGION=5UTR(-)	FANCF	237	ENST00000327470.6	-	COSG111782	5UTR(-)	13	0	0	0	n	ok
238	GENE=FANCG|GENE_NO=238|TRANSCRIPT=ENST00000378643.8|STRAND=-|COSMIC=COSG78051|REGION=5UTR(-)	FANCG	238	ENST00000378643.8	-	COSG78051	5UTR(-)	418	2	58	3	y	ok
239	GENE=FANCI|GENE_NO=239|TRANSCRIPT=ENST00000310775.12|STRAND=+|COSMIC=COSG110279|REGION=5UTR(+)	FANCI	239	ENST00000310775.12	+	COSG110279	5UTR(+)	74	1	36	2	y	ok
240	GENE=FANCM|GENE_NO=240|TRANSCRIPT=ENST00000267430.10|STRAND=+|COSMIC=COSG61011|REGION=5UTR(+)	FANCM	240	ENST00000267430.10	+	COSG61011	5UTR(+)	102	1	33	2	y	ok
241	GENE=FAS|GENE_NO=241|TRANSCRIPT=ENST00000652046.1|STRAND=+|COSMIC=COSG73953|REGION=5UTR(+)	FAS	241	ENST00000652046.1	+	COSG73953	5UTR(+)	79	1	31	2	y	ok
242	GENE=FAT1|GENE_NO=242|TRANSCRIPT=ENST00000441802.7|STRAND=-|COSMIC=COSG73476|REGION=5UTR(-)	FAT1	242	ENST00000441802.7	-	COSG73476	5UTR(-)	211	1	63	3	y	ok
243	GENE=FAT3|GENE_NO=243|TRANSCRIPT=ENST00000525166.6|STRAND=+|COSMIC=COSG114528|REGION=5UTR(+)	FAT3	243	ENST00000525166.6	+	COSG114528	5UTR(+)	374	2	36	2	y	ok
244	GENE=FAT4|GENE_NO=244|TRANSCRIPT=ENST00000394329.9|STRAND=+|COSMIC=COSG107228|REGION=5UTR(+)	FAT4	244	ENST00000394329.9	+	COSG107228	5UTR(+)	1035	4	62	3	y	ok
245	GENE=FBLN2|GENE_NO=245|TRANSCRIPT=ENST00000404922.8|STRAND=+|COSMIC=COSG115621|REGION=5UTR(+)	FBLN2	245	ENST00000404922.8	+	COSG115621	5UTR(+)	125	1	36	2	y	ok
246	GENE=FBXO11|GENE_NO=246|TRANSCRIPT=ENST00000403359.8|STRAND=-|COSMIC=COSG86840|REGION=5UTR(-)	FBXO11	246	ENST00000403359.8	-	COSG86840	5UTR(-)	778	6	60	3	y	ok
247	GENE=FBXW7|GENE_NO=247|TRANSCRIPT=ENST00000281708.10|STRAND=-|COSMIC=COSG70576|REGION=5UTR(-)	FBXW7	247	ENST00000281708.10	-	COSG70576	5UTR(-)	1178	6	64	3	y	ok
248	GENE=FCGR2B|GENE_NO=248|TRANSCRIPT=ENST00000358671.10|STRAND=+|COSMIC=COSG76068|REGION=5UTR(+)	FCGR2B	248	ENST00000358671.10	+	COSG76068	5UTR(+)	99	0	0	0	n	ok
249	GENE=FCRL4|GENE_NO=249|TRANSCRIPT=ENST00000271532.2|STRAND=-|COSMIC=COSG68560|REGION=5UTR(-)	FCRL4	249	ENST00000271532.2	-	COSG68560	5UTR(-)	141	1	32	2	y	ok
250	GENE=FEN1|GENE_NO=250|TRANSCRIPT=ENST00000305885.3|STRAND=+|COSMIC=COSG72232|REGION=5UTR(+)	FEN1	250	ENST00000305885.3	+	COSG72232	5UTR(+)	139	1	28	2	y	ok
251	GENE=FES|GENE_NO=251|TRANSCRIPT=ENST00000328850.8|STRAND=+|COSMIC=COSG94613|REGION=5UTR(+)	FES	251	ENST00000328850.8	+	COSG94613	5UTR(+)	50	1	29	2	y	ok
252	GENE=FEV|GENE_NO=252|TRANSCRIPT=ENST00000295727.2|STRAND=-|COSMIC=COSG106712|REGION=5UTR(-)	FEV	252	ENST00000295727.2	-	COSG106712	5UTR(-)	109	1	34	2	y	ok
253	GENE=FGFR1|GENE_NO=253|TRANSCRIPT=ENST00000447712.7|STRAND=-|COSMIC=COSG114519|REGION=5UTR(-)	FGFR1	253	ENST00000447712.7	-	COSG114519	5UTR(-)	743	2	62	3	y	ok
254	GENE=FGFR1OP|GENE_NO=254|TRANSCRIPT=ENST00000366847.9|STRAND=+|COSMIC=COSG60450|REGION=5UTR(+)	FGFR1OP	254	ENST00000366847.9	+	COSG60450	5UTR(+)	16	0	0	0	n	ok
255	GENE=FGFR2|GENE_NO=255|TRANSCRIPT=ENST00000358487.10|STRAND=-|COSMIC=COSG61759|REGION=5UTR(-)	FGFR2	255	ENST00000358487.10	-	COSG61759	5UTR(-)	633	5	60	3	y	ok
256	GENE=FGFR3|GENE_NO=256|TRANSCRIPT=ENST00000440486.8|STRAND=+|COSMIC=COSG66931|REGION=5UTR(+)	FGFR3	256	ENST00000440486.8	+	COSG66931	5UTR(+)	275	2	62	3	y	ok
257	GENE=FGFR4|GENE_NO=257|TRANSCRIPT=ENST00000292408.9|STRAND=+|COSMIC=COSG98910|REGION=5UTR(+)	FGFR4	257	ENST00000292408.9	+	COSG98910	5UTR(+)	216	1	36	2	y	ok
258	GENE=FH|GENE_NO=258|TRANSCRIPT=ENST00000366560.4|STRAND=-|COSMIC=COSG94388|REGION=5UTR(-)	FH	258	ENST00000366560.4	-	COSG94388	5UTR(-)	33	0	0	0	n	ok
259	GENE=FHIT|GENE_NO=259|TRANSCRIPT=ENST00000492590.6|STRAND=-|COSMIC=COSG72343|REGION=5UTR(-)	FHIT	259	ENST00000492590.6	-	COSG72343	5UTR(-)	364	2	36	2	y	ok
260	GENE=FIP1L1|GENE_NO=260|TRANSCRIPT=ENST00000337488.11|STRAND=+|COSMIC=COSG62967|REGION=5UTR(+)	FIP1L1	260	ENST00000337488.11	+	COSG62967	5UTR(+)	198	1	78	4	y	ok
261	GENE=FKBP9|GENE_NO=261|TRANSCRIPT=ENST00000242209.9|STRAND=+|COSMIC=COSG81566|REGION=5UTR(+)	FKBP9	261	ENST00000242209.9	+	COSG81566	5UTR(+)	134	1	35	2	y	ok
262	GENE=FLCN|GENE_NO=262|TRANSCRIPT=ENST00000285071.9|STRAND=-|COSMIC=COSG83404|REGION=5UTR(-)	FLCN	262	ENST00000285071.9	-	COSG83404	5UTR(-)	484	5	59	3	y	ok
263	GENE=FLI1|GENE_NO=263|TRANSCRIPT=ENST00000527786.7|STRAND=+|COSMIC=COSG104312|REGION=5UTR(+)	FLI1	263	ENST00000527786.7	+	COSG104312	5UTR(+)	187	1	64	3	y	ok
264	GENE=FLNA|GENE_NO=264|TRANSCRIPT=ENST00000369850.10|STRAND=-|COSMIC=COSG74753|REGION=5UTR(-)	FLNA	264	ENST00000369850.10	-	COSG74753	5UTR(-)	245	1	35	2	y	ok
265	GENE=FLT3|GENE_NO=265|TRANSCRIPT=ENST00000241453.12|STRAND=-|COSMIC=COSG64752|REGION=5UTR(-)	FLT3	265	ENST00000241453.12	-	COSG64752	5UTR(-)	66	1	57	3	y	ok
266	GENE=FLT4|GENE_NO=266|TRANSCRIPT=ENST00000261937.11|STRAND=-|COSMIC=COSG95485|REGION=5UTR(-)	FLT4	266	ENST00000261937.11	-	COSG95485	5UTR(-)	55	1	29	2	y	ok
267	GENE=FNBP1|GENE_NO=267|TRANSCRIPT=ENST00000446176.7|STRAND=-|COSMIC=COSG106586|REGION=5UTR(-)	FNBP1	267	ENST00000446176.7	-	COSG106586	5UTR(-)	214	1	76	4	y	ok
268	GENE=FOXA1|GENE_NO=268|TRANSCRIPT=ENST00000250448.5|STRAND=-|COSMIC=COSG106486|REGION=5UTR(-)	FOXA1	268	ENST00000250448.5	-	COSG106486	5UTR(-)	277	3	62	3	y	ok
269	GENE=FOXL2|GENE_NO=269|TRANSCRIPT=ENST00000648323.1|STRAND=-|COSMIC=COSG66822|REGION=5UTR(-)	FOXL2	269	ENST00000648323.1	-	COSG66822	5UTR(-)	415	2	63	3	y	ok
270	GENE=FOXO1|GENE_NO=270|TRANSCRIPT=ENST00000379561.6|STRAND=-|COSMIC=COSG102574|REGION=5UTR(-)	FOXO1	270	ENST00000379561.6	-	COSG102574	5UTR(-)	429	2	36	2	y	ok
271	GENE=FOXO3|GENE_NO=271|TRANSCRIPT=ENST00000406360.2|STRAND=+|COSMIC=COSG76666|REGION=5UTR(+)	FOXO3	271	ENST00000406360.2	+	COSG76666	5UTR(+)	292	2	58	3	y	ok
272	GENE=FOXO4|GENE_NO=272|TRANSCRIPT=ENST00000374259.8|STRAND=+|COSMIC=COSG58773|REGION=5UTR(+)	FOXO4	272	ENST00000374259.8	+	COSG58773	5UTR(+)	678				timeout	timeout
273	GENE=FOXP1|GENE_NO=273|TRANSCRIPT=ENST00000649528.3|STRAND=-|COSMIC=COSG71217|REGION=5UTR(-)	FOXP1	273	ENST00000649528.3	-	COSG71217	5UTR(-)	604	4	62	3	y	ok
274	GENE=FOXR1|GENE_NO=274|TRANSCRIPT=ENST00000317011.8|STRAND=+|COSMIC=COSG107615|REGION=5UTR(+)	FOXR1	274	ENST00000317011.8	+	COSG107615	5UTR(+)	171	1	35	2	y	ok
275	GENE=FSTL3|GENE_NO=275|TRANSCRIPT=ENST00000166139.9|STRAND=+|COSMIC=COSG114579|REGION=5UTR(+)	FSTL3	275	ENST00000166139.9	+	COSG114579	5UTR(+)	32	0	0	0	n	ok
276	GENE=FUBP1|GENE_NO=276|TRANSCRIPT=ENST00000370768.7|STRAND=-|COSMIC=COSG70617|REGION=5UTR(-)	FUBP1	276	ENST00000370768.7	-	COSG70617	5UTR(-)	68	1	28	2	y	ok
277	GENE=FUS|GENE_NO=277|TRANSCRIPT=ENST00000254108.12|STRAND=+|COSMIC=COSG115221|REGION=5UTR(+)	FUS	277	ENST00000254108.12	+	COSG115221	5UTR(+)	76	1	33	2	y	ok
278	GENE=GAS7|GENE_NO=278|TRANSCRIPT=ENST00000432992.7|STRAND=-|COSMIC=COSG96511|REGION=5UTR(-)	GAS7	278	ENST00000432992.7	-	COSG96511	5UTR(-)	216	1	36	2	y	ok
279	GENE=GATA1|GENE_NO=279|TRANSCRIPT=ENST00000376670.9|STRAND=+|COSMIC=COSG87468|REGION=5UTR(+)	GATA1	279	ENST00000376670.9	+	COSG87468	5UTR(+)	75	0	0	0	n	ok
280	GENE=GATA2|GENE_NO=280|TRANSCRIPT=ENST00000341105.7|STRAND=-|COSMIC=COSG113001|REGION=5UTR(-)	GATA2	280	ENST00000341105.7	-	COSG113001	5UTR(-)	348	3	33	2	y	ok
281	GENE=GATA3|GENE_NO=281|TRANSCRIPT=ENST00000379328.9|STRAND=+|COSMIC=COSG76073|REGION=5UTR(+)	GATA3	281	ENST00000379328.9	+	COSG76073	5UTR(+)	573	2	35	2	y	ok
282	GENE=GLI1|GENE_NO=282|TRANSCRIPT=ENST00000228682.7|STRAND=+|COSMIC=COSG60145|REGION=5UTR(+)	GLI1	282	ENST00000228682.7	+	COSG60145	5UTR(+)	444	2	63	3	y	ok
283	GENE=GMPS|GENE_NO=283|TRANSCRIPT=ENST00000496455.7|STRAND=+|COSMIC=COSG90794|REGION=5UTR(+)	GMPS	283	ENST00000496455.7	+	COSG90794	5UTR(+)	221	1	30	2	y	ok
284	GENE=GNA11|GENE_NO=284|TRANSCRIPT=ENST00000078429.9|STRAND=+|COSMIC=COSG111894|REGION=5UTR(+)	GNA11	284	ENST00000078429.9	+	COSG111894	5UTR(+)	290	1	64	3	y	ok
285	GENE=GNAQ|GENE_NO=285|TRANSCRIPT=ENST00000286548.9|STRAND=-|COSMIC=COSG98291|REGION=5UTR(-)	GNAQ	285	ENST00000286548.9	-	COSG98291	5UTR(-)	576	2	62	3	y	ok
286	GENE=GNAS|GENE_NO=286|TRANSCRIPT=ENST00000371085.8|STRAND=+|COSMIC=COSG82860|REGION=5UTR(+)	GNAS	286	ENST00000371085.8	+	COSG82860	5UTR(+)	306	2	35	2	y	ok
287	GENE=GOLGA5|GENE_NO=287|TRANSCRIPT=ENST00000163416.7|STRAND=+|COSMIC=COSG65089|REGION=5UTR(+)	GOLGA5	287	ENST00000163416.7	+	COSG65089	5UTR(+)	182	1	54	3	y	ok
288	GENE=GOLPH3|GENE_NO=288|TRANSCRIPT=ENST00000265070.7|STRAND=-|COSMIC=COSG112121|REGION=5UTR(-)	GOLPH3	288	ENST00000265070.7	-	COSG112121	5UTR(-)	285	2	36	2	y	ok
289	GENE=GOPC|GENE_NO=289|TRANSCRIPT=ENST00000368498.7|STRAND=-|COSMIC=COSG62335|REGION=5UTR(-)	GOPC	289	ENST00000368498.7	-	COSG62335	5UTR(-)	223	2	56	3	y	ok
290	GENE=GPC3|GENE_NO=290|TRANSCRIPT=ENST00000370818.8|STRAND=-|COSMIC=COSG62939|REGION=5UTR(-)	GPC3	290	ENST00000370818.8	-	COSG62939	5UTR(-)	145	1	32	2	y	ok
291	GENE=GPC5|GENE_NO=291|TRANSCRIPT=ENST00000377067.9|STRAND=+|COSMIC=COSG92536|REGION=5UTR(+)	GPC5	291	ENST00000377067.9	+	COSG92536	5UTR(+)	426	3	62	3	y	ok
292	GENE=GPHN|GENE_NO=292|TRANSCRIPT=ENST00000478722.6|STRAND=+|COSMIC=COSG100626|REGION=5UTR(+)	GPHN	292	ENST00000478722.6	+	COSG100626	5UTR(+)	381	2	33	2	y	ok
293	GENE=GRIN2A|GENE_NO=293|TRANSCRIPT=ENST00000330684.4|STRAND=-|COSMIC=COSG108203|REGION=5UTR(-)	GRIN2A	293	ENST00000330684.4	-	COSG108203	5UTR(-)	570	2	62	3	y	ok
294	GENE=GRM3|GENE_NO=294|TRANSCRIPT=ENST00000361669.7|STRAND=+|COSMIC=COSG74476|REGION=5UTR(+)	GRM3	294	ENST00000361669.7	+	COSG74476	5UTR(+)	1104	7	64	3	y	ok
295	GENE=GSK3B|GENE_NO=295|TRANSCRIPT=ENST00000264235.13|STRAND=-|COSMIC=COSG78014|REGION=5UTR(-)	GSK3B	295	ENST00000264235.13	-	COSG78014	5UTR(-)	1013	4	57	3	y	ok
296	GENE=GTF2I|GENE_NO=296|TRANSCRIPT=ENST00000573035.6|STRAND=+|COSMIC=COSG103299|REGION=5UTR(+)	GTF2I	296	ENST00000573035.6	+	COSG103299	5UTR(+)	356	3	35	2	y	ok
297	GENE=H3F3A|GENE_NO=297|TRANSCRIPT=ENST00000366815.10|STRAND=+|COSMIC=COSG83297|REGION=5UTR(+)	H3F3A	297	ENST00000366815.10	+	COSG83297	5UTR(+)	119	1	32	2	y	ok
298	GENE=H3F3B|GENE_NO=298|TRANSCRIPT=ENST00000254810.8|STRAND=-|COSMIC=COSG91461|REGION=5UTR(-)	H3F3B	298	ENST00000254810.8	-	COSG91461	5UTR(-)	133	1	36	2	y	ok
299	GENE=HERPUD1|GENE_NO=299|TRANSCRIPT=ENST00000439977.7|STRAND=+|COSMIC=COSG102009|REGION=5UTR(+)	HERPUD1	299	ENST00000439977.7	+	COSG102009	5UTR(+)	103	1	28	2	y	ok
300	GENE=HEY1|GENE_NO=300|TRANSCRIPT=ENST00000354724.8|STRAND=-|COSMIC=COSG65409|REGION=5UTR(-)	HEY1	300	ENST00000354724.8	-	COSG65409	5UTR(-)	104	0	0	0	n	ok
301	GENE=HGF|GENE_NO=301|TRANSCRIPT=ENST00000222390.11|STRAND=-|COSMIC=COSG65657|REGION=5UTR(-)	HGF	301	ENST00000222390.11	-	COSG65657	5UTR(-)	76	0	0	0	n	ok
302	GENE=HIF1A|GENE_NO=302|TRANSCRIPT=ENST00000337138.9|STRAND=+|COSMIC=COSG84346|REGION=5UTR(+)	HIF1A	302	ENST00000337138.9	+	COSG84346	5UTR(+)	292	2	35	2	y	ok
303	GENE=HIP1|GENE_NO=303|TRANSCRIPT=ENST00000336926.11|STRAND=-|COSMIC=COSG87160|REGION=5UTR(-)	HIP1	303	ENST00000336926.11	-	COSG87160	5UTR(-)	21	0	0	0	n	ok
304	GENE=HIST1H4I|GENE_NO=305|TRANSCRIPT=ENST00000615353.2|STRAND=+|COSMIC=COSG99670|REGION=5UTR(+)	HIST1H4I	305	ENST00000615353.2	+	COSG99670	5UTR(+)	27	0	0	0	n	ok
305	GENE=HLA-A|GENE_NO=306|TRANSCRIPT=ENST00000376809.10|STRAND=+|COSMIC=COSG104170|REGION=5UTR(+)	HLA-A	306	ENST00000376809.10	+	COSG104170	5UTR(+)	22	0	0	0	n	ok
306	GENE=HLF|GENE_NO=307|TRANSCRIPT=ENST00000226067.10|STRAND=+|COSMIC=COSG74351|REGION=5UTR(+)	HLF	307	ENST00000226067.10	+	COSG74351	5UTR(+)	525	3	73	4	y	ok
307	GENE=HMGA1|GENE_NO=308|TRANSCRIPT=ENST00000311487.9|STRAND=+|COSMIC=COSG100629|REGION=5UTR(+)	HMGA1	308	ENST00000311487.9	+	COSG100629	5UTR(+)	249	1	36	2	y	ok
308	GENE=HMGA2|GENE_NO=309|TRANSCRIPT=ENST00000403681.7|STRAND=+|COSMIC=COSG69442|REGION=5UTR(+)	HMGA2	309	ENST00000403681.7	+	COSG69442	5UTR(+)	788	4	35	2	y	ok
309	GENE=HNF1A|GENE_NO=311|TRANSCRIPT=ENST00000257555.11|STRAND=+|COSMIC=COSG70564|REGION=5UTR(+)	HNF1A	311	ENST00000257555.11	+	COSG70564	5UTR(+)	226	1	72	4	y	ok
310	GENE=HNRNPA2B1|GENE_NO=312|TRANSCRIPT=ENST00000618183.5|STRAND=-|COSMIC=COSG88183|REGION=5UTR(-)	HNRNPA2B1	312	ENST00000618183.5	-	COSG88183	5UTR(-)	169	1	26	2	y	ok
311	GENE=HOOK3|GENE_NO=313|TRANSCRIPT=ENST00000307602.9|STRAND=+|COSMIC=COSG101512|REGION=5UTR(+)	HOOK3	313	ENST00000307602.9	+	COSG101512	5UTR(+)	154	1	35	2	y	ok
312	GENE=HOXA11|GENE_NO=314|TRANSCRIPT=ENST00000006015.4|STRAND=-|COSMIC=COSG65276|REGION=5UTR(-)	HOXA11	314	ENST00000006015.4	-	COSG65276	5UTR(-)	88	1	29	2	y	ok
313	GENE=HOXA13|GENE_NO=315|TRANSCRIPT=ENST00000649031.1|STRAND=-|COSMIC=COSG98272|REGION=5UTR(-)	HOXA13	315	ENST00000649031.1	-	COSG98272	5UTR(-)	14	0	0	0	n	ok
314	GENE=HOXA9|GENE_NO=316|TRANSCRIPT=ENST00000343483.7|STRAND=-|COSMIC=COSG109289|REGION=5UTR(-)	HOXA9	316	ENST00000343483.7	-	COSG109289	5UTR(-)	80	1	63	3	y	ok
315	GENE=HOXC11|GENE_NO=317|TRANSCRIPT=ENST00000546378.1|STRAND=+|COSMIC=COSG63604|REGION=5UTR(+)	HOXC11	317	ENST00000546378.1	+	COSG63604	5UTR(+)	116	1	34	2	y	ok
316	GENE=HOXC13|GENE_NO=318|TRANSCRIPT=ENST00000243056.5|STRAND=+|COSMIC=COSG58815|REGION=5UTR(+)	HOXC13	318	ENST00000243056.5	+	COSG58815	5UTR(+)	76	1	24	2	y	ok
317	GENE=HOXD11|GENE_NO=319|TRANSCRIPT=ENST00000249504.7|STRAND=+|COSMIC=COSG102737|REGION=5UTR(+)	HOXD11	319	ENST00000249504.7	+	COSG102737	5UTR(+)	76	1	35	2	y	ok
318	GENE=HOXD13|GENE_NO=320|TRANSCRIPT=ENST00000392539.4|STRAND=+|COSMIC=COSG60623|REGION=5UTR(+)	HOXD13	320	ENST00000392539.4	+	COSG60623	5UTR(+)	170	1	64	3	y	ok
319	GENE=HRAS|GENE_NO=321|TRANSCRIPT=ENST00000311189.8|STRAND=-|COSMIC=COSG113788|REGION=5UTR(-)	HRAS	321	ENST00000311189.8	-	COSG113788	5UTR(-)	214	2	36	2	y	ok
320	GENE=HSP90AA1|GENE_NO=322|TRANSCRIPT=ENST00000216281.13|STRAND=-|COSMIC=COSG94795|REGION=5UTR(-)	HSP90AA1	322	ENST00000216281.13	-	COSG94795	5UTR(-)	59	1	31	2	y	ok
321	GENE=HSP90AB1|GENE_NO=323|TRANSCRIPT=ENST00000371646.10|STRAND=+|COSMIC=COSG103171|REGION=5UTR(+)	HSP90AB1	323	ENST00000371646.10	+	COSG103171	5UTR(+)	95	1	33	2	y	ok
322	GENE=ID3|GENE_NO=324|TRANSCRIPT=ENST00000374561.6|STRAND=-|COSMIC=COSG96223|REGION=5UTR(-)	ID3	324	ENST00000374561.6	-	COSG96223	5UTR(-)	75	1	33	2	y	ok
323	GENE=IDH1|GENE_NO=325|TRANSCRIPT=ENST00000345146.7|STRAND=-|COSMIC=COSG108257|REGION=5UTR(-)	IDH1	325	ENST00000345146.7	-	COSG108257	5UTR(-)	223	2	35	2	y	ok
324	GENE=IDH2|GENE_NO=326|TRANSCRIPT=ENST00000330062.8|STRAND=-|COSMIC=COSG106830|REGION=5UTR(-)	IDH2	326	ENST00000330062.8	-	COSG106830	5UTR(-)	78	1	34	2	y	ok
325	GENE=IGF2BP2|GENE_NO=327|TRANSCRIPT=ENST00000382199.7|STRAND=-|COSMIC=COSG84546|REGION=5UTR(-)	IGF2BP2	327	ENST00000382199.7	-	COSG84546	5UTR(-)	82	1	62	3	y	ok
326	GENE=IKBKB|GENE_NO=331|TRANSCRIPT=ENST00000520810.6|STRAND=+|COSMIC=COSG112543|REGION=5UTR(+)	IKBKB	331	ENST00000520810.6	+	COSG112543	5UTR(+)	186	1	29	2	y	ok
327	GENE=IKZF1|GENE_NO=332|TRANSCRIPT=ENST00000331340.8|STRAND=+|COSMIC=COSG89430|REGION=5UTR(+)	IKZF1	332	ENST00000331340.8	+	COSG89430	5UTR(+)	221	1	51	3	y	ok
328	GENE=IKZF3|GENE_NO=333|TRANSCRIPT=ENST00000346872.8|STRAND=-|COSMIC=COSG116030|REGION=5UTR(-)	IKZF3	333	ENST00000346872.8	-	COSG116030	5UTR(-)	186	1	32	2	y	ok
329	GENE=IL2|GENE_NO=334|TRANSCRIPT=ENST00000226730.5|STRAND=-|COSMIC=COSG70981|REGION=5UTR(-)	IL2	334	ENST00000226730.5	-	COSG70981	5UTR(-)	285	0	0	0	n	ok
330	GENE=IL21R|GENE_NO=335|TRANSCRIPT=ENST00000337929.8|STRAND=+|COSMIC=COSG111352|REGION=5UTR(+)	IL21R	335	ENST00000337929.8	+	COSG111352	5UTR(+)	461	3	34	2	y	ok
331	GENE=IL6ST|GENE_NO=336|TRANSCRIPT=ENST00000381298.7|STRAND=-|COSMIC=COSG71872|REGION=5UTR(-)	IL6ST	336	ENST00000381298.7	-	COSG71872	5UTR(-)	283	1	34	2	y	ok
332	GENE=IL7R|GENE_NO=337|TRANSCRIPT=ENST00000303115.8|STRAND=+|COSMIC=COSG64472|REGION=5UTR(+)	IL7R	337	ENST00000303115.8	+	COSG64472	5UTR(+)	87	0	0	0	n	ok
333	GENE=IRF4|GENE_NO=338|TRANSCRIPT=ENST00000380956.9|STRAND=+|COSMIC=COSG105639|REGION=5UTR(+)	IRF4	338	ENST00000380956.9	+	COSG105639	5UTR(+)	113	1	56	3	y	ok
334	GENE=IRS4|GENE_NO=339|TRANSCRIPT=ENST00000372129.4|STRAND=-|COSMIC=COSG76787|REGION=5UTR(-)	IRS4	339	ENST00000372129.4	-	COSG76787	5UTR(-)	219	2	62	3	y	ok
335	GENE=ISX|GENE_NO=340|TRANSCRIPT=ENST00000404699.7|STRAND=+|COSMIC=COSG92515|REGION=5UTR(+)	ISX	340	ENST00000404699.7	+	COSG92515	5UTR(+)	641	6	34	2	y	ok
336	GENE=ITGAV|GENE_NO=341|TRANSCRIPT=ENST00000261023.8|STRAND=+|COSMIC=COSG89546|REGION=5UTR(+)	ITGAV	341	ENST00000261023.8	+	COSG89546	5UTR(+)	283	2	60	3	y	ok
337	GENE=ITGB1|GENE_NO=342|TRANSCRIPT=ENST00000302278.8|STRAND=-|COSMIC=COSG60418|REGION=5UTR(-)	ITGB1	342	ENST00000302278.8	-	COSG60418	5UTR(-)	86	1	35	2	y	ok
338	GENE=ITK|GENE_NO=343|TRANSCRIPT=ENST00000422843.8|STRAND=+|COSMIC=COSG90766|REGION=5UTR(+)	ITK	343	ENST00000422843.8	+	COSG90766	5UTR(+)	138	0	0	0	n	ok
339	GENE=JAK1|GENE_NO=344|TRANSCRIPT=ENST00000342505.5|STRAND=-|COSMIC=COSG63689|REGION=5UTR(-)	JAK1	344	ENST00000342505.5	-	COSG63689	5UTR(-)	294	2	34	2	y	ok
340	GENE=JAK2|GENE_NO=345|TRANSCRIPT=ENST00000381652.4|STRAND=+|COSMIC=COSG58883|REGION=5UTR(+)	JAK2	345	ENST00000381652.4	+	COSG58883	5UTR(+)	467	1	57	3	y	ok
341	GENE=JAK3|GENE_NO=346|TRANSCRIPT=ENST00000458235.7|STRAND=-|COSMIC=COSG84587|REGION=5UTR(-)	JAK3	346	ENST00000458235.7	-	COSG84587	5UTR(-)	50	0	0	0	n	ok
342	GENE=JAZF1|GENE_NO=347|TRANSCRIPT=ENST00000283928.10|STRAND=-|COSMIC=COSG79452|REGION=5UTR(-)	JAZF1	347	ENST00000283928.10	-	COSG79452	5UTR(-)	218	0	0	0	n	ok
343	GENE=JUN|GENE_NO=348|TRANSCRIPT=ENST00000371222.4|STRAND=-|COSMIC=COSG84672|REGION=5UTR(-)	JUN	348	ENST00000371222.4	-	COSG84672	5UTR(-)	977	6	35	2	y	ok
344	GENE=KAT6A|GENE_NO=349|TRANSCRIPT=ENST00000265713.8|STRAND=-|COSMIC=COSG110810|REGION=5UTR(-)	KAT6A	349	ENST00000265713.8	-	COSG110810	5UTR(-)	412	2	36	2	y	ok
345	GENE=KAT6B|GENE_NO=350|TRANSCRIPT=ENST00000287239.10|STRAND=+|COSMIC=COSG100264|REGION=5UTR(+)	KAT6B	350	ENST00000287239.10	+	COSG100264	5UTR(+)	514	1	36	2	y	ok
346	GENE=KAT7|GENE_NO=351|TRANSCRIPT=ENST00000259021.9|STRAND=+|COSMIC=COSG90061|REGION=5UTR(+)	KAT7	351	ENST00000259021.9	+	COSG90061	5UTR(+)	154	1	33	2	y	ok
347	GENE=KCNJ5|GENE_NO=352|TRANSCRIPT=ENST00000529694.6|STRAND=+|COSMIC=COSG80472|REGION=5UTR(+)	KCNJ5	352	ENST00000529694.6	+	COSG80472	5UTR(+)	376	2	60	3	y	ok
348	GENE=KDM5A|GENE_NO=353|TRANSCRIPT=ENST00000399788.7|STRAND=-|COSMIC=COSG94857|REGION=5UTR(-)	KDM5A	353	ENST00000399788.7	-	COSG94857	5UTR(-)	229	1	34	2	y	ok
349	GENE=KDM5C|GENE_NO=354|TRANSCRIPT=ENST00000375401.8|STRAND=-|COSMIC=COSG86736|REGION=5UTR(-)	KDM5C	354	ENST00000375401.8	-	COSG86736	5UTR(-)	318	2	36	2	y	ok
350	GENE=KDM6A|GENE_NO=355|TRANSCRIPT=ENST00000611820.5|STRAND=+|COSMIC=COSG88842|REGION=5UTR(+)	KDM6A	355	ENST00000611820.5	+	COSG88842	5UTR(+)	364	1	57	3	y	ok
351	GENE=KDR|GENE_NO=356|TRANSCRIPT=ENST00000263923.5|STRAND=-|COSMIC=COSG106784|REGION=5UTR(-)	KDR	356	ENST00000263923.5	-	COSG106784	5UTR(-)	302	3	35	2	y	ok
352	GENE=KDSR|GENE_NO=357|TRANSCRIPT=ENST00000645214.2|STRAND=-|COSMIC=COSG71181|REGION=5UTR(-)	KDSR	357	ENST00000645214.2	-	COSG71181	5UTR(-)	88	1	35	2	y	ok
353	GENE=KEAP1|GENE_NO=358|TRANSCRIPT=ENST00000171111.10|STRAND=-|COSMIC=COSG96808|REGION=5UTR(-)	KEAP1	358	ENST00000171111.10	-	COSG96808	5UTR(-)	163	1	34	2	y	ok
354	GENE=KIAA1549|GENE_NO=359|TRANSCRIPT=ENST00000422774.2|STRAND=-|COSMIC=COSG104988|REGION=5UTR(-)	KIAA1549	359	ENST00000422774.2	-	COSG104988	5UTR(-)	120	1	35	2	y	ok
355	GENE=KIF5B|GENE_NO=360|TRANSCRIPT=ENST00000302418.5|STRAND=-|COSMIC=COSG69778|REGION=5UTR(-)	KIF5B	360	ENST00000302418.5	-	COSG69778	5UTR(-)	452	3	36	2	y	ok
356	GENE=KIT|GENE_NO=361|TRANSCRIPT=ENST00000288135.6|STRAND=+|COSMIC=COSG63709|REGION=5UTR(+)	KIT	361	ENST00000288135.6	+	COSG63709	5UTR(+)	58	1	32	2	y	ok
357	GENE=KLF4|GENE_NO=362|TRANSCRIPT=ENST00000374672.5|STRAND=-|COSMIC=COSG110029|REGION=5UTR(-)	KLF4	362	ENST00000374672.5	-	COSG110029	5UTR(-)	597	4	36	2	y	ok
358	GENE=KLF6|GENE_NO=363|TRANSCRIPT=ENST00000497571.6|STRAND=-|COSMIC=COSG63910|REGION=5UTR(-)	KLF6	363	ENST00000497571.6	-	COSG63910	5UTR(-)	195	2	60	3	y	ok
359	GENE=KLK2|GENE_NO=364|TRANSCRIPT=ENST00000325321.8|STRAND=+|COSMIC=COSG112026|REGION=5UTR(+)	KLK2	364	ENST00000325321.8	+	COSG112026	5UTR(+)	35	0	0	0	n	ok
360	GENE=KMT2A|GENE_NO=365|TRANSCRIPT=ENST00000534358.8|STRAND=+|COSMIC=COSG86533|REGION=5UTR(+)	KMT2A	365	ENST00000534358.8	+	COSG86533	5UTR(+)	21	0	0	0	n	ok
361	GENE=KMT2C|GENE_NO=366|TRANSCRIPT=ENST00000262189.11|STRAND=-|COSMIC=COSG85495|REGION=5UTR(-)	KMT2C	366	ENST00000262189.11	-	COSG85495	5UTR(-)	217	1	36	2	y	ok
362	GENE=KMT2D|GENE_NO=367|TRANSCRIPT=ENST00000301067.12|STRAND=-|COSMIC=COSG107783|REGION=5UTR(-)	KMT2D	367	ENST00000301067.12	-	COSG107783	5UTR(-)	1219	5	60	3	y	ok
363	GENE=KNL1|GENE_NO=368|TRANSCRIPT=ENST00000399668.7|STRAND=+|COSMIC=COSG107147|REGION=5UTR(+)	KNL1	368	ENST00000399668.7	+	COSG107147	5UTR(+)	161	1	34	2	y	ok
364	GENE=KNSTRN|GENE_NO=369|TRANSCRIPT=ENST00000249776.13|STRAND=+|COSMIC=COSG111763|REGION=5UTR(+)	KNSTRN	369	ENST00000249776.13	+	COSG111763	5UTR(+)	115	1	26	2	y	ok
365	GENE=KRAS|GENE_NO=370|TRANSCRIPT=ENST00000311936.8|STRAND=-|COSMIC=COSG86962|REGION=5UTR(-)	KRAS	370	ENST00000311936.8	-	COSG86962	5UTR(-)	190	1	36	2	y	ok
366	GENE=KTN1|GENE_NO=371|TRANSCRIPT=ENST00000395314.8|STRAND=+|COSMIC=COSG63135|REGION=5UTR(+)	KTN1	371	ENST00000395314.8	+	COSG63135	5UTR(+)	178	1	36	2	y	ok
367	GENE=LARP4B|GENE_NO=372|TRANSCRIPT=ENST00000316157.8|STRAND=-|COSMIC=COSG101167|REGION=5UTR(-)	LARP4B	372	ENST00000316157.8	-	COSG101167	5UTR(-)	317	3	60	3	y	ok
368	GENE=LASP1|GENE_NO=373|TRANSCRIPT=ENST00000318008.11|STRAND=+|COSMIC=COSG73683|REGION=5UTR(+)	LASP1	373	ENST00000318008.11	+	COSG73683	5UTR(+)	132	1	26	2	y	ok
369	GENE=LATS1|GENE_NO=374|TRANSCRIPT=ENST00000543571.6|STRAND=-|COSMIC=COSG78588|REGION=5UTR(-)	LATS1	374	ENST00000543571.6	-	COSG78588	5UTR(-)	393	2	36	2	y	ok
370	GENE=LATS2|GENE_NO=375|TRANSCRIPT=ENST00000382592.5|STRAND=-|COSMIC=COSG64660|REGION=5UTR(-)	LATS2	375	ENST00000382592.5	-	COSG64660	5UTR(-)	445	3	34	2	y	ok
371	GENE=LCK|GENE_NO=376|TRANSCRIPT=ENST00000336890.10|STRAND=+|COSMIC=COSG82227|REGION=5UTR(+)	LCK	376	ENST00000336890.10	+	COSG82227	5UTR(+)	112	1	62	3	y	ok
372	GENE=LCP1|GENE_NO=377|TRANSCRIPT=ENST00000323076.7|STRAND=-|COSMIC=COSG88254|REGION=5UTR(-)	LCP1	377	ENST00000323076.7	-	COSG88254	5UTR(-)	91	1	22	2	y	ok
373	GENE=LEF1|GENE_NO=378|TRANSCRIPT=ENST00000265165.6|STRAND=-|COSMIC=COSG73617|REGION=5UTR(-)	LEF1	378	ENST00000265165.6	-	COSG73617	5UTR(-)	1165	4	60	3	y	ok
374	GENE=LEPROTL1|GENE_NO=379|TRANSCRIPT=ENST00000321250.13|STRAND=+|COSMIC=COSG59675|REGION=5UTR(+)	LEPROTL1	379	ENST00000321250.13	+	COSG59675	5UTR(+)	105	1	29	2	y	ok
375	GENE=LHFPL6|GENE_NO=380|TRANSCRIPT=ENST00000379589.4|STRAND=-|COSMIC=COSG81838|REGION=5UTR(-)	LHFPL6	380	ENST00000379589.4	-	COSG81838	5UTR(-)	485	4	58	3	y	ok
376	GENE=LIFR|GENE_NO=381|TRANSCRIPT=ENST00000453190.7|STRAND=-|COSMIC=COSG108001|REGION=5UTR(-)	LIFR	381	ENST00000453190.7	-	COSG108001	5UTR(-)	332	1	62	3	y	ok
377	GENE=LMNA|GENE_NO=382|TRANSCRIPT=ENST00000368300.9|STRAND=+|COSMIC=COSG61379|REGION=5UTR(+)	LMNA	382	ENST00000368300.9	+	COSG61379	5UTR(+)	208	0	0	0	n	ok
378	GENE=LMO1|GENE_NO=383|TRANSCRIPT=ENST00000335790.8|STRAND=-|COSMIC=COSG58772|REGION=5UTR(-)	LMO1	383	ENST00000335790.8	-	COSG58772	5UTR(-)	516	2	35	2	y	ok
379	GENE=LMO2|GENE_NO=384|TRANSCRIPT=ENST00000257818.3|STRAND=-|COSMIC=COSG66206|REGION=5UTR(-)	LMO2	384	ENST00000257818.3	-	COSG66206	5UTR(-)	617	4	61	3	y	ok
380	GENE=LPP|GENE_NO=385|TRANSCRIPT=ENST00000617246.5|STRAND=+|COSMIC=COSG108197|REGION=5UTR(+)	LPP	385	ENST00000617246.5	+	COSG108197	5UTR(+)	285	1	27	2	y	ok
381	GENE=LRIG3|GENE_NO=386|TRANSCRIPT=ENST00000320743.8|STRAND=-|COSMIC=COSG77544|REGION=5UTR(-)	LRIG3	386	ENST00000320743.8	-	COSG77544	5UTR(-)	269	1	50	3	y	ok
382	GENE=LRP1B|GENE_NO=387|TRANSCRIPT=ENST00000389484.8|STRAND=-|COSMIC=COSG104741|REGION=5UTR(-)	LRP1B	387	ENST00000389484.8	-	COSG104741	5UTR(-)	287	2	33	2	y	ok
383	GENE=LSM14A|GENE_NO=388|TRANSCRIPT=ENST00000544216.8|STRAND=+|COSMIC=COSG71888|REGION=5UTR(+)	LSM14A	388	ENST00000544216.8	+	COSG71888	5UTR(+)	139	1	36	2	y	ok
384	GENE=LYL1|GENE_NO=389|TRANSCRIPT=ENST00000264824.5|STRAND=-|COSMIC=COSG61746|REGION=5UTR(-)	LYL1	389	ENST00000264824.5	-	COSG61746	5UTR(-)	352	2	62	3	y	ok
385	GENE=LYN|GENE_NO=390|TRANSCRIPT=ENST00000519728.6|STRAND=+|COSMIC=COSG98294|REGION=5UTR(+)	LYN	390	ENST00000519728.6	+	COSG98294	5UTR(+)	274	1	32	2	y	ok
386	GENE=LZTR1|GENE_NO=391|TRANSCRIPT=ENST00000646124.2|STRAND=+|COSMIC=COSG108978|REGION=5UTR(+)	LZTR1	391	ENST00000646124.2	+	COSG108978	5UTR(+)	75	1	35	2	y	ok
387	GENE=MACC1|GENE_NO=392|TRANSCRIPT=ENST00000400331.10|STRAND=-|COSMIC=COSG59645|REGION=5UTR(-)	MACC1	392	ENST00000400331.10	-	COSG59645	5UTR(-)	303	1	33	2	y	ok
388	GENE=MAF|GENE_NO=393|TRANSCRIPT=ENST00000326043.5|STRAND=-|COSMIC=COSG112125|REGION=5UTR(-)	MAF	393	ENST00000326043.5	-	COSG112125	5UTR(-)	835	3	64	3	y	ok
389	GENE=MAFB|GENE_NO=394|TRANSCRIPT=ENST00000373313.3|STRAND=-|COSMIC=COSG61544|REGION=5UTR(-)	MAFB	394	ENST00000373313.3	-	COSG61544	5UTR(-)	386	2	35	2	y	ok
390	GENE=MALT1|GENE_NO=396|TRANSCRIPT=ENST00000649217.2|STRAND=+|COSMIC=COSG103261|REGION=5UTR(+)	MALT1	396	ENST00000649217.2	+	COSG103261	5UTR(+)	179	2	58	3	y	ok
391	GENE=MAML2|GENE_NO=397|TRANSCRIPT=ENST00000524717.6|STRAND=-|COSMIC=COSG108970|REGION=5UTR(-)	MAML2	397	ENST00000524717.6	-	COSG108970	5UTR(-)	1300	7	34	2	y	ok
392	GENE=MAP2K1|GENE_NO=398|TRANSCRIPT=ENST00000307102.10|STRAND=+|COSMIC=COSG59287|REGION=5UTR(+)	MAP2K1	398	ENST00000307102.10	+	COSG59287	5UTR(+)	436	2	63	3	y	ok
393	GENE=MAP2K2|GENE_NO=399|TRANSCRIPT=ENST00000262948.10|STRAND=-|COSMIC=COSG59865|REGION=5UTR(-)	MAP2K2	399	ENST00000262948.10	-	COSG59865	5UTR(-)	247	1	36	2	y	ok
394	GENE=MAP2K4|GENE_NO=400|TRANSCRIPT=ENST00000353533.10|STRAND=+|COSMIC=COSG96219|REGION=5UTR(+)	MAP2K4	400	ENST00000353533.10	+	COSG96219	5UTR(+)	10	0	0	0	n	ok
395	GENE=MAP3K1|GENE_NO=401|TRANSCRIPT=ENST00000399503.4|STRAND=+|COSMIC=COSG73783|REGION=5UTR(+)	MAP3K1	401	ENST00000399503.4	+	COSG73783	5UTR(+)	25	0	0	0	n	ok
396	GENE=MAP3K13|GENE_NO=402|TRANSCRIPT=ENST00000265026.8|STRAND=+|COSMIC=COSG59626|REGION=5UTR(+)	MAP3K13	402	ENST00000265026.8	+	COSG59626	5UTR(+)	318	1	35	2	y	ok
397	GENE=MAPK1|GENE_NO=403|TRANSCRIPT=ENST00000215832.11|STRAND=-|COSMIC=COSG103824|REGION=5UTR(-)	MAPK1	403	ENST00000215832.11	-	COSG103824	5UTR(-)	205	1	36	2	y	ok
398	GENE=MAX|GENE_NO=404|TRANSCRIPT=ENST00000358664.9|STRAND=-|COSMIC=COSG102148|REGION=5UTR(-)	MAX	404	ENST00000358664.9	-	COSG102148	5UTR(-)	178	1	33	2	y	ok
399	GENE=MB21D2|GENE_NO=405|TRANSCRIPT=ENST00000392452.3|STRAND=-|COSMIC=COSG110450|REGION=5UTR(-)	MB21D2	405	ENST00000392452.3	-	COSG110450	5UTR(-)	16	0	0	0	n	ok
400	GENE=MDM2|GENE_NO=406|TRANSCRIPT=ENST00000258149.11|STRAND=+|COSMIC=COSG71043|REGION=5UTR(+)	MDM2	406	ENST00000258149.11	+	COSG71043	5UTR(+)	301	2	34	2	y	ok
401	GENE=MDM4|GENE_NO=407|TRANSCRIPT=ENST00000367182.8|STRAND=+|COSMIC=COSG62931|REGION=5UTR(+)	MDM4	407	ENST00000367182.8	+	COSG62931	5UTR(+)	139	1	34	2	y	ok
402	GENE=MECOM|GENE_NO=409|TRANSCRIPT=ENST00000651503.2|STRAND=-|COSMIC=COSG112625|REGION=5UTR(-)	MECOM	409	ENST00000651503.2	-	COSG112625	5UTR(-)	340	4	34	2	y	ok
403	GENE=MED12|GENE_NO=410|TRANSCRIPT=ENST00000374080.8|STRAND=+|COSMIC=COSG113013|REGION=5UTR(+)	MED12	410	ENST00000374080.8	+	COSG113013	5UTR(+)	159	1	36	2	y	ok
404	GENE=MEN1|GENE_NO=411|TRANSCRIPT=ENST00000450708.7|STRAND=-|COSMIC=COSG70965|REGION=5UTR(-)	MEN1	411	ENST00000450708.7	-	COSG70965	5UTR(-)	61	1	29	2	y	ok
405	GENE=MET|GENE_NO=412|TRANSCRIPT=ENST00000397752.8|STRAND=+|COSMIC=COSG91620|REGION=5UTR(+)	MET	412	ENST00000397752.8	+	COSG91620	5UTR(+)	396	1	62	3	y	ok
406	GENE=MGMT|GENE_NO=413|TRANSCRIPT=ENST00000651593.1|STRAND=+|COSMIC=COSG64570|REGION=5UTR(+)	MGMT	413	ENST00000651593.1	+	COSG64570	5UTR(+)	68	1	26	2	y	ok
407	GENE=MITF|GENE_NO=414|TRANSCRIPT=ENST00000352241.9|STRAND=+|COSMIC=COSG60330|REGION=5UTR(+)	MITF	414	ENST00000352241.9	+	COSG60330	5UTR(+)	134	1	35	2	y	ok
408	GENE=MLF1|GENE_NO=415|TRANSCRIPT=ENST00000466246.7|STRAND=+|COSMIC=COSG93816|REGION=5UTR(+)	MLF1	415	ENST00000466246.7	+	COSG93816	5UTR(+)	107	1	28	2	y	ok
409	GENE=MLH1|GENE_NO=416|TRANSCRIPT=ENST00000231790.8|STRAND=+|COSMIC=COSG61713|REGION=5UTR(+)	MLH1	416	ENST00000231790.8	+	COSG61713	5UTR(+)	30	0	0	0	n	ok
410	GENE=MLLT1|GENE_NO=417|TRANSCRIPT=ENST00000252674.9|STRAND=-|COSMIC=COSG68573|REGION=5UTR(-)	MLLT1	417	ENST00000252674.9	-	COSG68573	5UTR(-)	191	1	82	4	y	ok
411	GENE=MLLT10|GENE_NO=418|TRANSCRIPT=ENST00000307729.12|STRAND=+|COSMIC=COSG111142|REGION=5UTR(+)	MLLT10	418	ENST00000307729.12	+	COSG111142	5UTR(+)	289	2	54	3	y	ok
412	GENE=MLLT11|GENE_NO=419|TRANSCRIPT=ENST00000368921.5|STRAND=+|COSMIC=COSG113048|REGION=5UTR(+)	MLLT11	419	ENST00000368921.5	+	COSG113048	5UTR(+)	163	1	31	2	y	ok
413	GENE=MLLT3|GENE_NO=420|TRANSCRIPT=ENST00000380338.9|STRAND=-|COSMIC=COSG76560|REGION=5UTR(-)	MLLT3	420	ENST00000380338.9	-	COSG76560	5UTR(-)	243	1	60	3	y	ok
414	GENE=MLLT6|GENE_NO=421|TRANSCRIPT=ENST00000621332.5|STRAND=+|COSMIC=COSG94026|REGION=5UTR(+)	MLLT6	421	ENST00000621332.5	+	COSG94026	5UTR(+)	360	2	70	4	y	ok
415	GENE=MN1|GENE_NO=422|TRANSCRIPT=ENST00000302326.5|STRAND=-|COSMIC=COSG93089|REGION=5UTR(-)	MN1	422	ENST00000302326.5	-	COSG93089	5UTR(-)	1213	8	82	4	y	ok
416	GENE=MNX1|GENE_NO=423|TRANSCRIPT=ENST00000252971.11|STRAND=-|COSMIC=COSG97814|REGION=5UTR(-)	MNX1	423	ENST00000252971.11	-	COSG97814	5UTR(-)	313	1	59	3	y	ok
417	GENE=MPL|GENE_NO=424|TRANSCRIPT=ENST00000372470.9|STRAND=+|COSMIC=COSG91606|REGION=5UTR(+)	MPL	424	ENST00000372470.9	+	COSG91606	5UTR(+)	31	1	32	2	y	ok
418	GENE=MRTFA|GENE_NO=425|TRANSCRIPT=ENST00000355630.10|STRAND=-|COSMIC=COSG105252|REGION=5UTR(-)	MRTFA	425	ENST00000355630.10	-	COSG105252	5UTR(-)	325	1	36	2	y	ok
419	GENE=MSH2|GENE_NO=426|TRANSCRIPT=ENST00000233146.7|STRAND=+|COSMIC=COSG105361|REGION=5UTR(+)	MSH2	426	ENST00000233146.7	+	COSG105361	5UTR(+)	36	1	34	2	y	ok
420	GENE=MSH6|GENE_NO=427|TRANSCRIPT=ENST00000234420.11|STRAND=+|COSMIC=COSG85949|REGION=5UTR(+)	MSH6	427	ENST00000234420.11	+	COSG85949	5UTR(+)	89	1	35	2	y	ok
421	GENE=MSI2|GENE_NO=428|TRANSCRIPT=ENST00000284073.7|STRAND=+|COSMIC=COSG62555|REGION=5UTR(+)	MSI2	428	ENST00000284073.7	+	COSG62555	5UTR(+)	220	2	79	4	y	ok
422	GENE=MSN|GENE_NO=429|TRANSCRIPT=ENST00000360270.7|STRAND=+|COSMIC=COSG88623|REGION=5UTR(+)	MSN	429	ENST00000360270.7	+	COSG88623	5UTR(+)	188	1	30	2	y	ok
423	GENE=MTCP1|GENE_NO=430|TRANSCRIPT=ENST00000369476.8|STRAND=-|COSMIC=COSG88748|REGION=5UTR(-)	MTCP1	430	ENST00000369476.8	-	COSG88748	5UTR(-)	490	4	35	2	y	ok
424	GENE=MTOR|GENE_NO=431|TRANSCRIPT=ENST00000361445.9|STRAND=-|COSMIC=COSG77957|REGION=5UTR(-)	MTOR	431	ENST00000361445.9	-	COSG77957	5UTR(-)	121	1	63	3	y	ok
425	GENE=MUC1|GENE_NO=432|TRANSCRIPT=ENST00000620103.4|STRAND=-|COSMIC=COSG69593|REGION=5UTR(-)	MUC1	432	ENST00000620103.4	-	COSG69593	5UTR(-)	72	0	0	0	n	ok
426	GENE=MUC16|GENE_NO=433|TRANSCRIPT=ENST00000711672.1|STRAND=-|COSMIC=COSG72822|REGION=5UTR(-)	MUC16	433	ENST00000711672.1	-	COSG72822	5UTR(-)	34	1	33	2	y	ok
427	GENE=MUC4|GENE_NO=434|TRANSCRIPT=ENST00000463781.8|STRAND=-|COSMIC=COSG97438|REGION=5UTR(-)	MUC4	434	ENST00000463781.8	-	COSG97438	5UTR(-)	112	2	32	2	y	ok
428	GENE=MUC6|GENE_NO=435|TRANSCRIPT=ENST00000421673.7|STRAND=-|COSMIC=COSG58094|REGION=5UTR(-)	MUC6	435	ENST00000421673.7	-	COSG58094	5UTR(-)	63	1	32	2	y	ok
429	GENE=MUTYH|GENE_NO=436|TRANSCRIPT=ENST00000456914.7|STRAND=-|COSMIC=COSG107077|REGION=5UTR(-)	MUTYH	436	ENST00000456914.7	-	COSG107077	5UTR(-)	78	1	32	2	y	ok
430	GENE=MYB|GENE_NO=437|TRANSCRIPT=ENST00000341911.10|STRAND=+|COSMIC=COSG76382|REGION=5UTR(+)	MYB	437	ENST00000341911.10	+	COSG76382	5UTR(+)	206	1	55	3	y	ok
431	GENE=MYC|GENE_NO=438|TRANSCRIPT=ENST00000621592.8|STRAND=+|COSMIC=COSG111896|REGION=5UTR(+)	MYC	438	ENST00000621592.8	+	COSG111896	5UTR(+)	363	2	62	3	y	ok
432	GENE=MYCL|GENE_NO=439|TRANSCRIPT=ENST00000372816.3|STRAND=-|COSMIC=COSG62582|REGION=5UTR(-)	MYCL	439	ENST00000372816.3	-	COSG62582	5UTR(-)	483	2	62	3	y	ok
433	GENE=MYCN|GENE_NO=440|TRANSCRIPT=ENST00000281043.4|STRAND=+|COSMIC=COSG83025|REGION=5UTR(+)	MYCN	440	ENST00000281043.4	+	COSG83025	5UTR(+)	311	2	59	3	y	ok
434	GENE=MYD88|GENE_NO=441|TRANSCRIPT=ENST00000650905.2|STRAND=+|COSMIC=COSG74574|REGION=5UTR(+)	MYD88	441	ENST00000650905.2	+	COSG74574	5UTR(+)	40	0	0	0	n	ok
435	GENE=MYH11|GENE_NO=442|TRANSCRIPT=ENST00000300036.6|STRAND=-|COSMIC=COSG71408|REGION=5UTR(-)	MYH11	442	ENST00000300036.6	-	COSG71408	5UTR(-)	105	1	32	2	y	ok
436	GENE=MYH9|GENE_NO=443|TRANSCRIPT=ENST00000216181.11|STRAND=-|COSMIC=COSG99603|REGION=5UTR(-)	MYH9	443	ENST00000216181.11	-	COSG99603	5UTR(-)	180	2	35	2	y	ok
437	GENE=MYO5A|GENE_NO=444|TRANSCRIPT=ENST00000399233.7|STRAND=-|COSMIC=COSG82675|REGION=5UTR(-)	MYO5A	444	ENST00000399233.7	-	COSG82675	5UTR(-)	74	1	35	2	y	ok
438	GENE=MYOD1|GENE_NO=445|TRANSCRIPT=ENST00000250003.4|STRAND=+|COSMIC=COSG76774|REGION=5UTR(+)	MYOD1	445	ENST00000250003.4	+	COSG76774	5UTR(+)	212	3	62	3	y	ok
439	GENE=N4BP2|GENE_NO=446|TRANSCRIPT=ENST00000261435.11|STRAND=+|COSMIC=COSG74686|REGION=5UTR(+)	N4BP2	446	ENST00000261435.11	+	COSG74686	5UTR(+)	392	1	34	2	y	ok
440	GENE=NAB2|GENE_NO=447|TRANSCRIPT=ENST00000300131.8|STRAND=+|COSMIC=COSG115963|REGION=5UTR(+)	NAB2	447	ENST00000300131.8	+	COSG115963	5UTR(+)	158	1	35	2	y	ok
441	GENE=NACA|GENE_NO=448|TRANSCRIPT=ENST00000454682.6|STRAND=-|COSMIC=COSG63264|REGION=5UTR(-)	NACA	448	ENST00000454682.6	-	COSG63264	5UTR(-)	39	0	0	0	n	ok
442	GENE=NBEA|GENE_NO=449|TRANSCRIPT=ENST00000379939.7|STRAND=+|COSMIC=COSG78133|REGION=5UTR(+)	NBEA	449	ENST00000379939.7	+	COSG78133	5UTR(+)	551	2	62	3	y	ok
443	GENE=NBN|GENE_NO=450|TRANSCRIPT=ENST00000265433.8|STRAND=-|COSMIC=COSG81202|REGION=5UTR(-)	NBN	450	ENST00000265433.8	-	COSG81202	5UTR(-)	106	1	32	2	y	ok
444	GENE=NCKIPSD|GENE_NO=451|TRANSCRIPT=ENST00000294129.7|STRAND=-|COSMIC=COSG97371|REGION=5UTR(-)	NCKIPSD	451	ENST00000294129.7	-	COSG97371	5UTR(-)	108	1	35	2	y	ok
445	GENE=NCOA1|GENE_NO=452|TRANSCRIPT=ENST00000348332.8|STRAND=+|COSMIC=COSG74320|REGION=5UTR(+)	NCOA1	452	ENST00000348332.8	+	COSG74320	5UTR(+)	744	3	36	2	y	ok
446	GENE=NCOA2|GENE_NO=453|TRANSCRIPT=ENST00000452400.7|STRAND=-|COSMIC=COSG79853|REGION=5UTR(-)	NCOA2	453	ENST00000452400.7	-	COSG79853	5UTR(-)	185	1	35	2	y	ok
447	GENE=NCOA4|GENE_NO=454|TRANSCRIPT=ENST00000581486.6|STRAND=-|COSMIC=COSG112601|REGION=5UTR(-)	NCOA4	454	ENST00000581486.6	-	COSG112601	5UTR(-)	112	1	34	2	y	ok
448	GENE=NCOR1|GENE_NO=455|TRANSCRIPT=ENST00000268712.8|STRAND=-|COSMIC=COSG82654|REGION=5UTR(-)	NCOR1	455	ENST00000268712.8	-	COSG82654	5UTR(-)	243	1	36	2	y	ok
449	GENE=NCOR2|GENE_NO=456|TRANSCRIPT=ENST00000405201.6|STRAND=-|COSMIC=COSG59133|REGION=5UTR(-)	NCOR2	456	ENST00000405201.6	-	COSG59133	5UTR(-)	469	3	50	3	y	ok
450	GENE=NDRG1|GENE_NO=457|TRANSCRIPT=ENST00000323851.13|STRAND=-|COSMIC=COSG109165|REGION=5UTR(-)	NDRG1	457	ENST00000323851.13	-	COSG109165	5UTR(-)	137	1	33	2	y	ok
451	GENE=NF1|GENE_NO=458|TRANSCRIPT=ENST00000358273.9|STRAND=+|COSMIC=COSG113820|REGION=5UTR(+)	NF1	458	ENST00000358273.9	+	COSG113820	5UTR(+)	333	2	35	2	y	ok
452	GENE=NF2|GENE_NO=459|TRANSCRIPT=ENST00000338641.10|STRAND=+|COSMIC=COSG66613|REGION=5UTR(+)	NF2	459	ENST00000338641.10	+	COSG66613	5UTR(+)	366	2	56	3	y	ok
453	GENE=NFATC2|GENE_NO=460|TRANSCRIPT=ENST00000371564.8|STRAND=-|COSMIC=COSG102348|REGION=5UTR(-)	NFATC2	460	ENST00000371564.8	-	COSG102348	5UTR(-)	220	1	33	2	y	ok
454	GENE=NFE2L2|GENE_NO=461|TRANSCRIPT=ENST00000397062.8|STRAND=-|COSMIC=COSG108145|REGION=5UTR(-)	NFE2L2	461	ENST00000397062.8	-	COSG108145	5UTR(-)	151	2	34	2	y	ok
455	GENE=NFIB|GENE_NO=462|TRANSCRIPT=ENST00000380953.6|STRAND=-|COSMIC=COSG89976|REGION=5UTR(-)	NFIB	462	ENST00000380953.6	-	COSG89976	5UTR(-)	630	3	36	2	y	ok
456	GENE=NFKB2|GENE_NO=463|TRANSCRIPT=ENST00000661543.1|STRAND=+|COSMIC=COSG64880|REGION=5UTR(+)	NFKB2	463	ENST00000661543.1	+	COSG64880	5UTR(+)	164	1	36	2	y	ok
457	GENE=NFKBIE|GENE_NO=464|TRANSCRIPT=ENST00000619360.6|STRAND=-|COSMIC=COSG91546|REGION=5UTR(-)	NFKBIE	464	ENST00000619360.6	-	COSG91546	5UTR(-)	205	1	35	2	y	ok
458	GENE=NIN|GENE_NO=465|TRANSCRIPT=ENST00000530997.7|STRAND=-|COSMIC=COSG85374|REGION=5UTR(-)	NIN	465	ENST00000530997.7	-	COSG85374	5UTR(-)	232	2	36	2	y	ok
459	GENE=NKX2-1|GENE_NO=466|TRANSCRIPT=ENST00000354822.7|STRAND=-|COSMIC=COSG92746|REGION=5UTR(-)	NKX2-1	466	ENST00000354822.7	-	COSG92746	5UTR(-)	103	0	0	0	n	ok
460	GENE=NONO|GENE_NO=467|TRANSCRIPT=ENST00000276079.13|STRAND=+|COSMIC=COSG106782|REGION=5UTR(+)	NONO	467	ENST00000276079.13	+	COSG106782	5UTR(+)	153	1	34	2	y	ok
461	GENE=NOTCH1|GENE_NO=468|TRANSCRIPT=ENST00000651671.1|STRAND=-|COSMIC=COSG79338|REGION=5UTR(-)	NOTCH1	468	ENST00000651671.1	-	COSG79338	5UTR(-)	262	3	63	3	y	ok
462	GENE=NOTCH2|GENE_NO=469|TRANSCRIPT=ENST00000256646.7|STRAND=-|COSMIC=COSG91716|REGION=5UTR(-)	NOTCH2	469	ENST00000256646.7	-	COSG91716	5UTR(-)	256	1	36	2	y	ok
463	GENE=NPM1|GENE_NO=470|TRANSCRIPT=ENST00000296930.10|STRAND=+|COSMIC=COSG103724|REGION=5UTR(+)	NPM1	470	ENST00000296930.10	+	COSG103724	5UTR(+)	100	0	0	0	n	ok
464	GENE=NR2F2|GENE_NO=471|TRANSCRIPT=ENST00000394166.8|STRAND=+|COSMIC=COSG60087|REGION=5UTR(+)	NR2F2	471	ENST00000394166.8	+	COSG60087	5UTR(+)	1406	4	36	2	y	ok
465	GENE=NR4A3|GENE_NO=472|TRANSCRIPT=ENST00000395097.7|STRAND=+|COSMIC=COSG89778|REGION=5UTR(+)	NR4A3	472	ENST00000395097.7	+	COSG89778	5UTR(+)	699	2	36	2	y	ok
466	GENE=NRAS|GENE_NO=473|TRANSCRIPT=ENST00000369535.5|STRAND=-|COSMIC=COSG95814|REGION=5UTR(-)	NRAS	473	ENST00000369535.5	-	COSG95814	5UTR(-)	131	1	33	2	y	ok
467	GENE=NRG1|GENE_NO=474|TRANSCRIPT=ENST00000405005.8|STRAND=+|COSMIC=COSG74798|REGION=5UTR(+)	NRG1	474	ENST00000405005.8	+	COSG74798	5UTR(+)	416	1	35	2	y	ok
468	GENE=NSD1|GENE_NO=475|TRANSCRIPT=ENST00000439151.7|STRAND=+|COSMIC=COSG113851|REGION=5UTR(+)	NSD1	475	ENST00000439151.7	+	COSG113851	5UTR(+)	197	3	50	3	y	ok
469	GENE=NSD2|GENE_NO=476|TRANSCRIPT=ENST00000508803.6|STRAND=+|COSMIC=COSG91695|REGION=5UTR(+)	NSD2	476	ENST00000508803.6	+	COSG91695	5UTR(+)	179	0	0	0	n	ok
470	GENE=NSD3|GENE_NO=477|TRANSCRIPT=ENST00000317025.13|STRAND=-|COSMIC=COSG105269|REGION=5UTR(-)	NSD3	477	ENST00000317025.13	-	COSG105269	5UTR(-)	517	3	36	2	y	ok
471	GENE=NT5C2|GENE_NO=478|TRANSCRIPT=ENST00000404739.8|STRAND=-|COSMIC=COSG109595|REGION=5UTR(-)	NT5C2	478	ENST00000404739.8	-	COSG109595	5UTR(-)	205	1	21	2	y	ok
472	GENE=NTHL1|GENE_NO=479|TRANSCRIPT=ENST00000651570.2|STRAND=-|COSMIC=COSG76849|REGION=5UTR(-)	NTHL1	479	ENST00000651570.2	-	COSG76849	5UTR(-)	11	0	0	0	n	ok
473	GENE=NTRK1|GENE_NO=480|TRANSCRIPT=ENST00000524377.7|STRAND=+|COSMIC=COSG99947|REGION=5UTR(+)	NTRK1	480	ENST00000524377.7	+	COSG99947	5UTR(+)	70	1	32	2	y	ok
474	GENE=NTRK2|GENE_NO=481|TRANSCRIPT=ENST00000277120.8|STRAND=+|COSMIC=COSG88009|REGION=5UTR(+)	NTRK2	481	ENST00000277120.8	+	COSG88009	5UTR(+)	532	3	53	3	y	ok
475	GENE=NTRK3|GENE_NO=482|TRANSCRIPT=ENST00000629765.3|STRAND=-|COSMIC=COSG72654|REGION=5UTR(-)	NTRK3	482	ENST00000629765.3	-	COSG72654	5UTR(-)	314	1	36	2	y	ok
476	GENE=NUMA1|GENE_NO=483|TRANSCRIPT=ENST00000393695.8|STRAND=-|COSMIC=COSG96943|REGION=5UTR(-)	NUMA1	483	ENST00000393695.8	-	COSG96943	5UTR(-)	187	1	34	2	y	ok
477	GENE=NUP214|GENE_NO=484|TRANSCRIPT=ENST00000359428.10|STRAND=+|COSMIC=COSG89278|REGION=5UTR(+)	NUP214	484	ENST00000359428.10	+	COSG89278	5UTR(+)	119	1	34	2	y	ok
478	GENE=NUP98|GENE_NO=485|TRANSCRIPT=ENST00000324932.12|STRAND=-|COSMIC=COSG101334|REGION=5UTR(-)	NUP98	485	ENST00000324932.12	-	COSG101334	5UTR(-)	183	1	36	2	y	ok
479	GENE=NUTM1|GENE_NO=486|TRANSCRIPT=ENST00000537011.6|STRAND=+|COSMIC=COSG103408|REGION=5UTR(+)	NUTM1	486	ENST00000537011.6	+	COSG103408	5UTR(+)	382	1	35	2	y	ok
480	GENE=NUTM2B|GENE_NO=487|TRANSCRIPT=ENST00000429828.7|STRAND=+|COSMIC=COSG100150|REGION=5UTR(+)	NUTM2B	487	ENST00000429828.7	+	COSG100150	5UTR(+)	383	2	34	2	y	ok
481	GENE=NUTM2D|GENE_NO=488|TRANSCRIPT=ENST00000381697.7|STRAND=+|COSMIC=COSG61484|REGION=5UTR(+)	NUTM2D	488	ENST00000381697.7	+	COSG61484	5UTR(+)	522	3	34	2	y	ok
482	GENE=OLIG2|GENE_NO=489|TRANSCRIPT=ENST00000382357.4|STRAND=+|COSMIC=COSG58216|REGION=5UTR(+)	OLIG2	489	ENST00000382357.4	+	COSG58216	5UTR(+)	154	2	33	2	y	ok
483	GENE=OMD|GENE_NO=490|TRANSCRIPT=ENST00000375550.5|STRAND=-|COSMIC=COSG113070|REGION=5UTR(-)	OMD	490	ENST00000375550.5	-	COSG113070	5UTR(-)	286	0	0	0	n	ok
484	GENE=P2RY8|GENE_NO=491|TRANSCRIPT=ENST00000381297.10|STRAND=-|COSMIC=COSG63457|REGION=5UTR(-)	P2RY8	491	ENST00000381297.10	-	COSG63457	5UTR(-)	289	2	34	2	y	ok
485	GENE=PABPC1|GENE_NO=492|TRANSCRIPT=ENST00000318607.10|STRAND=-|COSMIC=COSG65621|REGION=5UTR(-)	PABPC1	492	ENST00000318607.10	-	COSG65621	5UTR(-)	505	3	34	2	y	ok
486	GENE=PAFAH1B2|GENE_NO=493|TRANSCRIPT=ENST00000527958.6|STRAND=+|COSMIC=COSG80684|REGION=5UTR(+)	PAFAH1B2	493	ENST00000527958.6	+	COSG80684	5UTR(+)	139	1	60	3	y	ok
487	GENE=PALB2|GENE_NO=494|TRANSCRIPT=ENST00000261584.9|STRAND=-|COSMIC=COSG88841|REGION=5UTR(-)	PALB2	494	ENST00000261584.9	-	COSG88841	5UTR(-)	153	1	35	2	y	ok
488	GENE=PATZ1|GENE_NO=495|TRANSCRIPT=ENST00000266269.10|STRAND=-|COSMIC=COSG93407|REGION=5UTR(-)	PATZ1	495	ENST00000266269.10	-	COSG93407	5UTR(-)	744	3	64	3	y	ok
489	GENE=PAX3|GENE_NO=496|TRANSCRIPT=ENST00000392070.7|STRAND=-|COSMIC=COSG99941|REGION=5UTR(-)	PAX3	496	ENST00000392070.7	-	COSG99941	5UTR(-)	383	3	36	2	y	ok
490	GENE=PAX5|GENE_NO=497|TRANSCRIPT=ENST00000358127.9|STRAND=-|COSMIC=COSG90817|REGION=5UTR(-)	PAX5	497	ENST00000358127.9	-	COSG90817	5UTR(-)	237	1	34	2	y	ok
491	GENE=PAX7|GENE_NO=498|TRANSCRIPT=ENST00000420770.7|STRAND=+|COSMIC=COSG77467|REGION=5UTR(+)	PAX7	498	ENST00000420770.7	+	COSG77467	5UTR(+)	758	3	74	4	y	ok
492	GENE=PAX8|GENE_NO=499|TRANSCRIPT=ENST00000429538.8|STRAND=-|COSMIC=COSG64987|REGION=5UTR(-)	PAX8	499	ENST00000429538.8	-	COSG64987	5UTR(-)	166	1	56	3	y	ok
493	GENE=PBRM1|GENE_NO=500|TRANSCRIPT=ENST00000707071.1|STRAND=-|COSMIC=COSG76325|REGION=5UTR(-)	PBRM1	500	ENST00000707071.1	-	COSG76325	5UTR(-)	180	1	62	3	y	ok
494	GENE=PBX1|GENE_NO=501|TRANSCRIPT=ENST00000420696.7|STRAND=+|COSMIC=COSG64184|REGION=5UTR(+)	PBX1	501	ENST00000420696.7	+	COSG64184	5UTR(+)	639	4	94	5	y	ok
495	GENE=PCBP1|GENE_NO=502|TRANSCRIPT=ENST00000303577.7|STRAND=+|COSMIC=COSG91935|REGION=5UTR(+)	PCBP1	502	ENST00000303577.7	+	COSG91935	5UTR(+)	267	0	0	0	n	ok
496	GENE=PCM1|GENE_NO=503|TRANSCRIPT=ENST00000325083.13|STRAND=+|COSMIC=COSG110669|REGION=5UTR(+)	PCM1	503	ENST00000325083.13	+	COSG110669	5UTR(+)	291	1	35	2	y	ok
497	GENE=PDCD1LG2|GENE_NO=504|TRANSCRIPT=ENST00000397747.5|STRAND=+|COSMIC=COSG62946|REGION=5UTR(+)	PDCD1LG2	504	ENST00000397747.5	+	COSG62946	5UTR(+)	287	1	29	2	y	ok
498	GENE=PDE4DIP|GENE_NO=505|TRANSCRIPT=ENST00000695795.1|STRAND=+|COSMIC=COSG70412|REGION=5UTR(+)	PDE4DIP	505	ENST00000695795.1	+	COSG70412	5UTR(+)	347	3	33	2	y	ok
499	GENE=PDGFB|GENE_NO=506|TRANSCRIPT=ENST00000331163.11|STRAND=-|COSMIC=COSG86049|REGION=5UTR(-)	PDGFB	506	ENST00000331163.11	-	COSG86049	5UTR(-)	1019	6	60	3	y	ok
500	GENE=PDGFRA|GENE_NO=507|TRANSCRIPT=ENST00000257290.10|STRAND=+|COSMIC=COSG95745|REGION=5UTR(+)	PDGFRA	507	ENST00000257290.10	+	COSG95745	5UTR(+)	135	1	29	2	y	ok
501	GENE=PDGFRB|GENE_NO=508|TRANSCRIPT=ENST00000261799.9|STRAND=-|COSMIC=COSG64110|REGION=5UTR(-)	PDGFRB	508	ENST00000261799.9	-	COSG64110	5UTR(-)	455	3	35	2	y	ok
502	GENE=PER1|GENE_NO=509|TRANSCRIPT=ENST00000317276.9|STRAND=-|COSMIC=COSG77832|REGION=5UTR(-)	PER1	509	ENST00000317276.9	-	COSG77832	5UTR(-)	207	1	35	2	y	ok
503	GENE=PHF6|GENE_NO=510|TRANSCRIPT=ENST00000370803.8|STRAND=+|COSMIC=COSG104198|REGION=5UTR(+)	PHF6	510	ENST00000370803.8	+	COSG104198	5UTR(+)	202	1	28	2	y	ok
504	GENE=PHOX2B|GENE_NO=511|TRANSCRIPT=ENST00000226382.4|STRAND=-|COSMIC=COSG85171|REGION=5UTR(-)	PHOX2B	511	ENST00000226382.4	-	COSG85171	5UTR(-)	115	1	32	2	y	ok
505	GENE=PICALM|GENE_NO=512|TRANSCRIPT=ENST00000393346.8|STRAND=-|COSMIC=COSG93214|REGION=5UTR(-)	PICALM	512	ENST00000393346.8	-	COSG93214	5UTR(-)	304	1	82	4	y	ok
506	GENE=PIK3CA|GENE_NO=513|TRANSCRIPT=ENST00000263967.4|STRAND=+|COSMIC=COSG95525|REGION=5UTR(+)	PIK3CA	513	ENST00000263967.4	+	COSG95525	5UTR(+)	323	1	63	3	y	ok
507	GENE=PIK3CB|GENE_NO=514|TRANSCRIPT=ENST00000674063.1|STRAND=-|COSMIC=COSG82958|REGION=5UTR(-)	PIK3CB	514	ENST00000674063.1	-	COSG82958	5UTR(-)	355	2	55	3	y	ok
508	GENE=PIK3R1|GENE_NO=515|TRANSCRIPT=ENST00000521381.6|STRAND=+|COSMIC=COSG108408|REGION=5UTR(+)	PIK3R1	515	ENST00000521381.6	+	COSG108408	5UTR(+)	580	3	35	2	y	ok
509	GENE=PIK3R2|GENE_NO=516|TRANSCRIPT=ENST00000222254.13|STRAND=+|COSMIC=COSG111839|REGION=5UTR(+)	PIK3R2	516	ENST00000222254.13	+	COSG111839	5UTR(+)	555	4	36	2	y	ok
510	GENE=PIK3R3|GENE_NO=517|TRANSCRIPT=ENST00000262741.10|STRAND=-|COSMIC=COSG112760|REGION=5UTR(-)	PIK3R3	517	ENST00000262741.10	-	COSG112760	5UTR(-)	677	3	36	2	y	ok
511	GENE=PIM1|GENE_NO=518|TRANSCRIPT=ENST00000373509.6|STRAND=+|COSMIC=COSG108733|REGION=5UTR(+)	PIM1	518	ENST00000373509.6	+	COSG108733	5UTR(+)	424	2	36	2	y	ok
512	GENE=PLAG1|GENE_NO=519|TRANSCRIPT=ENST00000316981.8|STRAND=-|COSMIC=COSG90949|REGION=5UTR(-)	PLAG1	519	ENST00000316981.8	-	COSG90949	5UTR(-)	474	4	36	2	y	ok
513	GENE=PLCG1|GENE_NO=520|TRANSCRIPT=ENST00000685551.1|STRAND=+|COSMIC=COSG115578|REGION=5UTR(+)	PLCG1	520	ENST00000685551.1	+	COSG115578	5UTR(+)	99	1	20	2	y	ok
514	GENE=PLEC|GENE_NO=521|TRANSCRIPT=ENST00000345136.8|STRAND=-|COSMIC=COSG69599|REGION=5UTR(-)	PLEC	521	ENST00000345136.8	-	COSG69599	5UTR(-)	136	1	34	2	y	ok
515	GENE=PML|GENE_NO=522|TRANSCRIPT=ENST00000268058.8|STRAND=+|COSMIC=COSG62005|REGION=5UTR(+)	PML	522	ENST00000268058.8	+	COSG62005	5UTR(+)	97	0	0	0	n	ok
516	GENE=PMS1|GENE_NO=523|TRANSCRIPT=ENST00000441310.7|STRAND=+|COSMIC=COSG101002|REGION=5UTR(+)	PMS1	523	ENST00000441310.7	+	COSG101002	5UTR(+)	164	1	64	3	y	ok
517	GENE=PMS2|GENE_NO=524|TRANSCRIPT=ENST00000265849.12|STRAND=-|COSMIC=COSG60293|REGION=5UTR(-)	PMS2	524	ENST00000265849.12	-	COSG60293	5UTR(-)	30	0	0	0	n	ok
518	GENE=POLD1|GENE_NO=525|TRANSCRIPT=ENST00000440232.7|STRAND=+|COSMIC=COSG73728|REGION=5UTR(+)	POLD1	525	ENST00000440232.7	+	COSG73728	5UTR(+)	45	1	34	2	y	ok
519	GENE=POLE|GENE_NO=526|TRANSCRIPT=ENST00000320574.10|STRAND=-|COSMIC=COSG102542|REGION=5UTR(-)	POLE	526	ENST00000320574.10	-	COSG102542	5UTR(-)	27	0	0	0	n	ok
520	GENE=POLG|GENE_NO=527|TRANSCRIPT=ENST00000268124.11|STRAND=-|COSMIC=COSG75256|REGION=5UTR(-)	POLG	527	ENST00000268124.11	-	COSG75256	5UTR(-)	311	2	59	3	y	ok
521	GENE=POLQ|GENE_NO=528|TRANSCRIPT=ENST00000264233.6|STRAND=-|COSMIC=COSG60282|REGION=5UTR(-)	POLQ	528	ENST00000264233.6	-	COSG60282	5UTR(-)	111	1	33	2	y	ok
522	GENE=POLR2A|GENE_NO=529|TRANSCRIPT=ENST00000674977.2|STRAND=+|COSMIC=COSG86798|REGION=5UTR(+)	POLR2A	529	ENST00000674977.2	+	COSG86798	5UTR(+)	399	3	36	2	y	ok
523	GENE=POT1|GENE_NO=530|TRANSCRIPT=ENST00000357628.8|STRAND=-|COSMIC=COSG80008|REGION=5UTR(-)	POT1	530	ENST00000357628.8	-	COSG80008	5UTR(-)	443	0	0	0	n	ok
524	GENE=POU2AF1|GENE_NO=531|TRANSCRIPT=ENST00000393067.8|STRAND=-|COSMIC=COSG103372|REGION=5UTR(-)	POU2AF1	531	ENST00000393067.8	-	COSG103372	5UTR(-)	98	1	32	2	y	ok
525	GENE=POU5F1|GENE_NO=532|TRANSCRIPT=ENST00000259915.13|STRAND=-|COSMIC=COSG82677|REGION=5UTR(-)	POU5F1	532	ENST00000259915.13	-	COSG82677	5UTR(-)	62	1	32	2	y	ok
526	GENE=PPARG|GENE_NO=533|TRANSCRIPT=ENST00000651735.1|STRAND=+|COSMIC=COSG111010|REGION=5UTR(+)	PPARG	533	ENST00000651735.1	+	COSG111010	5UTR(+)	147	0	0	0	n	ok
527	GENE=PPFIBP1|GENE_NO=534|TRANSCRIPT=ENST00000228425.11|STRAND=+|COSMIC=COSG71462|REGION=5UTR(+)	PPFIBP1	534	ENST00000228425.11	+	COSG71462	5UTR(+)	283	1	36	2	y	ok
528	GENE=PPM1D|GENE_NO=535|TRANSCRIPT=ENST00000305921.8|STRAND=+|COSMIC=COSG59012|REGION=5UTR(+)	PPM1D	535	ENST00000305921.8	+	COSG59012	5UTR(+)	222	2	36	2	y	ok
529	GENE=PPP2R1A|GENE_NO=536|TRANSCRIPT=ENST00000322088.11|STRAND=+|COSMIC=COSG92966|REGION=5UTR(+)	PPP2R1A	536	ENST00000322088.11	+	COSG92966	5UTR(+)	45	1	29	2	y	ok
530	GENE=PPP6C|GENE_NO=537|TRANSCRIPT=ENST00000373547.9|STRAND=-|COSMIC=COSG91311|REGION=5UTR(-)	PPP6C	537	ENST00000373547.9	-	COSG91311	5UTR(-)	85	0	0	0	n	ok
531	GENE=PRCC|GENE_NO=538|TRANSCRIPT=ENST00000271526.9|STRAND=+|COSMIC=COSG63162|REGION=5UTR(+)	PRCC	538	ENST00000271526.9	+	COSG63162	5UTR(+)	237	1	35	2	y	ok
532	GENE=PRDM1|GENE_NO=539|TRANSCRIPT=ENST00000369096.9|STRAND=+|COSMIC=COSG106092|REGION=5UTR(+)	PRDM1	539	ENST00000369096.9	+	COSG106092	5UTR(+)	218	1	54	3	y	ok
533	GENE=PRDM16|GENE_NO=540|TRANSCRIPT=ENST00000270722.10|STRAND=+|COSMIC=COSG80881|REGION=5UTR(+)	PRDM16	540	ENST00000270722.10	+	COSG80881	5UTR(+)	57	1	33	2	y	ok
534	GENE=PRDM2|GENE_NO=541|TRANSCRIPT=ENST00000311066.10|STRAND=+|COSMIC=COSG82063|REGION=5UTR(+)	PRDM2	541	ENST00000311066.10	+	COSG82063	5UTR(+)	178	1	36	2	y	ok
535	GENE=PREX2|GENE_NO=542|TRANSCRIPT=ENST00000288368.5|STRAND=+|COSMIC=COSG89056|REGION=5UTR(+)	PREX2	542	ENST00000288368.5	+	COSG89056	5UTR(+)	349	2	62	3	y	ok
536	GENE=PRF1|GENE_NO=543|TRANSCRIPT=ENST00000441259.2|STRAND=-|COSMIC=COSG63548|REGION=5UTR(-)	PRF1	543	ENST00000441259.2	-	COSG63548	5UTR(-)	127	1	28	2	y	ok
537	GENE=PRKACA|GENE_NO=544|TRANSCRIPT=ENST00000308677.9|STRAND=-|COSMIC=COSG77801|REGION=5UTR(-)	PRKACA	544	ENST00000308677.9	-	COSG77801	5UTR(-)	215	1	62	3	y	ok
538	GENE=PRKAR1A|GENE_NO=545|TRANSCRIPT=ENST00000589228.6|STRAND=+|COSMIC=COSG89125|REGION=5UTR(+)	PRKAR1A	545	ENST00000589228.6	+	COSG89125	5UTR(+)	125	1	34	2	y	ok
539	GENE=PRKCB|GENE_NO=546|TRANSCRIPT=ENST00000643927.1|STRAND=+|COSMIC=COSG108035|REGION=5UTR(+)	PRKCB	546	ENST00000643927.1	+	COSG108035	5UTR(+)	193	1	34	2	y	ok
540	GENE=PRKD1|GENE_NO=547|TRANSCRIPT=ENST00000331968.11|STRAND=-|COSMIC=COSG100846|REGION=5UTR(-)	PRKD1	547	ENST00000331968.11	-	COSG100846	5UTR(-)	335	2	36	2	y	ok
541	GENE=PRPF40B|GENE_NO=548|TRANSCRIPT=ENST00000548825.7|STRAND=+|COSMIC=COSG58505|REGION=5UTR(+)	PRPF40B	548	ENST00000548825.7	+	COSG58505	5UTR(+)	30	1	29	2	y	ok
542	GENE=PRRX1|GENE_NO=549|TRANSCRIPT=ENST00000239461.11|STRAND=+|COSMIC=COSG107040|REGION=5UTR(+)	PRRX1	549	ENST00000239461.11	+	COSG107040	5UTR(+)	88	1	64	3	y	ok
543	GENE=PSIP1|GENE_NO=550|TRANSCRIPT=ENST00000380733.9|STRAND=-|COSMIC=COSG99785|REGION=5UTR(-)	PSIP1	550	ENST00000380733.9	-	COSG99785	5UTR(-)	295	2	35	2	y	ok
544	GENE=PTCH1|GENE_NO=551|TRANSCRIPT=ENST00000331920.11|STRAND=-|COSMIC=COSG110583|REGION=5UTR(-)	PTCH1	551	ENST00000331920.11	-	COSG110583	5UTR(-)	905	4	82	4	y	ok
545	GENE=PTEN|GENE_NO=552|TRANSCRIPT=ENST00000371953.8|STRAND=+|COSMIC=COSG93969|REGION=5UTR(+)	PTEN	552	ENST00000371953.8	+	COSG93969	5UTR(+)	845	5	55	3	y	ok
546	GENE=PTK6|GENE_NO=553|TRANSCRIPT=ENST00000542869.3|STRAND=-|COSMIC=COSG110739|REGION=5UTR(-)	PTK6	553	ENST00000542869.3	-	COSG110739	5UTR(-)	62	0	0	0	n	ok
547	GENE=PTPN11|GENE_NO=554|TRANSCRIPT=ENST00000351677.7|STRAND=+|COSMIC=COSG69144|REGION=5UTR(+)	PTPN11	554	ENST00000351677.7	+	COSG69144	5UTR(+)	165	2	35	2	y	ok
548	GENE=PTPN13|GENE_NO=555|TRANSCRIPT=ENST00000411767.7|STRAND=+|COSMIC=COSG99040|REGION=5UTR(+)	PTPN13	555	ENST00000411767.7	+	COSG99040	5UTR(+)	480	3	36	2	y	ok
549	GENE=PTPN6|GENE_NO=556|TRANSCRIPT=ENST00000318974.14|STRAND=+|COSMIC=COSG79566|REGION=5UTR(+)	PTPN6	556	ENST00000318974.14	+	COSG79566	5UTR(+)	157	1	36	2	y	ok
550	GENE=PTPRB|GENE_NO=557|TRANSCRIPT=ENST00000334414.11|STRAND=-|COSMIC=COSG95132|REGION=5UTR(-)	PTPRB	557	ENST00000334414.11	-	COSG95132	5UTR(-)	34	0	0	0	n	ok
551	GENE=PTPRC|GENE_NO=558|TRANSCRIPT=ENST00000442510.8|STRAND=+|COSMIC=COSG68417|REGION=5UTR(+)	PTPRC	558	ENST00000442510.8	+	COSG68417	5UTR(+)	141	2	30	2	y	ok
552	GENE=PTPRD|GENE_NO=559|TRANSCRIPT=ENST00000381196.9|STRAND=-|COSMIC=COSG115052|REGION=5UTR(-)	PTPRD	559	ENST00000381196.9	-	COSG115052	5UTR(-)	1022	8	36	2	y	ok
553	GENE=PTPRK|GENE_NO=560|TRANSCRIPT=ENST00000368226.9|STRAND=-|COSMIC=COSG115981|REGION=5UTR(-)	PTPRK	560	ENST00000368226.9	-	COSG115981	5UTR(-)	241	1	36	2	y	ok
554	GENE=PTPRT|GENE_NO=561|TRANSCRIPT=ENST00000373187.6|STRAND=-|COSMIC=COSG59352|REGION=5UTR(-)	PTPRT	561	ENST00000373187.6	-	COSG59352	5UTR(-)	173	1	35	2	y	ok
555	GENE=PWWP2A|GENE_NO=562|TRANSCRIPT=ENST00000307063.9|STRAND=-|COSMIC=COSG109642|REGION=5UTR(-)	PWWP2A	562	ENST00000307063.9	-	COSG109642	5UTR(-)	62	1	34	2	y	ok
556	GENE=QKI|GENE_NO=563|TRANSCRIPT=ENST00000361752.8|STRAND=+|COSMIC=COSG84239|REGION=5UTR(+)	QKI	563	ENST00000361752.8	+	COSG84239	5UTR(+)	476	2	60	3	y	ok
557	GENE=RABEP1|GENE_NO=564|TRANSCRIPT=ENST00000537505.6|STRAND=+|COSMIC=COSG92649|REGION=5UTR(+)	RABEP1	564	ENST00000537505.6	+	COSG92649	5UTR(+)	203	1	36	2	y	ok
558	GENE=RAC1|GENE_NO=565|TRANSCRIPT=ENST00000348035.9|STRAND=+|COSMIC=COSG96249|REGION=5UTR(+)	RAC1	565	ENST00000348035.9	+	COSG96249	5UTR(+)	209	1	34	2	y	ok
559	GENE=RAD17|GENE_NO=566|TRANSCRIPT=ENST00000354868.10|STRAND=+|COSMIC=COSG91280|REGION=5UTR(+)	RAD17	566	ENST00000354868.10	+	COSG91280	5UTR(+)	532	1	34	2	y	ok
560	GENE=RAD21|GENE_NO=567|TRANSCRIPT=ENST00000297338.7|STRAND=-|COSMIC=COSG63146|REGION=5UTR(-)	RAD21	567	ENST00000297338.7	-	COSG63146	5UTR(-)	198	1	36	2	y	ok
561	GENE=RAD50|GENE_NO=568|TRANSCRIPT=ENST00000378823.8|STRAND=+|COSMIC=COSG82484|REGION=5UTR(+)	RAD50	568	ENST00000378823.8	+	COSG82484	5UTR(+)	348	3	35	2	y	ok
562	GENE=RAD51|GENE_NO=569|TRANSCRIPT=ENST00000267868.8|STRAND=+|COSMIC=COSG99649|REGION=5UTR(+)	RAD51	569	ENST00000267868.8	+	COSG99649	5UTR(+)	254	1	61	3	y	ok
563	GENE=RAD51B|GENE_NO=570|TRANSCRIPT=ENST00000471583.6|STRAND=+|COSMIC=COSG94271|REGION=5UTR(+)	RAD51B	570	ENST00000471583.6	+	COSG94271	5UTR(+)	77	1	30	2	y	ok
564	GENE=RAD51C|GENE_NO=571|TRANSCRIPT=ENST00000337432.9|STRAND=+|COSMIC=COSG61292|REGION=5UTR(+)	RAD51C	571	ENST00000337432.9	+	COSG61292	5UTR(+)	42	1	34	2	y	ok
565	GENE=RAD51D|GENE_NO=572|TRANSCRIPT=ENST00000345365.11|STRAND=-|COSMIC=COSG100674|REGION=5UTR(-)	RAD51D	572	ENST00000345365.11	-	COSG100674	5UTR(-)	247	3	62	3	y	ok
566	GENE=RAF1|GENE_NO=573|TRANSCRIPT=ENST00000251849.9|STRAND=-|COSMIC=COSG112523|REGION=5UTR(-)	RAF1	573	ENST00000251849.9	-	COSG112523	5UTR(-)	331	2	60	3	y	ok
567	GENE=RALGDS|GENE_NO=574|TRANSCRIPT=ENST00000372050.8|STRAND=-|COSMIC=COSG102669|REGION=5UTR(-)	RALGDS	574	ENST00000372050.8	-	COSG102669	5UTR(-)	86	0	0	0	n	ok
568	GENE=RANBP2|GENE_NO=575|TRANSCRIPT=ENST00000283195.11|STRAND=+|COSMIC=COSG59445|REGION=5UTR(+)	RANBP2	575	ENST00000283195.11	+	COSG59445	5UTR(+)	125	1	34	2	y	ok
569	GENE=RAP1B|GENE_NO=576|TRANSCRIPT=ENST00000250559.14|STRAND=+|COSMIC=COSG66550|REGION=5UTR(+)	RAP1B	576	ENST00000250559.14	+	COSG66550	5UTR(+)	171	1	54	3	y	ok
570	GENE=RAP1GDS1|GENE_NO=577|TRANSCRIPT=ENST00000408927.8|STRAND=+|COSMIC=COSG102103|REGION=5UTR(+)	RAP1GDS1	577	ENST00000408927.8	+	COSG102103	5UTR(+)	182	1	34	2	y	ok
571	GENE=RARA|GENE_NO=578|TRANSCRIPT=ENST00000254066.10|STRAND=+|COSMIC=COSG68638|REGION=5UTR(+)	RARA	578	ENST00000254066.10	+	COSG68638	5UTR(+)	469	3	50	3	y	ok
572	GENE=RASA1|GENE_NO=579|TRANSCRIPT=ENST00000274376.11|STRAND=+|COSMIC=COSG93250|REGION=5UTR(+)	RASA1	579	ENST00000274376.11	+	COSG93250	5UTR(+)	569	3	63	3	y	ok
573	GENE=RB1|GENE_NO=580|TRANSCRIPT=ENST00000267163.6|STRAND=+|COSMIC=COSG77480|REGION=5UTR(+)	RB1	580	ENST00000267163.6	+	COSG77480	5UTR(+)	162	2	53	3	y	ok
574	GENE=RBM10|GENE_NO=581|TRANSCRIPT=ENST00000377604.8|STRAND=+|COSMIC=COSG114440|REGION=5UTR(+)	RBM10	581	ENST00000377604.8	+	COSG114440	5UTR(+)	390	3	36	2	y	ok
575	GENE=RBM15|GENE_NO=582|TRANSCRIPT=ENST00000369784.9|STRAND=+|COSMIC=COSG93845|REGION=5UTR(+)	RBM15	582	ENST00000369784.9	+	COSG93845	5UTR(+)	29	0	0	0	n	ok
576	GENE=RECQL4|GENE_NO=583|TRANSCRIPT=ENST00000617875.6|STRAND=-|COSMIC=COSG81638|REGION=5UTR(-)	RECQL4	583	ENST00000617875.6	-	COSG81638	5UTR(-)	49	1	35	2	y	ok
577	GENE=REL|GENE_NO=584|TRANSCRIPT=ENST00000394479.4|STRAND=+|COSMIC=COSG73340|REGION=5UTR(+)	REL	584	ENST00000394479.4	+	COSG73340	5UTR(+)	267	1	58	3	y	ok
578	GENE=RELA|GENE_NO=585|TRANSCRIPT=ENST00000406246.8|STRAND=-|COSMIC=COSG110394|REGION=5UTR(-)	RELA	585	ENST00000406246.8	-	COSG110394	5UTR(-)	84	1	30	2	y	ok
579	GENE=RET|GENE_NO=586|TRANSCRIPT=ENST00000355710.8|STRAND=+|COSMIC=COSG68325|REGION=5UTR(+)	RET	586	ENST00000355710.8	+	COSG68325	5UTR(+)	190	1	36	2	y	ok
580	GENE=RFWD3|GENE_NO=587|TRANSCRIPT=ENST00000361070.9|STRAND=-|COSMIC=COSG70379|REGION=5UTR(-)	RFWD3	587	ENST00000361070.9	-	COSG70379	5UTR(-)	94	1	34	2	y	ok
581	GENE=RGPD3|GENE_NO=588|TRANSCRIPT=ENST00000409886.4|STRAND=-|COSMIC=COSG61420|REGION=5UTR(-)	RGPD3	588	ENST00000409886.4	-	COSG61420	5UTR(-)	125	1	34	2	y	ok
582	GENE=RGS7|GENE_NO=589|TRANSCRIPT=ENST00000440928.6|STRAND=-|COSMIC=COSG77034|REGION=5UTR(-)	RGS7	589	ENST00000440928.6	-	COSG77034	5UTR(-)	357	2	52	3	y	ok
583	GENE=RHOA|GENE_NO=590|TRANSCRIPT=ENST00000418115.6|STRAND=-|COSMIC=COSG65553|REGION=5UTR(-)	RHOA	590	ENST00000418115.6	-	COSG65553	5UTR(-)	159	2	35	2	y	ok
584	GENE=RHOH|GENE_NO=591|TRANSCRIPT=ENST00000381799.10|STRAND=+|COSMIC=COSG100969|REGION=5UTR(+)	RHOH	591	ENST00000381799.10	+	COSG100969	5UTR(+)	600	4	34	2	y	ok
585	GENE=RICTOR|GENE_NO=592|TRANSCRIPT=ENST00000357387.8|STRAND=-|COSMIC=COSG71764|REGION=5UTR(-)	RICTOR	592	ENST00000357387.8	-	COSG71764	5UTR(-)	22	0	0	0	n	ok
586	GENE=RMI2|GENE_NO=593|TRANSCRIPT=ENST00000312499.6|STRAND=+|COSMIC=COSG114685|REGION=5UTR(+)	RMI2	593	ENST00000312499.6	+	COSG114685	5UTR(+)	13	0	0	0	n	ok
587	GENE=RNF213|GENE_NO=594|TRANSCRIPT=ENST00000582970.6|STRAND=+|COSMIC=COSG79337|REGION=5UTR(+)	RNF213	594	ENST00000582970.6	+	COSG79337	5UTR(+)	159	1	32	2	y	ok
588	GENE=RNF43|GENE_NO=595|TRANSCRIPT=ENST00000407977.7|STRAND=-|COSMIC=COSG77343|REGION=5UTR(-)	RNF43	595	ENST00000407977.7	-	COSG77343	5UTR(-)	903	2	32	2	y	ok
589	GENE=ROBO2|GENE_NO=596|TRANSCRIPT=ENST00000696593.1|STRAND=+|COSMIC=COSG87597|REGION=5UTR(+)	ROBO2	596	ENST00000696593.1	+	COSG87597	5UTR(+)	687	3	35	2	y	ok
590	GENE=ROCK1|GENE_NO=597|TRANSCRIPT=ENST00000399799.3|STRAND=-|COSMIC=COSG89530|REGION=5UTR(-)	ROCK1	597	ENST00000399799.3	-	COSG89530	5UTR(-)	903	3	58	3	y	ok
591	GENE=ROS1|GENE_NO=598|TRANSCRIPT=ENST00000368507.8|STRAND=-|COSMIC=COSG103633|REGION=5UTR(-)	ROS1	598	ENST00000368507.8	-	COSG103633	5UTR(-)	286	0	0	0	n	ok
592	GENE=RPL10|GENE_NO=599|TRANSCRIPT=ENST00000369817.7|STRAND=+|COSMIC=COSG112537|REGION=5UTR(+)	RPL10	599	ENST00000369817.7	+	COSG112537	5UTR(+)	41	0	0	0	n	ok
593	GENE=RPL22|GENE_NO=600|TRANSCRIPT=ENST00000234875.9|STRAND=-|COSMIC=COSG73509|REGION=5UTR(-)	RPL22	600	ENST00000234875.9	-	COSG73509	5UTR(-)	22	0	0	0	n	ok
594	GENE=RPL5|GENE_NO=601|TRANSCRIPT=ENST00000370321.8|STRAND=+|COSMIC=COSG101735|REGION=5UTR(+)	RPL5	601	ENST00000370321.8	+	COSG101735	5UTR(+)	75	1	29	2	y	ok
595	GENE=RPN1|GENE_NO=602|TRANSCRIPT=ENST00000296255.8|STRAND=-|COSMIC=COSG77777|REGION=5UTR(-)	RPN1	602	ENST00000296255.8	-	COSG77777	5UTR(-)	18	0	0	0	n	ok
596	GENE=RRAS2|GENE_NO=603|TRANSCRIPT=ENST00000256196.9|STRAND=-|COSMIC=COSG70136|REGION=5UTR(-)	RRAS2	603	ENST00000256196.9	-	COSG70136	5UTR(-)	313	2	36	2	y	ok
597	GENE=RSPO2|GENE_NO=604|TRANSCRIPT=ENST00000276659.10|STRAND=-|COSMIC=COSG86313|REGION=5UTR(-)	RSPO2	604	ENST00000276659.10	-	COSG86313	5UTR(-)	593	4	56	3	y	ok
598	GENE=RSPO3|GENE_NO=605|TRANSCRIPT=ENST00000356698.9|STRAND=+|COSMIC=COSG61346|REGION=5UTR(+)	RSPO3	605	ENST00000356698.9	+	COSG61346	5UTR(+)	522	3	35	2	y	ok
599	GENE=RUNX1|GENE_NO=606|TRANSCRIPT=ENST00000675419.1|STRAND=-|COSMIC=COSG64498|REGION=5UTR(-)	RUNX1	606	ENST00000675419.1	-	COSG64498	5UTR(-)	194	1	20	2	y	ok
600	GENE=RUNX1T1|GENE_NO=607|TRANSCRIPT=ENST00000523629.7|STRAND=-|COSMIC=COSG111690|REGION=5UTR(-)	RUNX1T1	607	ENST00000523629.7	-	COSG111690	5UTR(-)	614	4	63	3	y	ok
601	GENE=RXRA|GENE_NO=608|TRANSCRIPT=ENST00000481739.2|STRAND=+|COSMIC=COSG75470|REGION=5UTR(+)	RXRA	608	ENST00000481739.2	+	COSG75470	5UTR(+)	177	1	33	2	y	ok
602	GENE=S100A7|GENE_NO=609|TRANSCRIPT=ENST00000368723.4|STRAND=-|COSMIC=COSG80247|REGION=5UTR(-)	S100A7	609	ENST00000368723.4	-	COSG80247	5UTR(-)	61	0	0	0	n	ok
603	GENE=SALL4|GENE_NO=610|TRANSCRIPT=ENST00000217086.9|STRAND=-|COSMIC=COSG110233|REGION=5UTR(-)	SALL4	610	ENST00000217086.9	-	COSG110233	5UTR(-)	113	1	33	2	y	ok
604	GENE=SBDS|GENE_NO=611|TRANSCRIPT=ENST00000246868.7|STRAND=-|COSMIC=COSG90100|REGION=5UTR(-)	SBDS	611	ENST00000246868.7	-	COSG90100	5UTR(-)	169	1	35	2	y	ok
605	GENE=SDC4|GENE_NO=612|TRANSCRIPT=ENST00000372733.3|STRAND=-|COSMIC=COSG77983|REGION=5UTR(-)	SDC4	612	ENST00000372733.3	-	COSG77983	5UTR(-)	40	0	0	0	n	ok
606	GENE=SDHA|GENE_NO=613|TRANSCRIPT=ENST00000264932.11|STRAND=+|COSMIC=COSG76340|REGION=5UTR(+)	SDHA	613	ENST00000264932.11	+	COSG76340	5UTR(+)	36	1	32	2	y	ok
607	GENE=SDHAF2|GENE_NO=614|TRANSCRIPT=ENST00000301761.7|STRAND=+|COSMIC=COSG70475|REGION=5UTR(+)	SDHAF2	614	ENST00000301761.7	+	COSG70475	5UTR(+)	23	1	34	2	y	ok
608	GENE=SDHB|GENE_NO=615|TRANSCRIPT=ENST00000375499.8|STRAND=-|COSMIC=COSG111326|REGION=5UTR(-)	SDHB	615	ENST00000375499.8	-	COSG111326	5UTR(-)	13	0	0	0	n	ok
609	GENE=SDHC|GENE_NO=616|TRANSCRIPT=ENST00000367975.7|STRAND=+|COSMIC=COSG99638|REGION=5UTR(+)	SDHC	616	ENST00000367975.7	+	COSG99638	5UTR(+)	25	0	0	0	n	ok
610	GENE=SDHD|GENE_NO=617|TRANSCRIPT=ENST00000375549.8|STRAND=+|COSMIC=COSG95892|REGION=5UTR(+)	SDHD	617	ENST00000375549.8	+	COSG95892	5UTR(+)	35	1	25	2	y	ok
611	GENE=SEPT5|GENE_NO=618|TRANSCRIPT=ENST00000455784.7|STRAND=+|COSMIC=COSG61422|REGION=5UTR(+)	SEPT5	618	ENST00000455784.7	+	COSG61422	5UTR(+)	86	0	0	0	n	ok
612	GENE=SEPT6|GENE_NO=619|TRANSCRIPT=ENST00000394610.7|STRAND=-|COSMIC=COSG70569|REGION=5UTR(-)	SEPT6	619	ENST00000394610.7	-	COSG70569	5UTR(-)	63	1	35	2	y	ok
613	GENE=SEPT9|GENE_NO=620|TRANSCRIPT=ENST00000427177.6|STRAND=+|COSMIC=COSG86979|REGION=5UTR(+)	SEPT9	620	ENST00000427177.6	+	COSG86979	5UTR(+)	37	1	34	2	y	ok
614	GENE=SET|GENE_NO=621|TRANSCRIPT=ENST00000322030.13|STRAND=+|COSMIC=COSG104989|REGION=5UTR(+)	SET	621	ENST00000322030.13	+	COSG104989	5UTR(+)	361	2	36	2	y	ok
615	GENE=SETBP1|GENE_NO=622|TRANSCRIPT=ENST00000649279.2|STRAND=+|COSMIC=COSG82137|REGION=5UTR(+)	SETBP1	622	ENST00000649279.2	+	COSG82137	5UTR(+)	306	1	31	2	y	ok
616	GENE=SETD1B|GENE_NO=623|TRANSCRIPT=ENST00000604567.6|STRAND=+|COSMIC=COSG113695|REGION=5UTR(+)	SETD1B	623	ENST00000604567.6	+	COSG113695	5UTR(+)	239	1	36	2	y	ok
617	GENE=SETD2|GENE_NO=624|TRANSCRIPT=ENST00000409792.4|STRAND=-|COSMIC=COSG98373|REGION=5UTR(-)	SETD2	624	ENST00000409792.4	-	COSG98373	5UTR(-)	189	1	60	3	y	ok
618	GENE=SETDB1|GENE_NO=625|TRANSCRIPT=ENST00000692827.1|STRAND=+|COSMIC=COSG106164|REGION=5UTR(+)	SETDB1	625	ENST00000692827.1	+	COSG106164	5UTR(+)	166	1	34	2	y	ok
619	GENE=SF3B1|GENE_NO=626|TRANSCRIPT=ENST00000335508.11|STRAND=-|COSMIC=COSG68035|REGION=5UTR(-)	SF3B1	626	ENST00000335508.11	-	COSG68035	5UTR(-)	29	0	0	0	n	ok
620	GENE=SFPQ|GENE_NO=627|TRANSCRIPT=ENST00000357214.6|STRAND=-|COSMIC=COSG102257|REGION=5UTR(-)	SFPQ	627	ENST00000357214.6	-	COSG102257	5UTR(-)	96	0	0	0	n	ok
621	GENE=SFRP4|GENE_NO=628|TRANSCRIPT=ENST00000436072.7|STRAND=-|COSMIC=COSG92761|REGION=5UTR(-)	SFRP4	628	ENST00000436072.7	-	COSG92761	5UTR(-)	280	1	34	2	y	ok
622	GENE=SGK1|GENE_NO=629|TRANSCRIPT=ENST00000367858.10|STRAND=-|COSMIC=COSG63500|REGION=5UTR(-)	SGK1	629	ENST00000367858.10	-	COSG63500	5UTR(-)	652	3	35	2	y	ok
623	GENE=SH2B3|GENE_NO=630|TRANSCRIPT=ENST00000341259.7|STRAND=+|COSMIC=COSG79851|REGION=5UTR(+)	SH2B3	630	ENST00000341259.7	+	COSG79851	5UTR(+)	382	2	58	3	y	ok
624	GENE=SH3GL1|GENE_NO=631|TRANSCRIPT=ENST00000269886.7|STRAND=-|COSMIC=COSG66356|REGION=5UTR(-)	SH3GL1	631	ENST00000269886.7	-	COSG66356	5UTR(-)	179	1	36	2	y	ok
625	GENE=SHTN1|GENE_NO=632|TRANSCRIPT=ENST00000355371.9|STRAND=-|COSMIC=COSG92016|REGION=5UTR(-)	SHTN1	632	ENST00000355371.9	-	COSG92016	5UTR(-)	108	0	0	0	n	ok
626	GENE=SIRPA|GENE_NO=633|TRANSCRIPT=ENST00000358771.5|STRAND=+|COSMIC=COSG81390|REGION=5UTR(+)	SIRPA	633	ENST00000358771.5	+	COSG81390	5UTR(+)	41	0	0	0	n	ok
627	GENE=SIX1|GENE_NO=634|TRANSCRIPT=ENST00000645694.3|STRAND=-|COSMIC=COSG59671|REGION=5UTR(-)	SIX1	634	ENST00000645694.3	-	COSG59671	5UTR(-)	288	2	36	2	y	ok
628	GENE=SIX2|GENE_NO=635|TRANSCRIPT=ENST00000303077.7|STRAND=-|COSMIC=COSG60891|REGION=5UTR(-)	SIX2	635	ENST00000303077.7	-	COSG60891	5UTR(-)	342	1	64	3	y	ok
629	GENE=SKI|GENE_NO=636|TRANSCRIPT=ENST00000378536.5|STRAND=+|COSMIC=COSG101216|REGION=5UTR(+)	SKI	636	ENST00000378536.5	+	COSG101216	5UTR(+)	448				timeout	timeout
630	GENE=SLC34A2|GENE_NO=637|TRANSCRIPT=ENST00000382051.8|STRAND=+|COSMIC=COSG66821|REGION=5UTR(+)	SLC34A2	637	ENST00000382051.8	+	COSG66821	5UTR(+)	43	0	0	0	n	ok
631	GENE=SLC45A3|GENE_NO=638|TRANSCRIPT=ENST00000367145.4|STRAND=-|COSMIC=COSG90757|REGION=5UTR(-)	SLC45A3	638	ENST00000367145.4	-	COSG90757	5UTR(-)	346	2	36	2	y	ok
632	GENE=SMAD2|GENE_NO=639|TRANSCRIPT=ENST00000262160.11|STRAND=-|COSMIC=COSG72498|REGION=5UTR(-)	SMAD2	639	ENST00000262160.11	-	COSG72498	5UTR(-)	352	3	64	3	y	ok
633	GENE=SMAD3|GENE_NO=640|TRANSCRIPT=ENST00000327367.9|STRAND=+|COSMIC=COSG112721|REGION=5UTR(+)	SMAD3	640	ENST00000327367.9	+	COSG112721	5UTR(+)	553	3	62	3	y	ok
634	GENE=SMAD4|GENE_NO=641|TRANSCRIPT=ENST00000342988.8|STRAND=+|COSMIC=COSG63839|REGION=5UTR(+)	SMAD4	641	ENST00000342988.8	+	COSG63839	5UTR(+)	538	1	64	3	y	ok
635	GENE=SMARCA4|GENE_NO=642|TRANSCRIPT=ENST00000344626.10|STRAND=+|COSMIC=COSG94137|REGION=5UTR(+)	SMARCA4	642	ENST00000344626.10	+	COSG94137	5UTR(+)	176	2	36	2	y	ok
636	GENE=SMARCB1|GENE_NO=643|TRANSCRIPT=ENST00000644036.2|STRAND=+|COSMIC=COSG106041|REGION=5UTR(+)	SMARCB1	643	ENST00000644036.2	+	COSG106041	5UTR(+)	204	1	36	2	y	ok
637	GENE=SMARCD1|GENE_NO=644|TRANSCRIPT=ENST00000394963.9|STRAND=+|COSMIC=COSG71965|REGION=5UTR(+)	SMARCD1	644	ENST00000394963.9	+	COSG71965	5UTR(+)	28	1	32	2	y	ok
638	GENE=SMARCE1|GENE_NO=645|TRANSCRIPT=ENST00000348513.12|STRAND=-|COSMIC=COSG61073|REGION=5UTR(-)	SMARCE1	645	ENST00000348513.12	-	COSG61073	5UTR(-)	91	1	30	2	y	ok
639	GENE=SMC1A|GENE_NO=646|TRANSCRIPT=ENST00000322213.9|STRAND=-|COSMIC=COSG73424|REGION=5UTR(-)	SMC1A	646	ENST00000322213.9	-	COSG73424	5UTR(-)	54	1	28	2	y	ok
640	GENE=SMO|GENE_NO=647|TRANSCRIPT=ENST00000249373.8|STRAND=+|COSMIC=COSG112751|REGION=5UTR(+)	SMO	647	ENST00000249373.8	+	COSG112751	5UTR(+)	519	1	82	4	y	ok
641	GENE=SND1|GENE_NO=648|TRANSCRIPT=ENST00000354725.8|STRAND=+|COSMIC=COSG69136|REGION=5UTR(+)	SND1	648	ENST00000354725.8	+	COSG69136	5UTR(+)	180	0	0	0	n	ok
642	GENE=SNX29|GENE_NO=649|TRANSCRIPT=ENST00000566228.6|STRAND=+|COSMIC=COSG71274|REGION=5UTR(+)	SNX29	649	ENST00000566228.6	+	COSG71274	5UTR(+)	73	1	36	2	y	ok
643	GENE=SOCS1|GENE_NO=650|TRANSCRIPT=ENST00000332029.4|STRAND=-|COSMIC=COSG89969|REGION=5UTR(-)	SOCS1	650	ENST00000332029.4	-	COSG89969	5UTR(-)	176	2	32	2	y	ok
644	GENE=SOS1|GENE_NO=651|TRANSCRIPT=ENST00000402219.8|STRAND=-|COSMIC=COSG84335|REGION=5UTR(-)	SOS1	651	ENST00000402219.8	-	COSG84335	5UTR(-)	629	4	78	4	y	ok
645	GENE=SOX2|GENE_NO=652|TRANSCRIPT=ENST00000325404.3|STRAND=+|COSMIC=COSG104377|REGION=5UTR(+)	SOX2	652	ENST00000325404.3	+	COSG104377	5UTR(+)	436	3	55	3	y	ok
646	GENE=SOX21|GENE_NO=653|TRANSCRIPT=ENST00000376945.4|STRAND=-|COSMIC=COSG94735|REGION=5UTR(-)	SOX21	653	ENST00000376945.4	-	COSG94735	5UTR(-)	496	3	63	3	y	ok
647	GENE=SPECC1|GENE_NO=654|TRANSCRIPT=ENST00000395527.9|STRAND=+|COSMIC=COSG97186|REGION=5UTR(+)	SPECC1	654	ENST00000395527.9	+	COSG97186	5UTR(+)	87	1	36	2	y	ok
648	GENE=SPEN|GENE_NO=655|TRANSCRIPT=ENST00000375759.8|STRAND=+|COSMIC=COSG69096|REGION=5UTR(+)	SPEN	655	ENST00000375759.8	+	COSG69096	5UTR(+)	361	2	56	3	y	ok
649	GENE=SPOP|GENE_NO=656|TRANSCRIPT=ENST00000504102.6|STRAND=-|COSMIC=COSG63219|REGION=5UTR(-)	SPOP	656	ENST00000504102.6	-	COSG63219	5UTR(-)	231	1	34	2	y	ok
650	GENE=SRC|GENE_NO=657|TRANSCRIPT=ENST00000373578.7|STRAND=+|COSMIC=COSG62428|REGION=5UTR(+)	SRC	657	ENST00000373578.7	+	COSG62428	5UTR(+)	362	3	35	2	y	ok
651	GENE=SRGAP3|GENE_NO=658|TRANSCRIPT=ENST00000383836.8|STRAND=-|COSMIC=COSG90916|REGION=5UTR(-)	SRGAP3	658	ENST00000383836.8	-	COSG90916	5UTR(-)	695	3	32	2	y	ok
652	GENE=SRSF2|GENE_NO=659|TRANSCRIPT=ENST00000359995.10|STRAND=-|COSMIC=COSG66820|REGION=5UTR(-)	SRSF2	659	ENST00000359995.10	-	COSG66820	5UTR(-)	171	1	32	2	y	ok
653	GENE=SRSF3|GENE_NO=660|TRANSCRIPT=ENST00000373715.11|STRAND=+|COSMIC=COSG100307|REGION=5UTR(+)	SRSF3	660	ENST00000373715.11	+	COSG100307	5UTR(+)	122	1	36	2	y	ok
654	GENE=SS18|GENE_NO=661|TRANSCRIPT=ENST00000415083.7|STRAND=-|COSMIC=COSG67889|REGION=5UTR(-)	SS18	661	ENST00000415083.7	-	COSG67889	5UTR(-)	44	1	32	2	y	ok
655	GENE=SS18L1|GENE_NO=662|TRANSCRIPT=ENST00000331758.8|STRAND=+|COSMIC=COSG68150|REGION=5UTR(+)	SS18L1	662	ENST00000331758.8	+	COSG68150	5UTR(+)	52	0	0	0	n	ok
656	GENE=SSX1|GENE_NO=663|TRANSCRIPT=ENST00000376919.4|STRAND=+|COSMIC=COSG107838|REGION=5UTR(+)	SSX1	663	ENST00000376919.4	+	COSG107838	5UTR(+)	61	0	0	0	n	ok
657	GENE=SSX2|GENE_NO=664|TRANSCRIPT=ENST00000337502.6|STRAND=-|COSMIC=COSG89496|REGION=5UTR(-)	SSX2	664	ENST00000337502.6	-	COSG89496	5UTR(-)	87	0	0	0	n	ok
658	GENE=SSX4|GENE_NO=665|TRANSCRIPT=ENST00000595689.3|STRAND=+|COSMIC=COSG73109|REGION=5UTR(+)	SSX4	665	ENST00000595689.3	+	COSG73109	5UTR(+)	46	0	0	0	n	ok
659	GENE=STAG1|GENE_NO=666|TRANSCRIPT=ENST00000383202.7|STRAND=-|COSMIC=COSG104937|REGION=5UTR(-)	STAG1	666	ENST00000383202.7	-	COSG104937	5UTR(-)	267	2	36	2	y	ok
660	GENE=STAG2|GENE_NO=667|TRANSCRIPT=ENST00000371145.8|STRAND=+|COSMIC=COSG95834|REGION=5UTR(+)	STAG2	667	ENST00000371145.8	+	COSG95834	5UTR(+)	313	1	34	2	y	ok
661	GENE=STAT3|GENE_NO=668|TRANSCRIPT=ENST00000264657.10|STRAND=-|COSMIC=COSG84383|REGION=5UTR(-)	STAT3	668	ENST00000264657.10	-	COSG84383	5UTR(-)	187	1	34	2	y	ok
662	GENE=STAT5B|GENE_NO=669|TRANSCRIPT=ENST00000293328.8|STRAND=-|COSMIC=COSG97911|REGION=5UTR(-)	STAT5B	669	ENST00000293328.8	-	COSG97911	5UTR(-)	154	1	60	3	y	ok
663	GENE=STAT6|GENE_NO=670|TRANSCRIPT=ENST00000300134.8|STRAND=-|COSMIC=COSG114380|REGION=5UTR(-)	STAT6	670	ENST00000300134.8	-	COSG114380	5UTR(-)	255	2	36	2	y	ok
664	GENE=STIL|GENE_NO=671|TRANSCRIPT=ENST00000371877.8|STRAND=-|COSMIC=COSG80911|REGION=5UTR(-)	STIL	671	ENST00000371877.8	-	COSG80911	5UTR(-)	155	2	36	2	y	ok
665	GENE=STK11|GENE_NO=672|TRANSCRIPT=ENST00000326873.12|STRAND=+|COSMIC=COSG67170|REGION=5UTR(+)	STK11	672	ENST00000326873.12	+	COSG67170	5UTR(+)	1136	4	69	4	y	ok
666	GENE=STRN|GENE_NO=673|TRANSCRIPT=ENST00000263918.9|STRAND=-|COSMIC=COSG109920|REGION=5UTR(-)	STRN	673	ENST00000263918.9	-	COSG109920	5UTR(-)	73	1	34	2	y	ok
667	GENE=SUB1|GENE_NO=674|TRANSCRIPT=ENST00000265073.9|STRAND=+|COSMIC=COSG89159|REGION=5UTR(+)	SUB1	674	ENST00000265073.9	+	COSG89159	5UTR(+)	70	0	0	0	n	ok
668	GENE=SUFU|GENE_NO=675|TRANSCRIPT=ENST00000369902.8|STRAND=+|COSMIC=COSG111528|REGION=5UTR(+)	SUFU	675	ENST00000369902.8	+	COSG111528	5UTR(+)	181	1	31	2	y	ok
669	GENE=SUZ12|GENE_NO=676|TRANSCRIPT=ENST00000322652.10|STRAND=+|COSMIC=COSG102561|REGION=5UTR(+)	SUZ12	676	ENST00000322652.10	+	COSG102561	5UTR(+)	240	2	58	3	y	ok
670	GENE=SYK|GENE_NO=677|TRANSCRIPT=ENST00000375754.9|STRAND=+|COSMIC=COSG106457|REGION=5UTR(+)	SYK	677	ENST00000375754.9	+	COSG106457	5UTR(+)	116	1	35	2	y	ok
671	GENE=TAF15|GENE_NO=678|TRANSCRIPT=ENST00000605844.6|STRAND=+|COSMIC=COSG76204|REGION=5UTR(+)	TAF15	678	ENST00000605844.6	+	COSG76204	5UTR(+)	86	1	33	2	y	ok
672	GENE=TAL1|GENE_NO=679|TRANSCRIPT=ENST00000691006.1|STRAND=-|COSMIC=COSG97131|REGION=5UTR(-)	TAL1	679	ENST00000691006.1	-	COSG97131	5UTR(-)	216	2	30	2	y	ok
673	GENE=TAL2|GENE_NO=680|TRANSCRIPT=ENST00000334077.6|STRAND=+|COSMIC=COSG92048|REGION=5UTR(+)	TAL2	680	ENST00000334077.6	+	COSG92048	5UTR(+)	40	0	0	0	n	ok
674	GENE=TBL1XR1|GENE_NO=681|TRANSCRIPT=ENST00000457928.7|STRAND=-|COSMIC=COSG96938|REGION=5UTR(-)	TBL1XR1	681	ENST00000457928.7	-	COSG96938	5UTR(-)	483	2	48	3	y	ok
675	GENE=TBX3|GENE_NO=682|TRANSCRIPT=ENST00000349155.7|STRAND=-|COSMIC=COSG61092|REGION=5UTR(-)	TBX3	682	ENST00000349155.7	-	COSG61092	5UTR(-)	975	7	36	2	y	ok
676	GENE=TCEA1|GENE_NO=683|TRANSCRIPT=ENST00000521604.7|STRAND=-|COSMIC=COSG66746|REGION=5UTR(-)	TCEA1	683	ENST00000521604.7	-	COSG66746	5UTR(-)	323	2	36	2	y	ok
677	GENE=TCF12|GENE_NO=684|TRANSCRIPT=ENST00000333725.10|STRAND=+|COSMIC=COSG62962|REGION=5UTR(+)	TCF12	684	ENST00000333725.10	+	COSG62962	5UTR(+)	285	2	53	3	y	ok
678	GENE=TCF3|GENE_NO=685|TRANSCRIPT=ENST00000262965.12|STRAND=-|COSMIC=COSG59650|REGION=5UTR(-)	TCF3	685	ENST00000262965.12	-	COSG59650	5UTR(-)	355	3	63	3	y	ok
679	GENE=TCF7L2|GENE_NO=686|TRANSCRIPT=ENST00000355995.9|STRAND=+|COSMIC=COSG99267|REGION=5UTR(+)	TCF7L2	686	ENST00000355995.9	+	COSG99267	5UTR(+)	510	1	29	2	y	ok
680	GENE=TCL1A|GENE_NO=687|TRANSCRIPT=ENST00000402399.6|STRAND=-|COSMIC=COSG80884|REGION=5UTR(-)	TCL1A	687	ENST00000402399.6	-	COSG80884	5UTR(-)	59	1	32	2	y	ok
681	GENE=TEC|GENE_NO=688|TRANSCRIPT=ENST00000381501.8|STRAND=-|COSMIC=COSG72827|REGION=5UTR(-)	TEC	688	ENST00000381501.8	-	COSG72827	5UTR(-)	132	2	34	2	y	ok
682	GENE=TENT5C|GENE_NO=689|TRANSCRIPT=ENST00000369448.4|STRAND=+|COSMIC=COSG82010|REGION=5UTR(+)	TENT5C	689	ENST00000369448.4	+	COSG82010	5UTR(+)	133	1	32	2	y	ok
683	GENE=TERT|GENE_NO=690|TRANSCRIPT=ENST00000310581.10|STRAND=-|COSMIC=COSG76097|REGION=5UTR(-)	TERT	690	ENST00000310581.10	-	COSG76097	5UTR(-)	79	1	22	2	y	ok
684	GENE=TET1|GENE_NO=691|TRANSCRIPT=ENST00000373644.5|STRAND=+|COSMIC=COSG68435|REGION=5UTR(+)	TET1	691	ENST00000373644.5	+	COSG68435	5UTR(+)	528	3	54	3	y	ok
685	GENE=TET2|GENE_NO=692|TRANSCRIPT=ENST00000380013.9|STRAND=+|COSMIC=COSG109769|REGION=5UTR(+)	TET2	692	ENST00000380013.9	+	COSG109769	5UTR(+)	296	3	34	2	y	ok
686	GENE=TFE3|GENE_NO=693|TRANSCRIPT=ENST00000315869.8|STRAND=-|COSMIC=COSG110599|REGION=5UTR(-)	TFE3	693	ENST00000315869.8	-	COSG110599	5UTR(-)	131	1	57	3	y	ok
687	GENE=TFEB|GENE_NO=694|TRANSCRIPT=ENST00000373033.6|STRAND=-|COSMIC=COSG81648|REGION=5UTR(-)	TFEB	694	ENST00000373033.6	-	COSG81648	5UTR(-)	281	1	62	3	y	ok
688	GENE=TFG|GENE_NO=695|TRANSCRIPT=ENST00000240851.9|STRAND=+|COSMIC=COSG60365|REGION=5UTR(+)	TFG	695	ENST00000240851.9	+	COSG60365	5UTR(+)	271	2	35	2	y	ok
689	GENE=TFPT|GENE_NO=696|TRANSCRIPT=ENST00000391759.6|STRAND=-|COSMIC=COSG94651|REGION=5UTR(-)	TFPT	696	ENST00000391759.6	-	COSG94651	5UTR(-)	388	2	61	3	y	ok
690	GENE=TFRC|GENE_NO=697|TRANSCRIPT=ENST00000360110.9|STRAND=-|COSMIC=COSG93056|REGION=5UTR(-)	TFRC	697	ENST00000360110.9	-	COSG93056	5UTR(-)	71	1	35	2	y	ok
691	GENE=TGFBR1|GENE_NO=698|TRANSCRIPT=ENST00000374994.9|STRAND=+|COSMIC=COSG101127|REGION=5UTR(+)	TGFBR1	698	ENST00000374994.9	+	COSG101127	5UTR(+)	93	1	54	3	y	ok
692	GENE=TGFBR2|GENE_NO=699|TRANSCRIPT=ENST00000295754.10|STRAND=+|COSMIC=COSG68111|REGION=5UTR(+)	TGFBR2	699	ENST00000295754.10	+	COSG68111	5UTR(+)	283	1	52	3	y	ok
693	GENE=THRAP3|GENE_NO=700|TRANSCRIPT=ENST00000354618.10|STRAND=+|COSMIC=COSG77463|REGION=5UTR(+)	THRAP3	700	ENST00000354618.10	+	COSG77463	5UTR(+)	197	2	36	2	y	ok
694	GENE=TLX1|GENE_NO=701|TRANSCRIPT=ENST00000370196.11|STRAND=+|COSMIC=COSG114529|REGION=5UTR(+)	TLX1	701	ENST00000370196.11	+	COSG114529	5UTR(+)	242	2	34	2	y	ok
695	GENE=TLX3|GENE_NO=702|TRANSCRIPT=ENST00000296921.6|STRAND=+|COSMIC=COSG101712|REGION=5UTR(+)	TLX3	702	ENST00000296921.6	+	COSG101712	5UTR(+)	118	1	31	2	y	ok
696	GENE=TMEM127|GENE_NO=703|TRANSCRIPT=ENST00000258439.8|STRAND=-|COSMIC=COSG94256|REGION=5UTR(-)	TMEM127	703	ENST00000258439.8	-	COSG94256	5UTR(-)	260	2	62	3	y	ok
697	GENE=TMPRSS2|GENE_NO=704|TRANSCRIPT=ENST00000332149.10|STRAND=-|COSMIC=COSG82247|REGION=5UTR(-)	TMPRSS2	704	ENST00000332149.10	-	COSG82247	5UTR(-)	134	1	36	2	y	ok
698	GENE=TMSB4X|GENE_NO=705|TRANSCRIPT=ENST00000451311.7|STRAND=+|COSMIC=COSG64710|REGION=5UTR(+)	TMSB4X	705	ENST00000451311.7	+	COSG64710	5UTR(+)	75	0	0	0	n	ok
699	GENE=TNC|GENE_NO=706|TRANSCRIPT=ENST00000350763.9|STRAND=-|COSMIC=COSG105617|REGION=5UTR(-)	TNC	706	ENST00000350763.9	-	COSG105617	5UTR(-)	312	1	35	2	y	ok
700	GENE=TNFAIP3|GENE_NO=707|TRANSCRIPT=ENST00000612899.5|STRAND=+|COSMIC=COSG107227|REGION=5UTR(+)	TNFAIP3	707	ENST00000612899.5	+	COSG107227	5UTR(+)	299	2	35	2	y	ok
701	GENE=TNFRSF14|GENE_NO=708|TRANSCRIPT=ENST00000355716.5|STRAND=+|COSMIC=COSG68245|REGION=5UTR(+)	TNFRSF14	708	ENST00000355716.5	+	COSG68245	5UTR(+)	294	1	24	2	y	ok
702	GENE=TNFRSF17|GENE_NO=709|TRANSCRIPT=ENST00000053243.6|STRAND=+|COSMIC=COSG95322|REGION=5UTR(+)	TNFRSF17	709	ENST00000053243.6	+	COSG95322	5UTR(+)	115	0	0	0	n	ok
703	GENE=TNRC18|GENE_NO=710|TRANSCRIPT=ENST00000430969.6|STRAND=-|COSMIC=COSG96118|REGION=5UTR(-)	TNRC18	710	ENST00000430969.6	-	COSG96118	5UTR(-)	637	3	64	3	y	ok
704	GENE=TOP1|GENE_NO=711|TRANSCRIPT=ENST00000361337.3|STRAND=+|COSMIC=COSG78149|REGION=5UTR(+)	TOP1	711	ENST00000361337.3	+	COSG78149	5UTR(+)	246	1	22	2	y	ok
705	GENE=TP53|GENE_NO=712|TRANSCRIPT=ENST00000269305.9|STRAND=-|COSMIC=COSG115384|REGION=5UTR(-)	TP53	712	ENST00000269305.9	-	COSG115384	5UTR(-)	142	1	58	3	y	ok
706	GENE=TP63|GENE_NO=713|TRANSCRIPT=ENST00000264731.8|STRAND=+|COSMIC=COSG61770|REGION=5UTR(+)	TP63	713	ENST00000264731.8	+	COSG61770	5UTR(+)	127	0	0	0	n	ok
707	GENE=TPM3|GENE_NO=714|TRANSCRIPT=ENST00000651641.1|STRAND=-|COSMIC=COSG101931|REGION=5UTR(-)	TPM3	714	ENST00000651641.1	-	COSG101931	5UTR(-)	82	0	0	0	n	ok
708	GENE=TPM4|GENE_NO=715|TRANSCRIPT=ENST00000643579.2|STRAND=+|COSMIC=COSG98099|REGION=5UTR(+)	TPM4	715	ENST00000643579.2	+	COSG98099	5UTR(+)	71	0	0	0	n	ok
709	GENE=TPR|GENE_NO=716|TRANSCRIPT=ENST00000367478.9|STRAND=-|COSMIC=COSG113909|REGION=5UTR(-)	TPR	716	ENST00000367478.9	-	COSG113909	5UTR(-)	225	2	58	3	y	ok
710	GENE=TRAF7|GENE_NO=718|TRANSCRIPT=ENST00000326181.11|STRAND=+|COSMIC=COSG74104|REGION=5UTR(+)	TRAF7	718	ENST00000326181.11	+	COSG74104	5UTR(+)	115	1	51	3	y	ok
711	GENE=TRIM24|GENE_NO=721|TRANSCRIPT=ENST00000343526.9|STRAND=+|COSMIC=COSG114610|REGION=5UTR(+)	TRIM24	721	ENST00000343526.9	+	COSG114610	5UTR(+)	290	2	36	2	y	ok
712	GENE=TRIM27|GENE_NO=722|TRANSCRIPT=ENST00000377199.4|STRAND=-|COSMIC=COSG92877|REGION=5UTR(-)	TRIM27	722	ENST00000377199.4	-	COSG92877	5UTR(-)	353	2	61	3	y	ok
713	GENE=TRIM33|GENE_NO=723|TRANSCRIPT=ENST00000358465.7|STRAND=-|COSMIC=COSG58637|REGION=5UTR(-)	TRIM33	723	ENST00000358465.7	-	COSG58637	5UTR(-)	127	1	60	3	y	ok
714	GENE=TRIP11|GENE_NO=724|TRANSCRIPT=ENST00000267622.8|STRAND=-|COSMIC=COSG101385|REGION=5UTR(-)	TRIP11	724	ENST00000267622.8	-	COSG101385	5UTR(-)	374	2	35	2	y	ok
715	GENE=TRRAP|GENE_NO=725|TRANSCRIPT=ENST00000456197.2|STRAND=+|COSMIC=COSG67046|REGION=5UTR(+)	TRRAP	725	ENST00000456197.2	+	COSG67046	5UTR(+)	167	1	62	3	y	ok
716	GENE=TSC1|GENE_NO=726|TRANSCRIPT=ENST00000298552.9|STRAND=-|COSMIC=COSG74466|REGION=5UTR(-)	TSC1	726	ENST00000298552.9	-	COSG74466	5UTR(-)	217	1	35	2	y	ok
717	GENE=TSC2|GENE_NO=727|TRANSCRIPT=ENST00000219476.9|STRAND=+|COSMIC=COSG57978|REGION=5UTR(+)	TSC2	727	ENST00000219476.9	+	COSG57978	5UTR(+)	110	1	52	3	y	ok
718	GENE=TSHR|GENE_NO=728|TRANSCRIPT=ENST00000298171.7|STRAND=+|COSMIC=COSG90928|REGION=5UTR(+)	TSHR	728	ENST00000298171.7	+	COSG90928	5UTR(+)	60	1	32	2	y	ok
719	GENE=U2AF1|GENE_NO=729|TRANSCRIPT=ENST00000291552.9|STRAND=-|COSMIC=COSG64514|REGION=5UTR(-)	U2AF1	729	ENST00000291552.9	-	COSG64514	5UTR(-)	76	1	36	2	y	ok
720	GENE=UBR5|GENE_NO=730|TRANSCRIPT=ENST00000520539.6|STRAND=-|COSMIC=COSG65755|REGION=5UTR(-)	UBR5	730	ENST00000520539.6	-	COSG65755	5UTR(-)	466	2	74	4	y	ok
721	GENE=UBTF|GENE_NO=731|TRANSCRIPT=ENST00000436088.6|STRAND=-|COSMIC=COSG67388|REGION=5UTR(-)	UBTF	731	ENST00000436088.6	-	COSG67388	5UTR(-)	298	1	52	3	y	ok
722	GENE=USP44|GENE_NO=732|TRANSCRIPT=ENST00000258499.8|STRAND=-|COSMIC=COSG92286|REGION=5UTR(-)	USP44	732	ENST00000258499.8	-	COSG92286	5UTR(-)	275	1	34	2	y	ok
723	GENE=USP6|GENE_NO=733|TRANSCRIPT=ENST00000574788.6|STRAND=+|COSMIC=COSG107118|REGION=5UTR(+)	USP6	733	ENST00000574788.6	+	COSG107118	5UTR(+)	2636	17	60	3	y	ok
724	GENE=USP8|GENE_NO=734|TRANSCRIPT=ENST00000307179.9|STRAND=+|COSMIC=COSG87291|REGION=5UTR(+)	USP8	734	ENST00000307179.9	+	COSG87291	5UTR(+)	175	1	35	2	y	ok
725	GENE=USP9X|GENE_NO=735|TRANSCRIPT=ENST00000378308.7|STRAND=+|COSMIC=COSG86650|REGION=5UTR(+)	USP9X	735	ENST00000378308.7	+	COSG86650	5UTR(+)	823	5	57	3	y	ok
726	GENE=VAV1|GENE_NO=736|TRANSCRIPT=ENST00000602142.6|STRAND=+|COSMIC=COSG96287|REGION=5UTR(+)	VAV1	736	ENST00000602142.6	+	COSG96287	5UTR(+)	100	1	58	3	y	ok
727	GENE=VHL|GENE_NO=737|TRANSCRIPT=ENST00000256474.3|STRAND=+|COSMIC=COSG111666|REGION=5UTR(+)	VHL	737	ENST00000256474.3	+	COSG111666	5UTR(+)	70	1	35	2	y	ok
728	GENE=VTI1A|GENE_NO=738|TRANSCRIPT=ENST00000393077.3|STRAND=+|COSMIC=COSG86674|REGION=5UTR(+)	VTI1A	738	ENST00000393077.3	+	COSG86674	5UTR(+)	159	1	32	2	y	ok
729	GENE=WAS|GENE_NO=739|TRANSCRIPT=ENST00000376701.5|STRAND=+|COSMIC=COSG72492|REGION=5UTR(+)	WAS	739	ENST00000376701.5	+	COSG72492	5UTR(+)	55	0	0	0	n	ok
730	GENE=WDCP|GENE_NO=740|TRANSCRIPT=ENST00000295148.9|STRAND=-|COSMIC=COSG91148|REGION=5UTR(-)	WDCP	740	ENST00000295148.9	-	COSG91148	5UTR(-)	96	1	34	2	y	ok
731	GENE=WIF1|GENE_NO=741|TRANSCRIPT=ENST00000286574.9|STRAND=-|COSMIC=COSG112650|REGION=5UTR(-)	WIF1	741	ENST00000286574.9	-	COSG112650	5UTR(-)	114	1	35	2	y	ok
732	GENE=WNK2|GENE_NO=742|TRANSCRIPT=ENST00000427277.7|STRAND=+|COSMIC=COSG97812|REGION=5UTR(+)	WNK2	742	ENST00000427277.7	+	COSG97812	5UTR(+)	249	2	35	2	y	ok
733	GENE=WRN|GENE_NO=743|TRANSCRIPT=ENST00000298139.7|STRAND=+|COSMIC=COSG61815|REGION=5UTR(+)	WRN	743	ENST00000298139.7	+	COSG61815	5UTR(+)	240	1	34	2	y	ok
734	GENE=WT1|GENE_NO=744|TRANSCRIPT=ENST00000452863.10|STRAND=-|COSMIC=COSG61501|REGION=5UTR(-)	WT1	744	ENST00000452863.10	-	COSG61501	5UTR(-)	179	2	34	2	y	ok
735	GENE=WWTR1|GENE_NO=745|TRANSCRIPT=ENST00000360632.8|STRAND=-|COSMIC=COSG84133|REGION=5UTR(-)	WWTR1	745	ENST00000360632.8	-	COSG84133	5UTR(-)	264	2	35	2	y	ok
736	GENE=XPA|GENE_NO=746|TRANSCRIPT=ENST00000375128.5|STRAND=-|COSMIC=COSG102586|REGION=5UTR(-)	XPA	746	ENST00000375128.5	-	COSG102586	5UTR(-)	48	1	36	2	y	ok
737	GENE=XPC|GENE_NO=747|TRANSCRIPT=ENST00000285021.12|STRAND=-|COSMIC=COSG95459|REGION=5UTR(-)	XPC	747	ENST00000285021.12	-	COSG95459	5UTR(-)	33	0	0	0	n	ok
738	GENE=XPO1|GENE_NO=748|TRANSCRIPT=ENST00000401558.7|STRAND=-|COSMIC=COSG68225|REGION=5UTR(-)	XPO1	748	ENST00000401558.7	-	COSG68225	5UTR(-)	801	5	72	4	y	ok
739	GENE=YAP1|GENE_NO=749|TRANSCRIPT=ENST00000282441.10|STRAND=+|COSMIC=COSG79741|REGION=5UTR(+)	YAP1	749	ENST00000282441.10	+	COSG79741	5UTR(+)	402	2	83	4	y	ok
740	GENE=YWHAE|GENE_NO=750|TRANSCRIPT=ENST00000264335.13|STRAND=-|COSMIC=COSG73314|REGION=5UTR(-)	YWHAE	750	ENST00000264335.13	-	COSG73314	5UTR(-)	112	1	31	2	y	ok
741	GENE=ZBTB16|GENE_NO=751|TRANSCRIPT=ENST00000335953.9|STRAND=+|COSMIC=COSG68438|REGION=5UTR(+)	ZBTB16	751	ENST00000335953.9	+	COSG68438	5UTR(+)	262	2	31	2	y	ok
742	GENE=ZCCHC8|GENE_NO=752|TRANSCRIPT=ENST00000633063.3|STRAND=-|COSMIC=COSG91510|REGION=5UTR(-)	ZCCHC8	752	ENST00000633063.3	-	COSG91510	5UTR(-)	92	0	0	0	n	ok
743	GENE=ZEB1|GENE_NO=753|TRANSCRIPT=ENST00000424869.6|STRAND=+|COSMIC=COSG60276|REGION=5UTR(+)	ZEB1	753	ENST00000424869.6	+	COSG60276	5UTR(+)	19	0	0	0	n	ok
744	GENE=ZFHX3|GENE_NO=754|TRANSCRIPT=ENST00000268489.10|STRAND=-|COSMIC=COSG106670|REGION=5UTR(-)	ZFHX3	754	ENST00000268489.10	-	COSG106670	5UTR(-)	426	2	60	3	y	ok
745	GENE=ZMYM2|GENE_NO=755|TRANSCRIPT=ENST00000610343.5|STRAND=+|COSMIC=COSG84691|REGION=5UTR(+)	ZMYM2	755	ENST00000610343.5	+	COSG84691	5UTR(+)	194	2	64	3	y	ok
746	GENE=ZMYM3|GENE_NO=756|TRANSCRIPT=ENST00000314425.9|STRAND=-|COSMIC=COSG81053|REGION=5UTR(-)	ZMYM3	756	ENST00000314425.9	-	COSG81053	5UTR(-)	131	1	35	2	y	ok
747	GENE=ZNF331|GENE_NO=757|TRANSCRIPT=ENST00000449416.6|STRAND=+|COSMIC=COSG73607|REGION=5UTR(+)	ZNF331	757	ENST00000449416.6	+	COSG73607	5UTR(+)	356	2	57	3	y	ok
748	GENE=ZNF384|GENE_NO=758|TRANSCRIPT=ENST00000683879.1|STRAND=-|COSMIC=COSG68568|REGION=5UTR(-)	ZNF384	758	ENST00000683879.1	-	COSG68568	5UTR(-)	343	2	59	3	y	ok
749	GENE=ZNF429|GENE_NO=759|TRANSCRIPT=ENST00000358491.9|STRAND=+|COSMIC=COSG92428|REGION=5UTR(+)	ZNF429	759	ENST00000358491.9	+	COSG92428	5UTR(+)	170	1	34	2	y	ok
750	GENE=ZNF479|GENE_NO=760|TRANSCRIPT=ENST00000319636.10|STRAND=-|COSMIC=COSG111702|REGION=5UTR(-)	ZNF479	760	ENST00000319636.10	-	COSG111702	5UTR(-)	112	0	0	0	n	ok
751	GENE=ZNF521|GENE_NO=761|TRANSCRIPT=ENST00000361524.8|STRAND=-|COSMIC=COSG65491|REGION=5UTR(-)	ZNF521	761	ENST00000361524.8	-	COSG65491	5UTR(-)	163	1	32	2	y	ok
752	GENE=ZNRF3|GENE_NO=762|TRANSCRIPT=ENST00000544604.7|STRAND=+|COSMIC=COSG102839|REGION=5UTR(+)	ZNRF3	762	ENST00000544604.7	+	COSG102839	5UTR(+)	195	2	35	2	y	ok
753	GENE=ZRSR2|GENE_NO=763|TRANSCRIPT=ENST00000307771.8|STRAND=+|COSMIC=COSG85804|REGION=5UTR(+)	ZRSR2	763	ENST00000307771.8	+	COSG85804	5UTR(+)	12	0	0	0	n	ok
