SEQUENCE_ID	HEADER	GENE	GENE_NO	TRANSCRIPT	STRAND	COSMIC	REGION	INPUT_SEQUENCE_LENGTH	QGRS_COUNT	MAX_GSCORE	MAX_TETRADS	HAS_QGRS	STATUS
1	GENE=ABL1|GENE_NO=3|TRANSCRIPT=ENST00000318560.6|STRAND=+|COSMIC=COSG106650|REGION=3UTR(+)|VARIANT=9:130887539_G>A|ALT_INDEX=1|TX_POS=1859|TX_CHANGE=G>A|G_CHANGE_CLASS=from_G	ABL1	3	ENST00000318560.6	+	COSG106650	3UTR(+)	1995	13	58	3	y	ok
2	GENE=ACSL6|GENE_NO=7|TRANSCRIPT=ENST00000651883.2|STRAND=-|COSMIC=COSG111804|REGION=3UTR(-)|VARIANT=5:131951876_C>T|ALT_INDEX=1|TX_POS=2361|TX_CHANGE=G>A|G_CHANGE_CLASS=from_G	ACSL6	7	ENST00000651883.2	-	COSG111804	3UTR(-)	4264	11	36	2	y	ok
3	GENE=ACSL6|GENE_NO=7|TRANSCRIPT=ENST00000651883.2|STRAND=-|COSMIC=COSG111804|REGION=3UTR(-)|VARIANT=5:131953369_T>C|ALT_INDEX=1|TX_POS=868|TX_CHANGE=A>G|G_CHANGE_CLASS=to_G	ACSL6	7	ENST00000651883.2	-	COSG111804	3UTR(-)	4264	11	36	2	y	ok
4	GENE=ACVR1|GENE_NO=8|TRANSCRIPT=ENST00000434821.7|STRAND=-|COSMIC=COSG104387|REGION=3UTR(-)|VARIANT=2:157737379_C>T|ALT_INDEX=1|TX_POS=155|TX_CHANGE=G>A|G_CHANGE_CLASS=from_G	ACVR1	8	ENST00000434821.7	-	COSG104387	3UTR(-)	1088	5	34	2	y	ok
5	GENE=ACVR1|GENE_NO=8|TRANSCRIPT=ENST00000434821.7|STRAND=-|COSMIC=COSG104387|REGION=3UTR(-)|VARIANT=2:157737393_C>T|ALT_INDEX=1|TX_POS=141|TX_CHANGE=G>A|G_CHANGE_CLASS=from_G	ACVR1	8	ENST00000434821.7	-	COSG104387	3UTR(-)	1088	5	34	2	y	ok
6	GENE=AKT3|GENE_NO=18|TRANSCRIPT=ENST00000673466.1|STRAND=-|COSMIC=COSG82568|REGION=3UTR(-)|VARIANT=1:243499787_C>T|ALT_INDEX=1|TX_POS=5465|TX_CHANGE=G>A|G_CHANGE_CLASS=from_G	AKT3	18	ENST00000673466.1	-	COSG82568	3UTR(-)	5528	17	62	3	y	ok
7	GENE=ALK|GENE_NO=20|TRANSCRIPT=ENST00000389048.8|STRAND=-|COSMIC=COSG59677|REGION=3UTR(-)|VARIANT=2:29192809_C>T|ALT_INDEX=1|TX_POS=418|TX_CHANGE=G>A|G_CHANGE_CLASS=from_G	ALK	20	ENST00000389048.8	-	COSG59677	3UTR(-)	453	2	33	2	y	ok
8	GENE=ALK|GENE_NO=20|TRANSCRIPT=ENST00000389048.8|STRAND=-|COSMIC=COSG59677|REGION=3UTR(-)|VARIANT=2:29193161_T>C|ALT_INDEX=1|TX_POS=66|TX_CHANGE=A>G|G_CHANGE_CLASS=to_G	ALK	20	ENST00000389048.8	-	COSG59677	3UTR(-)	453	2	34	2	y	ok
9	GENE=ALK|GENE_NO=20|TRANSCRIPT=ENST00000389048.8|STRAND=-|COSMIC=COSG59677|REGION=3UTR(-)|VARIANT=2:29193171_C>G|ALT_INDEX=1|TX_POS=56|TX_CHANGE=G>C|G_CHANGE_CLASS=from_G	ALK	20	ENST00000389048.8	-	COSG59677	3UTR(-)	453	2	34	2	y	ok
10	GENE=ANK1|GENE_NO=22|TRANSCRIPT=ENST00000289734.13|STRAND=-|COSMIC=COSG110999|REGION=3UTR(-)|VARIANT=8:41654924_G>C|ALT_INDEX=1|TX_POS=869|TX_CHANGE=C>G|G_CHANGE_CLASS=to_G	ANK1	22	ENST00000289734.13	-	COSG110999	3UTR(-)	2568	9	58	3	y	ok
11	GENE=ANK1|GENE_NO=22|TRANSCRIPT=ENST00000289734.13|STRAND=-|COSMIC=COSG110999|REGION=3UTR(-)|VARIANT=8:41655412_A>C|ALT_INDEX=1|TX_POS=381|TX_CHANGE=T>G|G_CHANGE_CLASS=to_G	ANK1	22	ENST00000289734.13	-	COSG110999	3UTR(-)	2568	9	63	3	y	ok
12	GENE=ANK1|GENE_NO=22|TRANSCRIPT=ENST00000289734.13|STRAND=-|COSMIC=COSG110999|REGION=3UTR(-)|VARIANT=8:41655673_C>T|ALT_INDEX=1|TX_POS=120|TX_CHANGE=G>A|G_CHANGE_CLASS=from_G	ANK1	22	ENST00000289734.13	-	COSG110999	3UTR(-)	2568	9	58	3	y	ok
13	GENE=APC|GENE_NO=23|TRANSCRIPT=ENST00000257430.9|STRAND=+|COSMIC=COSG108961|REGION=3UTR(+)|VARIANT=5:112845661_G>T|ALT_INDEX=1|TX_POS=1538|TX_CHANGE=G>T|G_CHANGE_CLASS=from_G	APC	23	ENST00000257430.9	+	COSG108961	3UTR(+)	2116	3	30	2	y	ok
14	GENE=ARHGAP26|GENE_NO=26|TRANSCRIPT=ENST00000645722.2|STRAND=+|COSMIC=COSG66814|REGION=3UTR(+)|VARIANT=5:143225800_G>A|ALT_INDEX=1|TX_POS=3357|TX_CHANGE=G>A|G_CHANGE_CLASS=from_G	ARHGAP26	26	ENST00000645722.2	+	COSG66814	3UTR(+)	6564	23	36	2	y	ok
15	GENE=ARHGAP26|GENE_NO=26|TRANSCRIPT=ENST00000645722.2|STRAND=+|COSMIC=COSG66814|REGION=3UTR(+)|VARIANT=5:143227817_G>T|ALT_INDEX=1|TX_POS=5374|TX_CHANGE=G>T|G_CHANGE_CLASS=from_G	ARHGAP26	26	ENST00000645722.2	+	COSG66814	3UTR(+)	6564	23	36	2	y	ok
16	GENE=ATM|GENE_NO=42|TRANSCRIPT=ENST00000675843.1|STRAND=+|COSMIC=COSG89944|REGION=3UTR(+)|VARIANT=11:108365731_G>A|ALT_INDEX=1|TX_POS=226|TX_CHANGE=G>A|G_CHANGE_CLASS=from_G	ATM	42	ENST00000675843.1	+	COSG89944	3UTR(+)	3597	5	35	2	y	ok
17	GENE=ATM|GENE_NO=42|TRANSCRIPT=ENST00000675843.1|STRAND=+|COSMIC=COSG89944|REGION=3UTR(+)|VARIANT=11:108365746_G>C|ALT_INDEX=1|TX_POS=241|TX_CHANGE=G>C|G_CHANGE_CLASS=from_G	ATM	42	ENST00000675843.1	+	COSG89944	3UTR(+)	3597	5	35	2	y	ok
18	GENE=ATM|GENE_NO=42|TRANSCRIPT=ENST00000675843.1|STRAND=+|COSMIC=COSG89944|REGION=3UTR(+)|VARIANT=11:108368599_G>A|ALT_INDEX=1|TX_POS=3094|TX_CHANGE=G>A|G_CHANGE_CLASS=from_G	ATM	42	ENST00000675843.1	+	COSG89944	3UTR(+)	3597	4	35	2	y	ok
19	GENE=AXIN1|GENE_NO=47|TRANSCRIPT=ENST00000262320.8|STRAND=-|COSMIC=COSG75575|REGION=3UTR(-)|VARIANT=16:288114_C>T|ALT_INDEX=1|TX_POS=11|TX_CHANGE=G>A|G_CHANGE_CLASS=from_G	AXIN1	47	ENST00000262320.8	-	COSG75575	3UTR(-)	685	3	35	2	y	ok
20	GENE=AXIN2|GENE_NO=48|TRANSCRIPT=ENST00000307078.10|STRAND=-|COSMIC=COSG96143|REGION=3UTR(-)|VARIANT=17:65529239_C>T|ALT_INDEX=1|TX_POS=740|TX_CHANGE=G>A|G_CHANGE_CLASS=from_G	AXIN2	48	ENST00000307078.10	-	COSG96143	3UTR(-)	1416	4	63	3	y	ok
21	GENE=AXIN2|GENE_NO=48|TRANSCRIPT=ENST00000307078.10|STRAND=-|COSMIC=COSG96143|REGION=3UTR(-)|VARIANT=17:65529273_C>G|ALT_INDEX=1|TX_POS=706|TX_CHANGE=G>C|G_CHANGE_CLASS=from_G	AXIN2	48	ENST00000307078.10	-	COSG96143	3UTR(-)	1416	4	63	3	y	ok
22	GENE=AXIN2|GENE_NO=48|TRANSCRIPT=ENST00000307078.10|STRAND=-|COSMIC=COSG96143|REGION=3UTR(-)|VARIANT=17:65529820_C>T|ALT_INDEX=1|TX_POS=159|TX_CHANGE=G>A|G_CHANGE_CLASS=from_G	AXIN2	48	ENST00000307078.10	-	COSG96143	3UTR(-)	1416	4	61	3	y	ok
23	GENE=AXIN2|GENE_NO=48|TRANSCRIPT=ENST00000307078.10|STRAND=-|COSMIC=COSG96143|REGION=3UTR(-)|VARIANT=17:65529967_C>A|ALT_INDEX=1|TX_POS=12|TX_CHANGE=G>T|G_CHANGE_CLASS=from_G	AXIN2	48	ENST00000307078.10	-	COSG96143	3UTR(-)	1416	4	63	3	y	ok
24	GENE=AXIN2|GENE_NO=48|TRANSCRIPT=ENST00000307078.10|STRAND=-|COSMIC=COSG96143|REGION=3UTR(-)|VARIANT=17:65529968_C>G|ALT_INDEX=1|TX_POS=11|TX_CHANGE=G>C|G_CHANGE_CLASS=from_G	AXIN2	48	ENST00000307078.10	-	COSG96143	3UTR(-)	1416	4	63	3	y	ok
25	GENE=AXIN2|GENE_NO=48|TRANSCRIPT=ENST00000307078.10|STRAND=-|COSMIC=COSG96143|REGION=3UTR(-)|VARIANT=17:65529968_C>T|ALT_INDEX=1|TX_POS=11|TX_CHANGE=G>A|G_CHANGE_CLASS=from_G	AXIN2	48	ENST00000307078.10	-	COSG96143	3UTR(-)	1416	4	63	3	y	ok
26	GENE=AXIN2|GENE_NO=48|TRANSCRIPT=ENST00000307078.10|STRAND=-|COSMIC=COSG96143|REGION=3UTR(-)|VARIANT=17:65529970_C>G|ALT_INDEX=1|TX_POS=9|TX_CHANGE=G>C|G_CHANGE_CLASS=from_G	AXIN2	48	ENST00000307078.10	-	COSG96143	3UTR(-)	1416	4	63	3	y	ok
27	GENE=BAP1|GENE_NO=50|TRANSCRIPT=ENST00000460680.6|STRAND=-|COSMIC=COSG113385|REGION=3UTR(-)|VARIANT=3:52401803_C>A|ALT_INDEX=1|TX_POS=488|TX_CHANGE=G>T|G_CHANGE_CLASS=from_G	BAP1	50	ENST00000460680.6	-	COSG113385	3UTR(-)	1283	6	62	3	y	ok
28	GENE=BCL11B|GENE_NO=56|TRANSCRIPT=ENST00000357195.8|STRAND=-|COSMIC=COSG102032|REGION=3UTR(-)|VARIANT=14:99172696_C>T|ALT_INDEX=1|TX_POS=1458|TX_CHANGE=G>A|G_CHANGE_CLASS=from_G	BCL11B	56	ENST00000357195.8	-	COSG102032	3UTR(-)	4867	22	64	3	y	ok
29	GENE=BCL2|GENE_NO=57|TRANSCRIPT=ENST00000333681.5|STRAND=-|COSMIC=COSG84340|REGION=3UTR(-)|VARIANT=18:63126316_C>T|ALT_INDEX=1|TX_POS=2312|TX_CHANGE=G>A|G_CHANGE_CLASS=from_G	BCL2	57	ENST00000333681.5	-	COSG84340	3UTR(-)	5282	22	59	3	y	ok
30	GENE=BCL9|GENE_NO=62|TRANSCRIPT=ENST00000234739.8|STRAND=+|COSMIC=COSG114870|REGION=3UTR(+)|VARIANT=1:147625891_G>C|ALT_INDEX=1|TX_POS=935|TX_CHANGE=G>C|G_CHANGE_CLASS=from_G	BCL9	62	ENST00000234739.8	+	COSG114870	3UTR(+)	1260	5	63	3	y	ok
31	GENE=BCR|GENE_NO=67|TRANSCRIPT=ENST00000305877.13|STRAND=+|COSMIC=COSG70269|REGION=3UTR(+)|VARIANT=22:23316789_G>A|ALT_INDEX=1|TX_POS=1270|TX_CHANGE=G>A|G_CHANGE_CLASS=from_G	BCR	67	ENST00000305877.13	+	COSG70269	3UTR(+)	2518	13	50	3	y	ok
32	GENE=BMPR1A|GENE_NO=72|TRANSCRIPT=ENST00000372037.8|STRAND=+|COSMIC=COSG95149|REGION=3UTR(+)|VARIANT=10:86923786_T>G|ALT_INDEX=1|TX_POS=70|TX_CHANGE=T>G|G_CHANGE_CLASS=to_G	BMPR1A	72	ENST00000372037.8	+	COSG95149	3UTR(+)	4253	12	35	2	y	ok
33	GENE=BRCA1|GENE_NO=74|TRANSCRIPT=ENST00000357654.9|STRAND=-|COSMIC=COSG75342|REGION=3UTR(-)|VARIANT=17:43044886_C>T|ALT_INDEX=1|TX_POS=795|TX_CHANGE=G>A|G_CHANGE_CLASS=from_G	BRCA1	74	ENST00000357654.9	-	COSG75342	3UTR(-)	1386	6	34	2	y	ok
34	GENE=BRCA1|GENE_NO=74|TRANSCRIPT=ENST00000357654.9|STRAND=-|COSMIC=COSG75342|REGION=3UTR(-)|VARIANT=17:43045150_C>G|ALT_INDEX=1|TX_POS=531|TX_CHANGE=G>C|G_CHANGE_CLASS=from_G	BRCA1	74	ENST00000357654.9	-	COSG75342	3UTR(-)	1386	6	36	2	y	ok
35	GENE=BRCA1|GENE_NO=74|TRANSCRIPT=ENST00000357654.9|STRAND=-|COSMIC=COSG75342|REGION=3UTR(-)|VARIANT=17:43045257_C>A|ALT_INDEX=1|TX_POS=424|TX_CHANGE=G>T|G_CHANGE_CLASS=from_G	BRCA1	74	ENST00000357654.9	-	COSG75342	3UTR(-)	1386	5	36	2	y	ok
36	GENE=BRCA1|GENE_NO=74|TRANSCRIPT=ENST00000357654.9|STRAND=-|COSMIC=COSG75342|REGION=3UTR(-)|VARIANT=17:43045620_G>C|ALT_INDEX=1|TX_POS=61|TX_CHANGE=C>G|G_CHANGE_CLASS=to_G	BRCA1	74	ENST00000357654.9	-	COSG75342	3UTR(-)	1386	6	36	2	y	ok
37	GENE=BRCA1|GENE_NO=74|TRANSCRIPT=ENST00000357654.9|STRAND=-|COSMIC=COSG75342|REGION=3UTR(-)|VARIANT=17:43045639_C>T|ALT_INDEX=1|TX_POS=42|TX_CHANGE=G>A|G_CHANGE_CLASS=from_G	BRCA1	74	ENST00000357654.9	-	COSG75342	3UTR(-)	1386	6	36	2	y	ok
38	GENE=BRCA1|GENE_NO=74|TRANSCRIPT=ENST00000357654.9|STRAND=-|COSMIC=COSG75342|REGION=3UTR(-)|VARIANT=17:43045642_G>C|ALT_INDEX=1|TX_POS=39|TX_CHANGE=C>G|G_CHANGE_CLASS=to_G	BRCA1	74	ENST00000357654.9	-	COSG75342	3UTR(-)	1386	6	36	2	y	ok
39	GENE=BRCA1|GENE_NO=74|TRANSCRIPT=ENST00000357654.9|STRAND=-|COSMIC=COSG75342|REGION=3UTR(-)|VARIANT=17:43045647_C>T|ALT_INDEX=1|TX_POS=34|TX_CHANGE=G>A|G_CHANGE_CLASS=from_G	BRCA1	74	ENST00000357654.9	-	COSG75342	3UTR(-)	1386	5	36	2	y	ok
40	GENE=BRD3|GENE_NO=76|TRANSCRIPT=ENST00000303407.12|STRAND=-|COSMIC=COSG76553|REGION=3UTR(-)|VARIANT=9:134032464_C>A|ALT_INDEX=1|TX_POS=1129|TX_CHANGE=G>T|G_CHANGE_CLASS=from_G	BRD3	76	ENST00000303407.12	-	COSG76553	3UTR(-)	3288	12	60	3	y	ok
41	GENE=BRD3|GENE_NO=76|TRANSCRIPT=ENST00000303407.12|STRAND=-|COSMIC=COSG76553|REGION=3UTR(-)|VARIANT=9:134032476_C>A|ALT_INDEX=1|TX_POS=1117|TX_CHANGE=G>T|G_CHANGE_CLASS=from_G	BRD3	76	ENST00000303407.12	-	COSG76553	3UTR(-)	3288	11	60	3	y	ok
42	GENE=BRIP1|GENE_NO=78|TRANSCRIPT=ENST00000259008.7|STRAND=-|COSMIC=COSG80352|REGION=3UTR(-)|VARIANT=17:61680151_T>C|ALT_INDEX=1|TX_POS=3148|TX_CHANGE=A>G|G_CHANGE_CLASS=to_G	BRIP1	78	ENST00000259008.7	-	COSG80352	3UTR(-)	4160	9	34	2	y	ok
43	GENE=BRIP1|GENE_NO=78|TRANSCRIPT=ENST00000259008.7|STRAND=-|COSMIC=COSG80352|REGION=3UTR(-)|VARIANT=17:61680628_C>T|ALT_INDEX=1|TX_POS=2671|TX_CHANGE=G>A|G_CHANGE_CLASS=from_G	BRIP1	78	ENST00000259008.7	-	COSG80352	3UTR(-)	4160	9	34	2	y	ok
44	GENE=BRIP1|GENE_NO=78|TRANSCRIPT=ENST00000259008.7|STRAND=-|COSMIC=COSG80352|REGION=3UTR(-)|VARIANT=17:61680774_T>C|ALT_INDEX=1|TX_POS=2525|TX_CHANGE=A>G|G_CHANGE_CLASS=to_G	BRIP1	78	ENST00000259008.7	-	COSG80352	3UTR(-)	4160	9	34	2	y	ok
45	GENE=BRIP1|GENE_NO=78|TRANSCRIPT=ENST00000259008.7|STRAND=-|COSMIC=COSG80352|REGION=3UTR(-)|VARIANT=17:61681226_C>T|ALT_INDEX=1|TX_POS=2073|TX_CHANGE=G>A|G_CHANGE_CLASS=from_G	BRIP1	78	ENST00000259008.7	-	COSG80352	3UTR(-)	4160	9	34	2	y	ok
46	GENE=BRIP1|GENE_NO=78|TRANSCRIPT=ENST00000259008.7|STRAND=-|COSMIC=COSG80352|REGION=3UTR(-)|VARIANT=17:61682957_C>G|ALT_INDEX=1|TX_POS=342|TX_CHANGE=G>C|G_CHANGE_CLASS=from_G	BRIP1	78	ENST00000259008.7	-	COSG80352	3UTR(-)	4160	9	34	2	y	ok
47	GENE=BTG2|GENE_NO=80|TRANSCRIPT=ENST00000290551.5|STRAND=+|COSMIC=COSG94281|REGION=3UTR(+)|VARIANT=1:203308117_G>A|ALT_INDEX=1|TX_POS=682|TX_CHANGE=G>A|G_CHANGE_CLASS=from_G	BTG2	80	ENST00000290551.5	+	COSG94281	3UTR(+)	2167	10	60	3	y	ok
48	GENE=BTK|GENE_NO=81|TRANSCRIPT=ENST00000308731.8|STRAND=-|COSMIC=COSG96537|REGION=3UTR(-)|VARIANT=X:101349543_A>C|ALT_INDEX=1|TX_POS=345|TX_CHANGE=T>G|G_CHANGE_CLASS=to_G	BTK	81	ENST00000308731.8	-	COSG96537	3UTR(-)	438	1	36	2	y	ok
49	GENE=BTK|GENE_NO=81|TRANSCRIPT=ENST00000308731.8|STRAND=-|COSMIC=COSG96537|REGION=3UTR(-)|VARIANT=X:101349551_A>C|ALT_INDEX=1|TX_POS=337|TX_CHANGE=T>G|G_CHANGE_CLASS=to_G	BTK	81	ENST00000308731.8	-	COSG96537	3UTR(-)	438	1	36	2	y	ok
50	GENE=CANT1|GENE_NO=87|TRANSCRIPT=ENST00000392446.10|STRAND=-|COSMIC=COSG63866|REGION=3UTR(-)|VARIANT=17:78992737_C>G|ALT_INDEX=1|TX_POS=816|TX_CHANGE=G>C|G_CHANGE_CLASS=from_G	CANT1	87	ENST00000392446.10	-	COSG63866	3UTR(-)	1837	8	36	2	y	ok
51	GENE=CANT1|GENE_NO=87|TRANSCRIPT=ENST00000392446.10|STRAND=-|COSMIC=COSG63866|REGION=3UTR(-)|VARIANT=17:78993393_C>T|ALT_INDEX=1|TX_POS=160|TX_CHANGE=G>A|G_CHANGE_CLASS=from_G	CANT1	87	ENST00000392446.10	-	COSG63866	3UTR(-)	1837	8	36	2	y	ok
52	GENE=CASP8|GENE_NO=91|TRANSCRIPT=ENST00000673742.1|STRAND=+|COSMIC=COSG90904|REGION=3UTR(+)|VARIANT=2:201286665_G>A|ALT_INDEX=1|TX_POS=74|TX_CHANGE=G>A|G_CHANGE_CLASS=from_G	CASP8	91	ENST00000673742.1	+	COSG90904	3UTR(+)	1118	5	34	2	y	ok
53	GENE=CASP8|GENE_NO=91|TRANSCRIPT=ENST00000673742.1|STRAND=+|COSMIC=COSG90904|REGION=3UTR(+)|VARIANT=2:201286677_G>A|ALT_INDEX=1|TX_POS=86|TX_CHANGE=G>A|G_CHANGE_CLASS=from_G	CASP8	91	ENST00000673742.1	+	COSG90904	3UTR(+)	1118	5	34	2	y	ok
54	GENE=CASP8|GENE_NO=91|TRANSCRIPT=ENST00000673742.1|STRAND=+|COSMIC=COSG90904|REGION=3UTR(+)|VARIANT=2:201286760_G>C|ALT_INDEX=1|TX_POS=169|TX_CHANGE=G>C|G_CHANGE_CLASS=from_G	CASP8	91	ENST00000673742.1	+	COSG90904	3UTR(+)	1118	4	34	2	y	ok
55	GENE=CBL|GENE_NO=95|TRANSCRIPT=ENST00000264033.6|STRAND=+|COSMIC=COSG108842|REGION=3UTR(+)|VARIANT=11:119299820_G>A|ALT_INDEX=1|TX_POS=42|TX_CHANGE=G>A|G_CHANGE_CLASS=from_G	CBL	95	ENST00000264033.6	+	COSG108842	3UTR(+)	8371	28	56	3	y	ok
56	GENE=CBL|GENE_NO=95|TRANSCRIPT=ENST00000264033.6|STRAND=+|COSMIC=COSG108842|REGION=3UTR(+)|VARIANT=11:119299824_G>A|ALT_INDEX=1|TX_POS=46|TX_CHANGE=G>A|G_CHANGE_CLASS=from_G	CBL	95	ENST00000264033.6	+	COSG108842	3UTR(+)	8371	28	56	3	y	ok
57	GENE=CBL|GENE_NO=95|TRANSCRIPT=ENST00000264033.6|STRAND=+|COSMIC=COSG108842|REGION=3UTR(+)|VARIANT=11:119300110_A>G|ALT_INDEX=1|TX_POS=332|TX_CHANGE=A>G|G_CHANGE_CLASS=to_G	CBL	95	ENST00000264033.6	+	COSG108842	3UTR(+)	8371	28	56	3	y	ok
58	GENE=CBL|GENE_NO=95|TRANSCRIPT=ENST00000264033.6|STRAND=+|COSMIC=COSG108842|REGION=3UTR(+)|VARIANT=11:119300731_G>T|ALT_INDEX=1|TX_POS=953|TX_CHANGE=G>T|G_CHANGE_CLASS=from_G	CBL	95	ENST00000264033.6	+	COSG108842	3UTR(+)	8371	28	56	3	y	ok
59	GENE=CBL|GENE_NO=95|TRANSCRIPT=ENST00000264033.6|STRAND=+|COSMIC=COSG108842|REGION=3UTR(+)|VARIANT=11:119300840_G>A|ALT_INDEX=1|TX_POS=1062|TX_CHANGE=G>A|G_CHANGE_CLASS=from_G	CBL	95	ENST00000264033.6	+	COSG108842	3UTR(+)	8371	28	56	3	y	ok
60	GENE=CBL|GENE_NO=95|TRANSCRIPT=ENST00000264033.6|STRAND=+|COSMIC=COSG108842|REGION=3UTR(+)|VARIANT=11:119301033_G>A|ALT_INDEX=1|TX_POS=1255|TX_CHANGE=G>A|G_CHANGE_CLASS=from_G	CBL	95	ENST00000264033.6	+	COSG108842	3UTR(+)	8371	28	56	3	y	ok
61	GENE=CBL|GENE_NO=95|TRANSCRIPT=ENST00000264033.6|STRAND=+|COSMIC=COSG108842|REGION=3UTR(+)|VARIANT=11:119301039_G>A|ALT_INDEX=1|TX_POS=1261|TX_CHANGE=G>A|G_CHANGE_CLASS=from_G	CBL	95	ENST00000264033.6	+	COSG108842	3UTR(+)	8371	28	56	3	y	ok
62	GENE=CBL|GENE_NO=95|TRANSCRIPT=ENST00000264033.6|STRAND=+|COSMIC=COSG108842|REGION=3UTR(+)|VARIANT=11:119302335_G>C|ALT_INDEX=1|TX_POS=2557|TX_CHANGE=G>C|G_CHANGE_CLASS=from_G	CBL	95	ENST00000264033.6	+	COSG108842	3UTR(+)	8371	28	56	3	y	ok
63	GENE=CBL|GENE_NO=95|TRANSCRIPT=ENST00000264033.6|STRAND=+|COSMIC=COSG108842|REGION=3UTR(+)|VARIANT=11:119303759_G>C|ALT_INDEX=1|TX_POS=3981|TX_CHANGE=G>C|G_CHANGE_CLASS=from_G	CBL	95	ENST00000264033.6	+	COSG108842	3UTR(+)	8371	28	56	3	y	ok
64	GENE=CBL|GENE_NO=95|TRANSCRIPT=ENST00000264033.6|STRAND=+|COSMIC=COSG108842|REGION=3UTR(+)|VARIANT=11:119304658_G>A|ALT_INDEX=1|TX_POS=4880|TX_CHANGE=G>A|G_CHANGE_CLASS=from_G	CBL	95	ENST00000264033.6	+	COSG108842	3UTR(+)	8371	28	56	3	y	ok
65	GENE=CBL|GENE_NO=95|TRANSCRIPT=ENST00000264033.6|STRAND=+|COSMIC=COSG108842|REGION=3UTR(+)|VARIANT=11:119307382_G>A|ALT_INDEX=1|TX_POS=7604|TX_CHANGE=G>A|G_CHANGE_CLASS=from_G	CBL	95	ENST00000264033.6	+	COSG108842	3UTR(+)	8371	28	56	3	y	ok
66	GENE=CBL|GENE_NO=95|TRANSCRIPT=ENST00000264033.6|STRAND=+|COSMIC=COSG108842|REGION=3UTR(+)|VARIANT=11:119307542_G>A|ALT_INDEX=1|TX_POS=7764|TX_CHANGE=G>A|G_CHANGE_CLASS=from_G	CBL	95	ENST00000264033.6	+	COSG108842	3UTR(+)	8371	28	36	2	y	ok
67	GENE=CD209|GENE_NO=107|TRANSCRIPT=ENST00000315599.12|STRAND=-|COSMIC=COSG61611|REGION=3UTR(-)|VARIANT=19:7741820_C>T|ALT_INDEX=1|TX_POS=1222|TX_CHANGE=G>A|G_CHANGE_CLASS=from_G	CD209	107	ENST00000315599.12	-	COSG61611	3UTR(-)	3049	16	35	2	y	ok
68	GENE=CD274|GENE_NO=108|TRANSCRIPT=ENST00000381577.4|STRAND=+|COSMIC=COSG87130|REGION=3UTR(+)|VARIANT=9:5467955_G>A|ALT_INDEX=1|TX_POS=96|TX_CHANGE=G>A|G_CHANGE_CLASS=from_G	CD274	108	ENST00000381577.4	+	COSG87130	3UTR(+)	2695	4	36	2	y	ok
69	GENE=CDC73|GENE_NO=113|TRANSCRIPT=ENST00000367435.5|STRAND=+|COSMIC=COSG72057|REGION=3UTR(+)|VARIANT=1:193251979_A>G|ALT_INDEX=1|TX_POS=1270|TX_CHANGE=A>G|G_CHANGE_CLASS=to_G	CDC73	113	ENST00000367435.5	+	COSG72057	3UTR(+)	4106	8	35	2	y	ok
70	GENE=CDC73|GENE_NO=113|TRANSCRIPT=ENST00000367435.5|STRAND=+|COSMIC=COSG72057|REGION=3UTR(+)|VARIANT=1:193252008_C>G|ALT_INDEX=1|TX_POS=1299|TX_CHANGE=C>G|G_CHANGE_CLASS=to_G	CDC73	113	ENST00000367435.5	+	COSG72057	3UTR(+)	4106	8	35	2	y	ok
71	GENE=CDH1|GENE_NO=114|TRANSCRIPT=ENST00000261769.10|STRAND=+|COSMIC=COSG106721|REGION=3UTR(+)|VARIANT=16:68833499_G>A|ALT_INDEX=1|TX_POS=3|TX_CHANGE=G>A|G_CHANGE_CLASS=from_G	CDH1	114	ENST00000261769.10	+	COSG106721	3UTR(+)	2041	7	34	2	y	ok
72	GENE=CDH1|GENE_NO=114|TRANSCRIPT=ENST00000261769.10|STRAND=+|COSMIC=COSG106721|REGION=3UTR(+)|VARIANT=16:68833499_G>T|ALT_INDEX=1|TX_POS=3|TX_CHANGE=G>T|G_CHANGE_CLASS=from_G	CDH1	114	ENST00000261769.10	+	COSG106721	3UTR(+)	2041	7	34	2	y	ok
73	GENE=CDH1|GENE_NO=114|TRANSCRIPT=ENST00000261769.10|STRAND=+|COSMIC=COSG106721|REGION=3UTR(+)|VARIANT=16:68833500_G>C|ALT_INDEX=1|TX_POS=4|TX_CHANGE=G>C|G_CHANGE_CLASS=from_G	CDH1	114	ENST00000261769.10	+	COSG106721	3UTR(+)	2041	7	34	2	y	ok
74	GENE=CDH1|GENE_NO=114|TRANSCRIPT=ENST00000261769.10|STRAND=+|COSMIC=COSG106721|REGION=3UTR(+)|VARIANT=16:68833501_G>C|ALT_INDEX=1|TX_POS=5|TX_CHANGE=G>C|G_CHANGE_CLASS=from_G	CDH1	114	ENST00000261769.10	+	COSG106721	3UTR(+)	2041	7	34	2	y	ok
75	GENE=CDH1|GENE_NO=114|TRANSCRIPT=ENST00000261769.10|STRAND=+|COSMIC=COSG106721|REGION=3UTR(+)|VARIANT=16:68833502_G>A|ALT_INDEX=1|TX_POS=6|TX_CHANGE=G>A|G_CHANGE_CLASS=from_G	CDH1	114	ENST00000261769.10	+	COSG106721	3UTR(+)	2041	7	34	2	y	ok
76	GENE=CDH1|GENE_NO=114|TRANSCRIPT=ENST00000261769.10|STRAND=+|COSMIC=COSG106721|REGION=3UTR(+)|VARIANT=16:68833502_G>C|ALT_INDEX=1|TX_POS=6|TX_CHANGE=G>C|G_CHANGE_CLASS=from_G	CDH1	114	ENST00000261769.10	+	COSG106721	3UTR(+)	2041	7	34	2	y	ok
77	GENE=CDH1|GENE_NO=114|TRANSCRIPT=ENST00000261769.10|STRAND=+|COSMIC=COSG106721|REGION=3UTR(+)|VARIANT=16:68833504_C>G|ALT_INDEX=1|TX_POS=8|TX_CHANGE=C>G|G_CHANGE_CLASS=to_G	CDH1	114	ENST00000261769.10	+	COSG106721	3UTR(+)	2041	7	34	2	y	ok
78	GENE=CDH1|GENE_NO=114|TRANSCRIPT=ENST00000261769.10|STRAND=+|COSMIC=COSG106721|REGION=3UTR(+)|VARIANT=16:68833506_C>G|ALT_INDEX=1|TX_POS=10|TX_CHANGE=C>G|G_CHANGE_CLASS=to_G	CDH1	114	ENST00000261769.10	+	COSG106721	3UTR(+)	2041	7	34	2	y	ok
79	GENE=CDH1|GENE_NO=114|TRANSCRIPT=ENST00000261769.10|STRAND=+|COSMIC=COSG106721|REGION=3UTR(+)|VARIANT=16:68833507_G>A|ALT_INDEX=1|TX_POS=11|TX_CHANGE=G>A|G_CHANGE_CLASS=from_G	CDH1	114	ENST00000261769.10	+	COSG106721	3UTR(+)	2041	7	34	2	y	ok
80	GENE=CDH1|GENE_NO=114|TRANSCRIPT=ENST00000261769.10|STRAND=+|COSMIC=COSG106721|REGION=3UTR(+)|VARIANT=16:68833507_G>C|ALT_INDEX=1|TX_POS=11|TX_CHANGE=G>C|G_CHANGE_CLASS=from_G	CDH1	114	ENST00000261769.10	+	COSG106721	3UTR(+)	2041	7	34	2	y	ok
81	GENE=CDH1|GENE_NO=114|TRANSCRIPT=ENST00000261769.10|STRAND=+|COSMIC=COSG106721|REGION=3UTR(+)|VARIANT=16:68833513_G>C|ALT_INDEX=1|TX_POS=17|TX_CHANGE=G>C|G_CHANGE_CLASS=from_G	CDH1	114	ENST00000261769.10	+	COSG106721	3UTR(+)	2041	7	34	2	y	ok
82	GENE=CDH1|GENE_NO=114|TRANSCRIPT=ENST00000261769.10|STRAND=+|COSMIC=COSG106721|REGION=3UTR(+)|VARIANT=16:68833515_C>G|ALT_INDEX=1|TX_POS=19|TX_CHANGE=C>G|G_CHANGE_CLASS=to_G	CDH1	114	ENST00000261769.10	+	COSG106721	3UTR(+)	2041	7	52	3	y	ok
83	GENE=CDH1|GENE_NO=114|TRANSCRIPT=ENST00000261769.10|STRAND=+|COSMIC=COSG106721|REGION=3UTR(+)|VARIANT=16:68833516_G>A|ALT_INDEX=1|TX_POS=20|TX_CHANGE=G>A|G_CHANGE_CLASS=from_G	CDH1	114	ENST00000261769.10	+	COSG106721	3UTR(+)	2041	7	34	2	y	ok
84	GENE=CDH1|GENE_NO=114|TRANSCRIPT=ENST00000261769.10|STRAND=+|COSMIC=COSG106721|REGION=3UTR(+)|VARIANT=16:68835161_G>C|ALT_INDEX=1|TX_POS=1665|TX_CHANGE=G>C|G_CHANGE_CLASS=from_G	CDH1	114	ENST00000261769.10	+	COSG106721	3UTR(+)	2041	7	34	2	y	ok
85	GENE=CDH1|GENE_NO=114|TRANSCRIPT=ENST00000261769.10|STRAND=+|COSMIC=COSG106721|REGION=3UTR(+)|VARIANT=16:68835190_G>T|ALT_INDEX=1|TX_POS=1694|TX_CHANGE=G>T|G_CHANGE_CLASS=from_G	CDH1	114	ENST00000261769.10	+	COSG106721	3UTR(+)	2041	7	34	2	y	ok
86	GENE=CDH1|GENE_NO=114|TRANSCRIPT=ENST00000261769.10|STRAND=+|COSMIC=COSG106721|REGION=3UTR(+)|VARIANT=16:68835192_G>T|ALT_INDEX=1|TX_POS=1696|TX_CHANGE=G>T|G_CHANGE_CLASS=from_G	CDH1	114	ENST00000261769.10	+	COSG106721	3UTR(+)	2041	7	34	2	y	ok
87	GENE=CDK4|GENE_NO=119|TRANSCRIPT=ENST00000257904.11|STRAND=-|COSMIC=COSG58322|REGION=3UTR(-)|VARIANT=12:57747819_C>T|ALT_INDEX=1|TX_POS=709|TX_CHANGE=G>A|G_CHANGE_CLASS=from_G	CDK4	119	ENST00000257904.11	-	COSG58322	3UTR(-)	801	6	34	2	y	ok
88	GENE=CDK4|GENE_NO=119|TRANSCRIPT=ENST00000257904.11|STRAND=-|COSMIC=COSG58322|REGION=3UTR(-)|VARIANT=12:57747835_C>T|ALT_INDEX=1|TX_POS=693|TX_CHANGE=G>A|G_CHANGE_CLASS=from_G	CDK4	119	ENST00000257904.11	-	COSG58322	3UTR(-)	801	6	34	2	y	ok
89	GENE=CDK4|GENE_NO=119|TRANSCRIPT=ENST00000257904.11|STRAND=-|COSMIC=COSG58322|REGION=3UTR(-)|VARIANT=12:57748254_T>C|ALT_INDEX=1|TX_POS=274|TX_CHANGE=A>G|G_CHANGE_CLASS=to_G	CDK4	119	ENST00000257904.11	-	COSG58322	3UTR(-)	801	6	34	2	y	ok
90	GENE=CDK4|GENE_NO=119|TRANSCRIPT=ENST00000257904.11|STRAND=-|COSMIC=COSG58322|REGION=3UTR(-)|VARIANT=12:57748279_C>A|ALT_INDEX=1|TX_POS=249|TX_CHANGE=G>T|G_CHANGE_CLASS=from_G	CDK4	119	ENST00000257904.11	-	COSG58322	3UTR(-)	801	5	34	2	y	ok
91	GENE=CDK4|GENE_NO=119|TRANSCRIPT=ENST00000257904.11|STRAND=-|COSMIC=COSG58322|REGION=3UTR(-)|VARIANT=12:57748513_C>G|ALT_INDEX=1|TX_POS=15|TX_CHANGE=G>C|G_CHANGE_CLASS=from_G	CDK4	119	ENST00000257904.11	-	COSG58322	3UTR(-)	801	6	34	2	y	ok
92	GENE=CDK4|GENE_NO=119|TRANSCRIPT=ENST00000257904.11|STRAND=-|COSMIC=COSG58322|REGION=3UTR(-)|VARIANT=12:57748516_C>T|ALT_INDEX=1|TX_POS=12|TX_CHANGE=G>A|G_CHANGE_CLASS=from_G	CDK4	119	ENST00000257904.11	-	COSG58322	3UTR(-)	801	6	34	2	y	ok
93	GENE=CDK4|GENE_NO=119|TRANSCRIPT=ENST00000257904.11|STRAND=-|COSMIC=COSG58322|REGION=3UTR(-)|VARIANT=12:57748519_C>T|ALT_INDEX=1|TX_POS=9|TX_CHANGE=G>A|G_CHANGE_CLASS=from_G	CDK4	119	ENST00000257904.11	-	COSG58322	3UTR(-)	801	6	34	2	y	ok
94	GENE=CEBPA|GENE_NO=126|TRANSCRIPT=ENST00000498907.3|STRAND=-|COSMIC=COSG97270|REGION=3UTR(-)|VARIANT=19:33301307_C>G|ALT_INDEX=1|TX_POS=34|TX_CHANGE=G>C|G_CHANGE_CLASS=from_G	CEBPA	126	ENST00000498907.3	-	COSG97270	3UTR(-)	1407	9	64	3	y	ok
95	GENE=CIITA|GENE_NO=135|TRANSCRIPT=ENST00000324288.14|STRAND=+|COSMIC=COSG86391|REGION=3UTR(+)|VARIANT=16:10923903_G>C|ALT_INDEX=1|TX_POS=51|TX_CHANGE=G>C|G_CHANGE_CLASS=from_G	CIITA	135	ENST00000324288.14	+	COSG86391	3UTR(+)	12542	59	62	3	y	ok
96	GENE=CIITA|GENE_NO=135|TRANSCRIPT=ENST00000324288.14|STRAND=+|COSMIC=COSG86391|REGION=3UTR(+)|VARIANT=16:10923981_G>A|ALT_INDEX=1|TX_POS=129|TX_CHANGE=G>A|G_CHANGE_CLASS=from_G	CIITA	135	ENST00000324288.14	+	COSG86391	3UTR(+)	12542	59	62	3	y	ok
97	GENE=CIITA|GENE_NO=135|TRANSCRIPT=ENST00000324288.14|STRAND=+|COSMIC=COSG86391|REGION=3UTR(+)|VARIANT=16:10924013_G>A|ALT_INDEX=1|TX_POS=161|TX_CHANGE=G>A|G_CHANGE_CLASS=from_G	CIITA	135	ENST00000324288.14	+	COSG86391	3UTR(+)	12542	59	62	3	y	ok
98	GENE=CIITA|GENE_NO=135|TRANSCRIPT=ENST00000324288.14|STRAND=+|COSMIC=COSG86391|REGION=3UTR(+)|VARIANT=16:10924425_G>A|ALT_INDEX=1|TX_POS=573|TX_CHANGE=G>A|G_CHANGE_CLASS=from_G	CIITA	135	ENST00000324288.14	+	COSG86391	3UTR(+)	12542	59	62	3	y	ok
99	GENE=CIITA|GENE_NO=135|TRANSCRIPT=ENST00000324288.14|STRAND=+|COSMIC=COSG86391|REGION=3UTR(+)|VARIANT=16:10924442_A>G|ALT_INDEX=1|TX_POS=590|TX_CHANGE=A>G|G_CHANGE_CLASS=to_G	CIITA	135	ENST00000324288.14	+	COSG86391	3UTR(+)	12542	59	62	3	y	ok
100	GENE=CIITA|GENE_NO=135|TRANSCRIPT=ENST00000324288.14|STRAND=+|COSMIC=COSG86391|REGION=3UTR(+)|VARIANT=16:10924766_G>A|ALT_INDEX=1|TX_POS=914|TX_CHANGE=G>A|G_CHANGE_CLASS=from_G	CIITA	135	ENST00000324288.14	+	COSG86391	3UTR(+)	12542	59	61	3	y	ok
101	GENE=CIITA|GENE_NO=135|TRANSCRIPT=ENST00000324288.14|STRAND=+|COSMIC=COSG86391|REGION=3UTR(+)|VARIANT=16:10924782_G>A|ALT_INDEX=1|TX_POS=930|TX_CHANGE=G>A|G_CHANGE_CLASS=from_G	CIITA	135	ENST00000324288.14	+	COSG86391	3UTR(+)	12542	59	62	3	y	ok
102	GENE=CNTNAP2|GENE_NO=143|TRANSCRIPT=ENST00000361727.8|STRAND=+|COSMIC=COSG62503|REGION=3UTR(+)|VARIANT=7:148415664_G>A|ALT_INDEX=1|TX_POS=51|TX_CHANGE=G>A|G_CHANGE_CLASS=from_G	CNTNAP2	143	ENST00000361727.8	+	COSG62503	3UTR(+)	5385	14	62	3	y	ok
103	GENE=CNTNAP2|GENE_NO=143|TRANSCRIPT=ENST00000361727.8|STRAND=+|COSMIC=COSG62503|REGION=3UTR(+)|VARIANT=7:148415667_G>C|ALT_INDEX=1|TX_POS=54|TX_CHANGE=G>C|G_CHANGE_CLASS=from_G	CNTNAP2	143	ENST00000361727.8	+	COSG62503	3UTR(+)	5385	14	62	3	y	ok
104	GENE=CNTNAP2|GENE_NO=143|TRANSCRIPT=ENST00000361727.8|STRAND=+|COSMIC=COSG62503|REGION=3UTR(+)|VARIANT=7:148416294_G>C|ALT_INDEX=1|TX_POS=681|TX_CHANGE=G>C|G_CHANGE_CLASS=from_G	CNTNAP2	143	ENST00000361727.8	+	COSG62503	3UTR(+)	5385	14	62	3	y	ok
105	GENE=CNTNAP2|GENE_NO=143|TRANSCRIPT=ENST00000361727.8|STRAND=+|COSMIC=COSG62503|REGION=3UTR(+)|VARIANT=7:148416865_G>A|ALT_INDEX=1|TX_POS=1252|TX_CHANGE=G>A|G_CHANGE_CLASS=from_G	CNTNAP2	143	ENST00000361727.8	+	COSG62503	3UTR(+)	5385	13	62	3	y	ok
106	GENE=CNTNAP2|GENE_NO=143|TRANSCRIPT=ENST00000361727.8|STRAND=+|COSMIC=COSG62503|REGION=3UTR(+)|VARIANT=7:148417474_G>A|ALT_INDEX=1|TX_POS=1861|TX_CHANGE=G>A|G_CHANGE_CLASS=from_G	CNTNAP2	143	ENST00000361727.8	+	COSG62503	3UTR(+)	5385	13	62	3	y	ok
107	GENE=CNTNAP2|GENE_NO=143|TRANSCRIPT=ENST00000361727.8|STRAND=+|COSMIC=COSG62503|REGION=3UTR(+)|VARIANT=7:148418485_G>A|ALT_INDEX=1|TX_POS=2872|TX_CHANGE=G>A|G_CHANGE_CLASS=from_G	CNTNAP2	143	ENST00000361727.8	+	COSG62503	3UTR(+)	5385	13	62	3	y	ok
108	GENE=CNTNAP2|GENE_NO=143|TRANSCRIPT=ENST00000361727.8|STRAND=+|COSMIC=COSG62503|REGION=3UTR(+)|VARIANT=7:148420064_G>T|ALT_INDEX=1|TX_POS=4451|TX_CHANGE=G>T|G_CHANGE_CLASS=from_G	CNTNAP2	143	ENST00000361727.8	+	COSG62503	3UTR(+)	5385	14	62	3	y	ok
109	GENE=CNTNAP2|GENE_NO=143|TRANSCRIPT=ENST00000361727.8|STRAND=+|COSMIC=COSG62503|REGION=3UTR(+)|VARIANT=7:148420639_G>A|ALT_INDEX=1|TX_POS=5026|TX_CHANGE=G>A|G_CHANGE_CLASS=from_G	CNTNAP2	143	ENST00000361727.8	+	COSG62503	3UTR(+)	5385	13	62	3	y	ok
110	GENE=COL1A1|GENE_NO=145|TRANSCRIPT=ENST00000225964.10|STRAND=-|COSMIC=COSG58498|REGION=3UTR(-)|VARIANT=17:50184414_C>T|ALT_INDEX=1|TX_POS=1091|TX_CHANGE=G>A|G_CHANGE_CLASS=from_G	COL1A1	145	ENST00000225964.10	-	COSG58498	3UTR(-)	1404	6	79	4	y	ok
111	GENE=COL1A1|GENE_NO=145|TRANSCRIPT=ENST00000225964.10|STRAND=-|COSMIC=COSG58498|REGION=3UTR(-)|VARIANT=17:50184665_C>T|ALT_INDEX=1|TX_POS=840|TX_CHANGE=G>A|G_CHANGE_CLASS=from_G	COL1A1	145	ENST00000225964.10	-	COSG58498	3UTR(-)	1404	6	64	3	y	ok
112	GENE=COL1A1|GENE_NO=145|TRANSCRIPT=ENST00000225964.10|STRAND=-|COSMIC=COSG58498|REGION=3UTR(-)|VARIANT=17:50184769_C>T|ALT_INDEX=1|TX_POS=736|TX_CHANGE=G>A|G_CHANGE_CLASS=from_G	COL1A1	145	ENST00000225964.10	-	COSG58498	3UTR(-)	1404	6	79	4	y	ok
113	GENE=COL2A1|GENE_NO=146|TRANSCRIPT=ENST00000380518.8|STRAND=-|COSMIC=COSG77932|REGION=3UTR(-)|VARIANT=12:47973076_C>T|ALT_INDEX=1|TX_POS=334|TX_CHANGE=G>A|G_CHANGE_CLASS=from_G	COL2A1	146	ENST00000380518.8	-	COSG77932	3UTR(-)	443	2	34	2	y	ok
114	GENE=COL2A1|GENE_NO=146|TRANSCRIPT=ENST00000380518.8|STRAND=-|COSMIC=COSG77932|REGION=3UTR(-)|VARIANT=12:47973102_C>T|ALT_INDEX=1|TX_POS=308|TX_CHANGE=G>A|G_CHANGE_CLASS=from_G	COL2A1	146	ENST00000380518.8	-	COSG77932	3UTR(-)	443	2	34	2	y	ok
115	GENE=COL3A1|GENE_NO=147|TRANSCRIPT=ENST00000304636.9|STRAND=+|COSMIC=COSG86912|REGION=3UTR(+)|VARIANT=2:189012602_G>T|ALT_INDEX=1|TX_POS=831|TX_CHANGE=G>T|G_CHANGE_CLASS=from_G	COL3A1	147	ENST00000304636.9	+	COSG86912	3UTR(+)	975	0	0	0	n	ok
116	GENE=CSF1R|GENE_NO=158|TRANSCRIPT=ENST00000675795.1|STRAND=-|COSMIC=COSG99554|REGION=3UTR(-)|VARIANT=5:150053913_C>T|ALT_INDEX=1|TX_POS=159|TX_CHANGE=G>A|G_CHANGE_CLASS=from_G	CSF1R	158	ENST00000675795.1	-	COSG99554	3UTR(-)	777	5	35	2	y	ok
117	GENE=CSF1R|GENE_NO=158|TRANSCRIPT=ENST00000675795.1|STRAND=-|COSMIC=COSG99554|REGION=3UTR(-)|VARIANT=5:150054013_C>T|ALT_INDEX=1|TX_POS=59|TX_CHANGE=G>A|G_CHANGE_CLASS=from_G	CSF1R	158	ENST00000675795.1	-	COSG99554	3UTR(-)	777	5	36	2	y	ok
118	GENE=CSF3R|GENE_NO=159|TRANSCRIPT=ENST00000373106.6|STRAND=-|COSMIC=COSG99846|REGION=3UTR(-)|VARIANT=1:36466184_C>A|ALT_INDEX=1|TX_POS=176|TX_CHANGE=G>T|G_CHANGE_CLASS=from_G	CSF3R	159	ENST00000373106.6	-	COSG99846	3UTR(-)	317	2	35	2	y	ok
119	GENE=CSF3R|GENE_NO=159|TRANSCRIPT=ENST00000373106.6|STRAND=-|COSMIC=COSG99846|REGION=3UTR(-)|VARIANT=1:36466196_C>T|ALT_INDEX=1|TX_POS=164|TX_CHANGE=G>A|G_CHANGE_CLASS=from_G	CSF3R	159	ENST00000373106.6	-	COSG99846	3UTR(-)	317	1	35	2	y	ok
120	GENE=CTCF|GENE_NO=161|TRANSCRIPT=ENST00000264010.10|STRAND=+|COSMIC=COSG77622|REGION=3UTR(+)|VARIANT=16:67637901_T>G|ALT_INDEX=1|TX_POS=32|TX_CHANGE=T>G|G_CHANGE_CLASS=to_G	CTCF	161	ENST00000264010.10	+	COSG77622	3UTR(+)	1308	2	35	2	y	ok
121	GENE=CTNNA1|GENE_NO=162|TRANSCRIPT=ENST00000302763.12|STRAND=+|COSMIC=COSG89685|REGION=3UTR(+)|VARIANT=5:138934099_G>A|ALT_INDEX=1|TX_POS=13|TX_CHANGE=G>A|G_CHANGE_CLASS=from_G	CTNNA1	162	ENST00000302763.12	+	COSG89685	3UTR(+)	948	3	34	2	y	ok
122	GENE=CTNNA1|GENE_NO=162|TRANSCRIPT=ENST00000302763.12|STRAND=+|COSMIC=COSG89685|REGION=3UTR(+)|VARIANT=5:138934099_G>C|ALT_INDEX=1|TX_POS=13|TX_CHANGE=G>C|G_CHANGE_CLASS=from_G	CTNNA1	162	ENST00000302763.12	+	COSG89685	3UTR(+)	948	3	34	2	y	ok
123	GENE=CTNND2|GENE_NO=166|TRANSCRIPT=ENST00000304623.13|STRAND=-|COSMIC=COSG98798|REGION=3UTR(-)|VARIANT=5:10973451_C>T|ALT_INDEX=1|TX_POS=5|TX_CHANGE=G>A|G_CHANGE_CLASS=from_G	CTNND2	166	ENST00000304623.13	-	COSG98798	3UTR(-)	1620	4	55	3	y	ok
124	GENE=CUL3|GENE_NO=167|TRANSCRIPT=ENST00000264414.9|STRAND=-|COSMIC=COSG110820|REGION=3UTR(-)|VARIANT=2:224471904_C>G|ALT_INDEX=1|TX_POS=2344|TX_CHANGE=G>C|G_CHANGE_CLASS=from_G	CUL3	167	ENST00000264414.9	-	COSG110820	3UTR(-)	4098	6	34	2	y	ok
125	GENE=CUL3|GENE_NO=167|TRANSCRIPT=ENST00000264414.9|STRAND=-|COSMIC=COSG110820|REGION=3UTR(-)|VARIANT=2:224472115_T>C|ALT_INDEX=1|TX_POS=2133|TX_CHANGE=A>G|G_CHANGE_CLASS=to_G	CUL3	167	ENST00000264414.9	-	COSG110820	3UTR(-)	4098	6	34	2	y	ok
126	GENE=CUL3|GENE_NO=167|TRANSCRIPT=ENST00000264414.9|STRAND=-|COSMIC=COSG110820|REGION=3UTR(-)|VARIANT=2:224472471_C>A|ALT_INDEX=1|TX_POS=1777|TX_CHANGE=G>T|G_CHANGE_CLASS=from_G	CUL3	167	ENST00000264414.9	-	COSG110820	3UTR(-)	4098	5	34	2	y	ok
127	GENE=CYLD|GENE_NO=170|TRANSCRIPT=ENST00000427738.8|STRAND=+|COSMIC=COSG70548|REGION=3UTR(+)|VARIANT=16:50798877_G>A|ALT_INDEX=1|TX_POS=2372|TX_CHANGE=G>A|G_CHANGE_CLASS=from_G	CYLD	170	ENST00000427738.8	+	COSG70548	3UTR(+)	5430	20	58	3	y	ok
128	GENE=CYLD|GENE_NO=170|TRANSCRIPT=ENST00000427738.8|STRAND=+|COSMIC=COSG70548|REGION=3UTR(+)|VARIANT=16:50798946_G>A|ALT_INDEX=1|TX_POS=2441|TX_CHANGE=G>A|G_CHANGE_CLASS=from_G	CYLD	170	ENST00000427738.8	+	COSG70548	3UTR(+)	5430	20	58	3	y	ok
129	GENE=CYLD|GENE_NO=170|TRANSCRIPT=ENST00000427738.8|STRAND=+|COSMIC=COSG70548|REGION=3UTR(+)|VARIANT=16:50799029_G>A|ALT_INDEX=1|TX_POS=2524|TX_CHANGE=G>A|G_CHANGE_CLASS=from_G	CYLD	170	ENST00000427738.8	+	COSG70548	3UTR(+)	5430	20	58	3	y	ok
130	GENE=CYLD|GENE_NO=170|TRANSCRIPT=ENST00000427738.8|STRAND=+|COSMIC=COSG70548|REGION=3UTR(+)|VARIANT=16:50799064_A>G|ALT_INDEX=1|TX_POS=2559|TX_CHANGE=A>G|G_CHANGE_CLASS=to_G	CYLD	170	ENST00000427738.8	+	COSG70548	3UTR(+)	5430	20	58	3	y	ok
131	GENE=CYLD|GENE_NO=170|TRANSCRIPT=ENST00000427738.8|STRAND=+|COSMIC=COSG70548|REGION=3UTR(+)|VARIANT=16:50799892_G>A|ALT_INDEX=1|TX_POS=3387|TX_CHANGE=G>A|G_CHANGE_CLASS=from_G	CYLD	170	ENST00000427738.8	+	COSG70548	3UTR(+)	5430	19	58	3	y	ok
132	GENE=CYLD|GENE_NO=170|TRANSCRIPT=ENST00000427738.8|STRAND=+|COSMIC=COSG70548|REGION=3UTR(+)|VARIANT=16:50800993_G>C|ALT_INDEX=1|TX_POS=4488|TX_CHANGE=G>C|G_CHANGE_CLASS=from_G	CYLD	170	ENST00000427738.8	+	COSG70548	3UTR(+)	5430	20	58	3	y	ok
133	GENE=CYLD|GENE_NO=170|TRANSCRIPT=ENST00000427738.8|STRAND=+|COSMIC=COSG70548|REGION=3UTR(+)|VARIANT=16:50801002_G>A|ALT_INDEX=1|TX_POS=4497|TX_CHANGE=G>A|G_CHANGE_CLASS=from_G	CYLD	170	ENST00000427738.8	+	COSG70548	3UTR(+)	5430	20	58	3	y	ok
134	GENE=DCTN1|GENE_NO=176|TRANSCRIPT=ENST00000628224.3|STRAND=-|COSMIC=COSG63863|REGION=3UTR(-)|VARIANT=2:74361248_A>C|ALT_INDEX=1|TX_POS=254|TX_CHANGE=T>G|G_CHANGE_CLASS=to_G	DCTN1	176	ENST00000628224.3	-	COSG63863	3UTR(-)	347	1	62	3	y	ok
135	GENE=DDB2|GENE_NO=177|TRANSCRIPT=ENST00000256996.9|STRAND=+|COSMIC=COSG102518|REGION=3UTR(+)|VARIANT=11:47238991_A>G|ALT_INDEX=1|TX_POS=145|TX_CHANGE=A>G|G_CHANGE_CLASS=to_G	DDB2	177	ENST00000256996.9	+	COSG102518	3UTR(+)	371	2	63	3	y	ok
136	GENE=DNM2|GENE_NO=188|TRANSCRIPT=ENST00000389253.9|STRAND=+|COSMIC=COSG110939|REGION=3UTR(+)|VARIANT=19:10831597_G>A|ALT_INDEX=1|TX_POS=553|TX_CHANGE=G>A|G_CHANGE_CLASS=from_G	DNM2	188	ENST00000389253.9	+	COSG110939	3UTR(+)	859	3	62	3	y	ok
137	GENE=ELN|GENE_NO=202|TRANSCRIPT=ENST00000252034.12|STRAND=+|COSMIC=COSG68285|REGION=3UTR(+)|VARIANT=7:74069270_G>A|ALT_INDEX=1|TX_POS=573|TX_CHANGE=G>A|G_CHANGE_CLASS=from_G	ELN	202	ENST00000252034.12	+	COSG68285	3UTR(+)	1210	5	62	3	y	ok
138	GENE=EPAS1|GENE_NO=205|TRANSCRIPT=ENST00000263734.5|STRAND=+|COSMIC=COSG87984|REGION=3UTR(+)|VARIANT=2:46384810_T>G|ALT_INDEX=1|TX_POS=153|TX_CHANGE=T>G|G_CHANGE_CLASS=to_G	EPAS1	205	ENST00000263734.5	+	COSG87984	3UTR(+)	2040	10	82	4	y	ok
139	GENE=EPAS1|GENE_NO=205|TRANSCRIPT=ENST00000263734.5|STRAND=+|COSMIC=COSG87984|REGION=3UTR(+)|VARIANT=2:46385842_G>A|ALT_INDEX=1|TX_POS=1185|TX_CHANGE=G>A|G_CHANGE_CLASS=from_G	EPAS1	205	ENST00000263734.5	+	COSG87984	3UTR(+)	2040	9	82	4	y	ok
140	GENE=EPAS1|GENE_NO=205|TRANSCRIPT=ENST00000263734.5|STRAND=+|COSMIC=COSG87984|REGION=3UTR(+)|VARIANT=2:46385899_A>G|ALT_INDEX=1|TX_POS=1242|TX_CHANGE=A>G|G_CHANGE_CLASS=to_G	EPAS1	205	ENST00000263734.5	+	COSG87984	3UTR(+)	2040	10	82	4	y	ok
141	GENE=EPAS1|GENE_NO=205|TRANSCRIPT=ENST00000263734.5|STRAND=+|COSMIC=COSG87984|REGION=3UTR(+)|VARIANT=2:46386406_G>A|ALT_INDEX=1|TX_POS=1749|TX_CHANGE=G>A|G_CHANGE_CLASS=from_G	EPAS1	205	ENST00000263734.5	+	COSG87984	3UTR(+)	2040	10	82	4	y	ok
142	GENE=ERBB3|GENE_NO=210|TRANSCRIPT=ENST00000267101.8|STRAND=+|COSMIC=COSG83414|REGION=3UTR(+)|VARIANT=12:56102727_G>A|ALT_INDEX=1|TX_POS=675|TX_CHANGE=G>A|G_CHANGE_CLASS=from_G	ERBB3	210	ENST00000267101.8	+	COSG83414	3UTR(+)	1453	6	36	2	y	ok
143	GENE=ERCC2|GENE_NO=213|TRANSCRIPT=ENST00000391945.10|STRAND=-|COSMIC=COSG97421|REGION=3UTR(-)|VARIANT=19:45350502_C>A|ALT_INDEX=1|TX_POS=1130|TX_CHANGE=G>T|G_CHANGE_CLASS=from_G	ERCC2	213	ENST00000391945.10	-	COSG97421	3UTR(-)	1795	11	82	4	y	ok
144	GENE=ERCC2|GENE_NO=213|TRANSCRIPT=ENST00000391945.10|STRAND=-|COSMIC=COSG97421|REGION=3UTR(-)|VARIANT=19:45350512_A>C|ALT_INDEX=1|TX_POS=1120|TX_CHANGE=T>G|G_CHANGE_CLASS=to_G	ERCC2	213	ENST00000391945.10	-	COSG97421	3UTR(-)	1795	11	82	4	y	ok
145	GENE=ERCC2|GENE_NO=213|TRANSCRIPT=ENST00000391945.10|STRAND=-|COSMIC=COSG97421|REGION=3UTR(-)|VARIANT=19:45350640_G>C|ALT_INDEX=1|TX_POS=992|TX_CHANGE=C>G|G_CHANGE_CLASS=to_G	ERCC2	213	ENST00000391945.10	-	COSG97421	3UTR(-)	1795	11	82	4	y	ok
146	GENE=ERCC2|GENE_NO=213|TRANSCRIPT=ENST00000391945.10|STRAND=-|COSMIC=COSG97421|REGION=3UTR(-)|VARIANT=19:45351327_C>T|ALT_INDEX=1|TX_POS=305|TX_CHANGE=G>A|G_CHANGE_CLASS=from_G	ERCC2	213	ENST00000391945.10	-	COSG97421	3UTR(-)	1795	11	82	4	y	ok
147	GENE=ERCC2|GENE_NO=213|TRANSCRIPT=ENST00000391945.10|STRAND=-|COSMIC=COSG97421|REGION=3UTR(-)|VARIANT=19:45351352_C>T|ALT_INDEX=1|TX_POS=280|TX_CHANGE=G>A|G_CHANGE_CLASS=from_G	ERCC2	213	ENST00000391945.10	-	COSG97421	3UTR(-)	1795	11	82	4	y	ok
148	GENE=ERCC2|GENE_NO=213|TRANSCRIPT=ENST00000391945.10|STRAND=-|COSMIC=COSG97421|REGION=3UTR(-)|VARIANT=19:45351448_C>A|ALT_INDEX=1|TX_POS=184|TX_CHANGE=G>T|G_CHANGE_CLASS=from_G	ERCC2	213	ENST00000391945.10	-	COSG97421	3UTR(-)	1795	11	82	4	y	ok
149	GENE=ERCC2|GENE_NO=213|TRANSCRIPT=ENST00000391945.10|STRAND=-|COSMIC=COSG97421|REGION=3UTR(-)|VARIANT=19:45351457_C>T|ALT_INDEX=1|TX_POS=175|TX_CHANGE=G>A|G_CHANGE_CLASS=from_G	ERCC2	213	ENST00000391945.10	-	COSG97421	3UTR(-)	1795	11	82	4	y	ok
150	GENE=ERCC2|GENE_NO=213|TRANSCRIPT=ENST00000391945.10|STRAND=-|COSMIC=COSG97421|REGION=3UTR(-)|VARIANT=19:45351458_C>G|ALT_INDEX=1|TX_POS=174|TX_CHANGE=G>C|G_CHANGE_CLASS=from_G	ERCC2	213	ENST00000391945.10	-	COSG97421	3UTR(-)	1795	11	82	4	y	ok
151	GENE=ERCC3|GENE_NO=214|TRANSCRIPT=ENST00000285398.7|STRAND=-|COSMIC=COSG106100|REGION=3UTR(-)|VARIANT=2:127257419_T>C|ALT_INDEX=1|TX_POS=180|TX_CHANGE=A>G|G_CHANGE_CLASS=to_G	ERCC3	214	ENST00000285398.7	-	COSG106100	3UTR(-)	309	2	32	2	y	ok
152	GENE=ERCC4|GENE_NO=215|TRANSCRIPT=ENST00000311895.8|STRAND=+|COSMIC=COSG61416|REGION=3UTR(+)|VARIANT=16:13948595_G>A|ALT_INDEX=1|TX_POS=251|TX_CHANGE=G>A|G_CHANGE_CLASS=from_G	ERCC4	215	ENST00000311895.8	+	COSG61416	3UTR(+)	4004	9	35	2	y	ok
153	GENE=ERCC4|GENE_NO=215|TRANSCRIPT=ENST00000311895.8|STRAND=+|COSMIC=COSG61416|REGION=3UTR(+)|VARIANT=16:13948595_G>T|ALT_INDEX=1|TX_POS=251|TX_CHANGE=G>T|G_CHANGE_CLASS=from_G	ERCC4	215	ENST00000311895.8	+	COSG61416	3UTR(+)	4004	9	35	2	y	ok
154	GENE=ERCC4|GENE_NO=215|TRANSCRIPT=ENST00000311895.8|STRAND=+|COSMIC=COSG61416|REGION=3UTR(+)|VARIANT=16:13950023_G>A|ALT_INDEX=1|TX_POS=1679|TX_CHANGE=G>A|G_CHANGE_CLASS=from_G	ERCC4	215	ENST00000311895.8	+	COSG61416	3UTR(+)	4004	9	35	2	y	ok
155	GENE=EXT2|GENE_NO=226|TRANSCRIPT=ENST00000533608.7|STRAND=+|COSMIC=COSG109806|REGION=3UTR(+)|VARIANT=11:44244343_G>A|ALT_INDEX=1|TX_POS=59|TX_CHANGE=G>A|G_CHANGE_CLASS=from_G	EXT2	226	ENST00000533608.7	+	COSG109806	3UTR(+)	7678	33	60	3	y	ok
156	GENE=FANCA|GENE_NO=233|TRANSCRIPT=ENST00000389301.8|STRAND=-|COSMIC=COSG82650|REGION=3UTR(-)|VARIANT=16:89737664_T>C|ALT_INDEX=1|TX_POS=940|TX_CHANGE=A>G|G_CHANGE_CLASS=to_G	FANCA	233	ENST00000389301.8	-	COSG82650	3UTR(-)	1055	5	58	3	y	ok
157	GENE=FANCA|GENE_NO=233|TRANSCRIPT=ENST00000389301.8|STRAND=-|COSMIC=COSG82650|REGION=3UTR(-)|VARIANT=16:89738153_C>G|ALT_INDEX=1|TX_POS=451|TX_CHANGE=G>C|G_CHANGE_CLASS=from_G	FANCA	233	ENST00000389301.8	-	COSG82650	3UTR(-)	1055	5	58	3	y	ok
158	GENE=FANCA|GENE_NO=233|TRANSCRIPT=ENST00000389301.8|STRAND=-|COSMIC=COSG82650|REGION=3UTR(-)|VARIANT=16:89738157_G>C|ALT_INDEX=1|TX_POS=447|TX_CHANGE=C>G|G_CHANGE_CLASS=to_G	FANCA	233	ENST00000389301.8	-	COSG82650	3UTR(-)	1055	5	59	3	y	ok
159	GENE=FANCA|GENE_NO=233|TRANSCRIPT=ENST00000389301.8|STRAND=-|COSMIC=COSG82650|REGION=3UTR(-)|VARIANT=16:89738457_C>G|ALT_INDEX=1|TX_POS=147|TX_CHANGE=G>C|G_CHANGE_CLASS=from_G	FANCA	233	ENST00000389301.8	-	COSG82650	3UTR(-)	1055	5	58	3	y	ok
160	GENE=FANCC|GENE_NO=234|TRANSCRIPT=ENST00000289081.8|STRAND=-|COSMIC=COSG73016|REGION=3UTR(-)|VARIANT=9:95099179_T>C|ALT_INDEX=1|TX_POS=2531|TX_CHANGE=A>G|G_CHANGE_CLASS=to_G	FANCC	234	ENST00000289081.8	-	COSG73016	3UTR(-)	2656	15	62	3	y	ok
161	GENE=FANCC|GENE_NO=234|TRANSCRIPT=ENST00000289081.8|STRAND=-|COSMIC=COSG73016|REGION=3UTR(-)|VARIANT=9:95099183_C>T|ALT_INDEX=1|TX_POS=2527|TX_CHANGE=G>A|G_CHANGE_CLASS=from_G	FANCC	234	ENST00000289081.8	-	COSG73016	3UTR(-)	2656	14	62	3	y	ok
162	GENE=FANCC|GENE_NO=234|TRANSCRIPT=ENST00000289081.8|STRAND=-|COSMIC=COSG73016|REGION=3UTR(-)|VARIANT=9:95099543_C>A|ALT_INDEX=1|TX_POS=2167|TX_CHANGE=G>T|G_CHANGE_CLASS=from_G	FANCC	234	ENST00000289081.8	-	COSG73016	3UTR(-)	2656	15	62	3	y	ok
163	GENE=FANCC|GENE_NO=234|TRANSCRIPT=ENST00000289081.8|STRAND=-|COSMIC=COSG73016|REGION=3UTR(-)|VARIANT=9:95099543_C>T|ALT_INDEX=1|TX_POS=2167|TX_CHANGE=G>A|G_CHANGE_CLASS=from_G	FANCC	234	ENST00000289081.8	-	COSG73016	3UTR(-)	2656	15	62	3	y	ok
164	GENE=FANCC|GENE_NO=234|TRANSCRIPT=ENST00000289081.8|STRAND=-|COSMIC=COSG73016|REGION=3UTR(-)|VARIANT=9:95100723_C>T|ALT_INDEX=1|TX_POS=987|TX_CHANGE=G>A|G_CHANGE_CLASS=from_G	FANCC	234	ENST00000289081.8	-	COSG73016	3UTR(-)	2656	15	62	3	y	ok
165	GENE=FANCC|GENE_NO=234|TRANSCRIPT=ENST00000289081.8|STRAND=-|COSMIC=COSG73016|REGION=3UTR(-)|VARIANT=9:95101224_T>C|ALT_INDEX=1|TX_POS=486|TX_CHANGE=A>G|G_CHANGE_CLASS=to_G	FANCC	234	ENST00000289081.8	-	COSG73016	3UTR(-)	2656	15	62	3	y	ok
166	GENE=FANCC|GENE_NO=234|TRANSCRIPT=ENST00000289081.8|STRAND=-|COSMIC=COSG73016|REGION=3UTR(-)|VARIANT=9:95101699_C>T|ALT_INDEX=1|TX_POS=11|TX_CHANGE=G>A|G_CHANGE_CLASS=from_G	FANCC	234	ENST00000289081.8	-	COSG73016	3UTR(-)	2656	15	62	3	y	ok
167	GENE=FANCC|GENE_NO=234|TRANSCRIPT=ENST00000289081.8|STRAND=-|COSMIC=COSG73016|REGION=3UTR(-)|VARIANT=9:95101703_C>T|ALT_INDEX=1|TX_POS=7|TX_CHANGE=G>A|G_CHANGE_CLASS=from_G	FANCC	234	ENST00000289081.8	-	COSG73016	3UTR(-)	2656	15	62	3	y	ok
168	GENE=FANCF|GENE_NO=237|TRANSCRIPT=ENST00000327470.6|STRAND=-|COSMIC=COSG111782|REGION=3UTR(-)|VARIANT=11:22624500_A>C|ALT_INDEX=1|TX_POS=189|TX_CHANGE=T>G|G_CHANGE_CLASS=to_G	FANCF	237	ENST00000327470.6	-	COSG111782	3UTR(-)	2156	5	34	2	y	ok
169	GENE=FANCI|GENE_NO=239|TRANSCRIPT=ENST00000310775.12|STRAND=+|COSMIC=COSG110279|REGION=3UTR(+)|VARIANT=15:89316747_A>G|ALT_INDEX=1|TX_POS=291|TX_CHANGE=A>G|G_CHANGE_CLASS=to_G	FANCI	239	ENST00000310775.12	+	COSG110279	3UTR(+)	675	3	33	2	y	ok
170	GENE=FANCI|GENE_NO=239|TRANSCRIPT=ENST00000310775.12|STRAND=+|COSMIC=COSG110279|REGION=3UTR(+)|VARIANT=15:89316751_C>G|ALT_INDEX=1|TX_POS=295|TX_CHANGE=C>G|G_CHANGE_CLASS=to_G	FANCI	239	ENST00000310775.12	+	COSG110279	3UTR(+)	675	3	35	2	y	ok
171	GENE=FANCI|GENE_NO=239|TRANSCRIPT=ENST00000310775.12|STRAND=+|COSMIC=COSG110279|REGION=3UTR(+)|VARIANT=15:89316753_A>G|ALT_INDEX=1|TX_POS=297|TX_CHANGE=A>G|G_CHANGE_CLASS=to_G	FANCI	239	ENST00000310775.12	+	COSG110279	3UTR(+)	675	3	32	2	y	ok
172	GENE=FANCI|GENE_NO=239|TRANSCRIPT=ENST00000310775.12|STRAND=+|COSMIC=COSG110279|REGION=3UTR(+)|VARIANT=15:89316755_G>A|ALT_INDEX=1|TX_POS=299|TX_CHANGE=G>A|G_CHANGE_CLASS=from_G	FANCI	239	ENST00000310775.12	+	COSG110279	3UTR(+)	675	3	31	2	y	ok
173	GENE=FANCI|GENE_NO=239|TRANSCRIPT=ENST00000310775.12|STRAND=+|COSMIC=COSG110279|REGION=3UTR(+)|VARIANT=15:89316756_G>T|ALT_INDEX=1|TX_POS=300|TX_CHANGE=G>T|G_CHANGE_CLASS=from_G	FANCI	239	ENST00000310775.12	+	COSG110279	3UTR(+)	675	3	31	2	y	ok
174	GENE=FANCI|GENE_NO=239|TRANSCRIPT=ENST00000310775.12|STRAND=+|COSMIC=COSG110279|REGION=3UTR(+)|VARIANT=15:89316758_C>G|ALT_INDEX=1|TX_POS=302|TX_CHANGE=C>G|G_CHANGE_CLASS=to_G	FANCI	239	ENST00000310775.12	+	COSG110279	3UTR(+)	675	3	32	2	y	ok
175	GENE=FANCI|GENE_NO=239|TRANSCRIPT=ENST00000310775.12|STRAND=+|COSMIC=COSG110279|REGION=3UTR(+)|VARIANT=15:89316759_C>G|ALT_INDEX=1|TX_POS=303|TX_CHANGE=C>G|G_CHANGE_CLASS=to_G	FANCI	239	ENST00000310775.12	+	COSG110279	3UTR(+)	675	3	32	2	y	ok
176	GENE=FANCI|GENE_NO=239|TRANSCRIPT=ENST00000310775.12|STRAND=+|COSMIC=COSG110279|REGION=3UTR(+)|VARIANT=15:89316760_A>G|ALT_INDEX=1|TX_POS=304|TX_CHANGE=A>G|G_CHANGE_CLASS=to_G	FANCI	239	ENST00000310775.12	+	COSG110279	3UTR(+)	675	3	32	2	y	ok
177	GENE=FANCI|GENE_NO=239|TRANSCRIPT=ENST00000310775.12|STRAND=+|COSMIC=COSG110279|REGION=3UTR(+)|VARIANT=15:89316761_G>A|ALT_INDEX=1|TX_POS=305|TX_CHANGE=G>A|G_CHANGE_CLASS=from_G	FANCI	239	ENST00000310775.12	+	COSG110279	3UTR(+)	675	3	32	2	y	ok
178	GENE=FANCI|GENE_NO=239|TRANSCRIPT=ENST00000310775.12|STRAND=+|COSMIC=COSG110279|REGION=3UTR(+)|VARIANT=15:89316765_G>A|ALT_INDEX=1|TX_POS=309|TX_CHANGE=G>A|G_CHANGE_CLASS=from_G	FANCI	239	ENST00000310775.12	+	COSG110279	3UTR(+)	675	3	31	2	y	ok
179	GENE=FANCI|GENE_NO=239|TRANSCRIPT=ENST00000310775.12|STRAND=+|COSMIC=COSG110279|REGION=3UTR(+)|VARIANT=15:89316766_G>A|ALT_INDEX=1|TX_POS=310|TX_CHANGE=G>A|G_CHANGE_CLASS=from_G	FANCI	239	ENST00000310775.12	+	COSG110279	3UTR(+)	675	3	31	2	y	ok
180	GENE=FANCI|GENE_NO=239|TRANSCRIPT=ENST00000310775.12|STRAND=+|COSMIC=COSG110279|REGION=3UTR(+)|VARIANT=15:89316766_G>C|ALT_INDEX=1|TX_POS=310|TX_CHANGE=G>C|G_CHANGE_CLASS=from_G	FANCI	239	ENST00000310775.12	+	COSG110279	3UTR(+)	675	3	31	2	y	ok
181	GENE=FANCI|GENE_NO=239|TRANSCRIPT=ENST00000310775.12|STRAND=+|COSMIC=COSG110279|REGION=3UTR(+)|VARIANT=15:89316770_C>G|ALT_INDEX=1|TX_POS=314|TX_CHANGE=C>G|G_CHANGE_CLASS=to_G	FANCI	239	ENST00000310775.12	+	COSG110279	3UTR(+)	675	3	34	2	y	ok
182	GENE=FANCI|GENE_NO=239|TRANSCRIPT=ENST00000310775.12|STRAND=+|COSMIC=COSG110279|REGION=3UTR(+)|VARIANT=15:89316771_G>A|ALT_INDEX=1|TX_POS=315|TX_CHANGE=G>A|G_CHANGE_CLASS=from_G	FANCI	239	ENST00000310775.12	+	COSG110279	3UTR(+)	675	3	32	2	y	ok
183	GENE=FANCI|GENE_NO=239|TRANSCRIPT=ENST00000310775.12|STRAND=+|COSMIC=COSG110279|REGION=3UTR(+)|VARIANT=15:89316771_G>C|ALT_INDEX=1|TX_POS=315|TX_CHANGE=G>C|G_CHANGE_CLASS=from_G	FANCI	239	ENST00000310775.12	+	COSG110279	3UTR(+)	675	3	32	2	y	ok
184	GENE=FANCI|GENE_NO=239|TRANSCRIPT=ENST00000310775.12|STRAND=+|COSMIC=COSG110279|REGION=3UTR(+)|VARIANT=15:89316771_G>T|ALT_INDEX=1|TX_POS=315|TX_CHANGE=G>T|G_CHANGE_CLASS=from_G	FANCI	239	ENST00000310775.12	+	COSG110279	3UTR(+)	675	3	32	2	y	ok
185	GENE=FANCI|GENE_NO=239|TRANSCRIPT=ENST00000310775.12|STRAND=+|COSMIC=COSG110279|REGION=3UTR(+)|VARIANT=15:89316772_T>G|ALT_INDEX=1|TX_POS=316|TX_CHANGE=T>G|G_CHANGE_CLASS=to_G	FANCI	239	ENST00000310775.12	+	COSG110279	3UTR(+)	675	3	35	2	y	ok
186	GENE=FANCI|GENE_NO=239|TRANSCRIPT=ENST00000310775.12|STRAND=+|COSMIC=COSG110279|REGION=3UTR(+)|VARIANT=15:89316780_A>G|ALT_INDEX=1|TX_POS=324|TX_CHANGE=A>G|G_CHANGE_CLASS=to_G	FANCI	239	ENST00000310775.12	+	COSG110279	3UTR(+)	675	3	32	2	y	ok
187	GENE=FANCI|GENE_NO=239|TRANSCRIPT=ENST00000310775.12|STRAND=+|COSMIC=COSG110279|REGION=3UTR(+)|VARIANT=15:89316781_G>A|ALT_INDEX=1|TX_POS=325|TX_CHANGE=G>A|G_CHANGE_CLASS=from_G	FANCI	239	ENST00000310775.12	+	COSG110279	3UTR(+)	675	3	31	2	y	ok
188	GENE=FANCI|GENE_NO=239|TRANSCRIPT=ENST00000310775.12|STRAND=+|COSMIC=COSG110279|REGION=3UTR(+)|VARIANT=15:89316899_G>T|ALT_INDEX=1|TX_POS=443|TX_CHANGE=G>T|G_CHANGE_CLASS=from_G	FANCI	239	ENST00000310775.12	+	COSG110279	3UTR(+)	675	3	32	2	y	ok
189	GENE=FANCI|GENE_NO=239|TRANSCRIPT=ENST00000310775.12|STRAND=+|COSMIC=COSG110279|REGION=3UTR(+)|VARIANT=15:89316926_G>A|ALT_INDEX=1|TX_POS=470|TX_CHANGE=G>A|G_CHANGE_CLASS=from_G	FANCI	239	ENST00000310775.12	+	COSG110279	3UTR(+)	675	3	32	2	y	ok
190	GENE=FAS|GENE_NO=241|TRANSCRIPT=ENST00000652046.1|STRAND=+|COSMIC=COSG73953|REGION=3UTR(+)|VARIANT=10:89015783_G>T|ALT_INDEX=1|TX_POS=1336|TX_CHANGE=G>T|G_CHANGE_CLASS=from_G	FAS	241	ENST00000652046.1	+	COSG73953	3UTR(+)	2612	7	34	2	y	ok
191	GENE=FEN1|GENE_NO=250|TRANSCRIPT=ENST00000305885.3|STRAND=+|COSMIC=COSG72232|REGION=3UTR(+)|VARIANT=11:61796711_A>G|ALT_INDEX=1|TX_POS=210|TX_CHANGE=A>G|G_CHANGE_CLASS=to_G	FEN1	250	ENST00000305885.3	+	COSG72232	3UTR(+)	737	4	35	2	y	ok
192	GENE=FGFR1|GENE_NO=253|TRANSCRIPT=ENST00000447712.7|STRAND=-|COSMIC=COSG114519|REGION=3UTR(-)|VARIANT=8:38411805_C>T|ALT_INDEX=1|TX_POS=1826|TX_CHANGE=G>A|G_CHANGE_CLASS=from_G	FGFR1	253	ENST00000447712.7	-	COSG114519	3UTR(-)	2488	10	64	3	y	ok
193	GENE=FGFR1|GENE_NO=253|TRANSCRIPT=ENST00000447712.7|STRAND=-|COSMIC=COSG114519|REGION=3UTR(-)|VARIANT=8:38411952_C>T|ALT_INDEX=1|TX_POS=1679|TX_CHANGE=G>A|G_CHANGE_CLASS=from_G	FGFR1	253	ENST00000447712.7	-	COSG114519	3UTR(-)	2488	10	64	3	y	ok
194	GENE=FGFR1|GENE_NO=253|TRANSCRIPT=ENST00000447712.7|STRAND=-|COSMIC=COSG114519|REGION=3UTR(-)|VARIANT=8:38412417_C>A|ALT_INDEX=1|TX_POS=1214|TX_CHANGE=G>T|G_CHANGE_CLASS=from_G	FGFR1	253	ENST00000447712.7	-	COSG114519	3UTR(-)	2488	10	64	3	y	ok
195	GENE=FGFR1|GENE_NO=253|TRANSCRIPT=ENST00000447712.7|STRAND=-|COSMIC=COSG114519|REGION=3UTR(-)|VARIANT=8:38412670_C>T|ALT_INDEX=1|TX_POS=961|TX_CHANGE=G>A|G_CHANGE_CLASS=from_G	FGFR1	253	ENST00000447712.7	-	COSG114519	3UTR(-)	2488	10	64	3	y	ok
196	GENE=FGFR1|GENE_NO=253|TRANSCRIPT=ENST00000447712.7|STRAND=-|COSMIC=COSG114519|REGION=3UTR(-)|VARIANT=8:38413515_C>T|ALT_INDEX=1|TX_POS=116|TX_CHANGE=G>A|G_CHANGE_CLASS=from_G	FGFR1	253	ENST00000447712.7	-	COSG114519	3UTR(-)	2488	10	64	3	y	ok
197	GENE=FGFR2|GENE_NO=255|TRANSCRIPT=ENST00000358487.10|STRAND=-|COSMIC=COSG61759|REGION=3UTR(-)|VARIANT=10:121479575_T>C|ALT_INDEX=1|TX_POS=285|TX_CHANGE=A>G|G_CHANGE_CLASS=to_G	FGFR2	255	ENST00000358487.10	-	COSG61759	3UTR(-)	1528	4	34	2	y	ok
198	GENE=FGFR3|GENE_NO=256|TRANSCRIPT=ENST00000440486.8|STRAND=+|COSMIC=COSG66931|REGION=3UTR(+)|VARIANT=4:1807267_C>G|ALT_INDEX=1|TX_POS=8|TX_CHANGE=C>G|G_CHANGE_CLASS=to_G	FGFR3	256	ENST00000440486.8	+	COSG66931	3UTR(+)	1608	7	64	3	y	ok
199	GENE=FLCN|GENE_NO=262|TRANSCRIPT=ENST00000285071.9|STRAND=-|COSMIC=COSG83404|REGION=3UTR(-)|VARIANT=17:17212740_C>A|ALT_INDEX=1|TX_POS=918|TX_CHANGE=G>T|G_CHANGE_CLASS=from_G	FLCN	262	ENST00000285071.9	-	COSG83404	3UTR(-)	1446	8	53	3	y	ok
200	GENE=FLCN|GENE_NO=262|TRANSCRIPT=ENST00000285071.9|STRAND=-|COSMIC=COSG83404|REGION=3UTR(-)|VARIANT=17:17212744_C>T|ALT_INDEX=1|TX_POS=914|TX_CHANGE=G>A|G_CHANGE_CLASS=from_G	FLCN	262	ENST00000285071.9	-	COSG83404	3UTR(-)	1446	7	53	3	y	ok
201	GENE=FLCN|GENE_NO=262|TRANSCRIPT=ENST00000285071.9|STRAND=-|COSMIC=COSG83404|REGION=3UTR(-)|VARIANT=17:17213127_C>T|ALT_INDEX=1|TX_POS=531|TX_CHANGE=G>A|G_CHANGE_CLASS=from_G	FLCN	262	ENST00000285071.9	-	COSG83404	3UTR(-)	1446	7	53	3	y	ok
202	GENE=FLCN|GENE_NO=262|TRANSCRIPT=ENST00000285071.9|STRAND=-|COSMIC=COSG83404|REGION=3UTR(-)|VARIANT=17:17213431_C>T|ALT_INDEX=1|TX_POS=227|TX_CHANGE=G>A|G_CHANGE_CLASS=from_G	FLCN	262	ENST00000285071.9	-	COSG83404	3UTR(-)	1446	8	53	3	y	ok
203	GENE=FLCN|GENE_NO=262|TRANSCRIPT=ENST00000285071.9|STRAND=-|COSMIC=COSG83404|REGION=3UTR(-)|VARIANT=17:17213626_C>T|ALT_INDEX=1|TX_POS=32|TX_CHANGE=G>A|G_CHANGE_CLASS=from_G	FLCN	262	ENST00000285071.9	-	COSG83404	3UTR(-)	1446	7	53	3	y	ok
204	GENE=FLT4|GENE_NO=266|TRANSCRIPT=ENST00000261937.11|STRAND=-|COSMIC=COSG95485|REGION=3UTR(-)|VARIANT=5:180603132_C>T|ALT_INDEX=1|TX_POS=63|TX_CHANGE=G>A|G_CHANGE_CLASS=from_G	FLT4	266	ENST00000261937.11	-	COSG95485	3UTR(-)	1689	9	36	2	y	ok
205	GENE=FOXP1|GENE_NO=273|TRANSCRIPT=ENST00000649528.3|STRAND=-|COSMIC=COSG71217|REGION=3UTR(-)|VARIANT=3:70959241_C>G|ALT_INDEX=1|TX_POS=9|TX_CHANGE=G>C|G_CHANGE_CLASS=from_G	FOXP1	273	ENST00000649528.3	-	COSG71217	3UTR(-)	4542	13	56	3	y	ok
206	GENE=GATA2|GENE_NO=280|TRANSCRIPT=ENST00000341105.7|STRAND=-|COSMIC=COSG113001|REGION=3UTR(-)|VARIANT=3:128479939_C>T|ALT_INDEX=1|TX_POS=1083|TX_CHANGE=G>A|G_CHANGE_CLASS=from_G	GATA2	280	ENST00000341105.7	-	COSG113001	3UTR(-)	1595	8	60	3	y	ok
207	GENE=GATA2|GENE_NO=280|TRANSCRIPT=ENST00000341105.7|STRAND=-|COSMIC=COSG113001|REGION=3UTR(-)|VARIANT=3:128480599_C>T|ALT_INDEX=1|TX_POS=423|TX_CHANGE=G>A|G_CHANGE_CLASS=from_G	GATA2	280	ENST00000341105.7	-	COSG113001	3UTR(-)	1595	8	70	4	y	ok
208	GENE=GATA2|GENE_NO=280|TRANSCRIPT=ENST00000341105.7|STRAND=-|COSMIC=COSG113001|REGION=3UTR(-)|VARIANT=3:128480601_C>T|ALT_INDEX=1|TX_POS=421|TX_CHANGE=G>A|G_CHANGE_CLASS=from_G	GATA2	280	ENST00000341105.7	-	COSG113001	3UTR(-)	1595	8	70	4	y	ok
209	GENE=GATA2|GENE_NO=280|TRANSCRIPT=ENST00000341105.7|STRAND=-|COSMIC=COSG113001|REGION=3UTR(-)|VARIANT=3:128480918_C>T|ALT_INDEX=1|TX_POS=104|TX_CHANGE=G>A|G_CHANGE_CLASS=from_G	GATA2	280	ENST00000341105.7	-	COSG113001	3UTR(-)	1595	7	70	4	y	ok
210	GENE=GATA2|GENE_NO=280|TRANSCRIPT=ENST00000341105.7|STRAND=-|COSMIC=COSG113001|REGION=3UTR(-)|VARIANT=3:128480995_C>T|ALT_INDEX=1|TX_POS=27|TX_CHANGE=G>A|G_CHANGE_CLASS=from_G	GATA2	280	ENST00000341105.7	-	COSG113001	3UTR(-)	1595	8	70	4	y	ok
211	GENE=GATA3|GENE_NO=281|TRANSCRIPT=ENST00000379328.9|STRAND=+|COSMIC=COSG76073|REGION=3UTR(+)|VARIANT=10:8074379_G>A|ALT_INDEX=1|TX_POS=359|TX_CHANGE=G>A|G_CHANGE_CLASS=from_G	GATA3	281	ENST00000379328.9	+	COSG76073	3UTR(+)	1178	3	32	2	y	ok
212	GENE=GNA11|GENE_NO=284|TRANSCRIPT=ENST00000078429.9|STRAND=+|COSMIC=COSG111894|REGION=3UTR(+)|VARIANT=19:3121291_G>A|ALT_INDEX=1|TX_POS=115|TX_CHANGE=G>A|G_CHANGE_CLASS=from_G	GNA11	284	ENST00000078429.9	+	COSG111894	3UTR(+)	2823	13	63	3	y	ok
213	GENE=GNA11|GENE_NO=284|TRANSCRIPT=ENST00000078429.9|STRAND=+|COSMIC=COSG111894|REGION=3UTR(+)|VARIANT=19:3121419_C>G|ALT_INDEX=1|TX_POS=243|TX_CHANGE=C>G|G_CHANGE_CLASS=to_G	GNA11	284	ENST00000078429.9	+	COSG111894	3UTR(+)	2823	13	63	3	y	ok
214	GENE=GRIN2A|GENE_NO=293|TRANSCRIPT=ENST00000330684.4|STRAND=-|COSMIC=COSG108203|REGION=3UTR(-)|VARIANT=16:9756488_C>T|ALT_INDEX=1|TX_POS=6664|TX_CHANGE=G>A|G_CHANGE_CLASS=from_G	GRIN2A	293	ENST00000330684.4	-	COSG108203	3UTR(-)	9744	20	62	3	y	ok
215	GENE=GRIN2A|GENE_NO=293|TRANSCRIPT=ENST00000330684.4|STRAND=-|COSMIC=COSG108203|REGION=3UTR(-)|VARIANT=16:9756490_C>T|ALT_INDEX=1|TX_POS=6662|TX_CHANGE=G>A|G_CHANGE_CLASS=from_G	GRIN2A	293	ENST00000330684.4	-	COSG108203	3UTR(-)	9744	21	62	3	y	ok
216	GENE=GRIN2A|GENE_NO=293|TRANSCRIPT=ENST00000330684.4|STRAND=-|COSMIC=COSG108203|REGION=3UTR(-)|VARIANT=16:9757265_C>T|ALT_INDEX=1|TX_POS=5887|TX_CHANGE=G>A|G_CHANGE_CLASS=from_G	GRIN2A	293	ENST00000330684.4	-	COSG108203	3UTR(-)	9744	20	62	3	y	ok
217	GENE=GRIN2A|GENE_NO=293|TRANSCRIPT=ENST00000330684.4|STRAND=-|COSMIC=COSG108203|REGION=3UTR(-)|VARIANT=16:9759805_C>G|ALT_INDEX=1|TX_POS=3347|TX_CHANGE=G>C|G_CHANGE_CLASS=from_G	GRIN2A	293	ENST00000330684.4	-	COSG108203	3UTR(-)	9744	21	62	3	y	ok
218	GENE=GRIN2A|GENE_NO=293|TRANSCRIPT=ENST00000330684.4|STRAND=-|COSMIC=COSG108203|REGION=3UTR(-)|VARIANT=16:9761132_G>C|ALT_INDEX=1|TX_POS=2020|TX_CHANGE=C>G|G_CHANGE_CLASS=to_G	GRIN2A	293	ENST00000330684.4	-	COSG108203	3UTR(-)	9744	21	62	3	y	ok
219	GENE=GRIN2A|GENE_NO=293|TRANSCRIPT=ENST00000330684.4|STRAND=-|COSMIC=COSG108203|REGION=3UTR(-)|VARIANT=16:9762471_C>T|ALT_INDEX=1|TX_POS=681|TX_CHANGE=G>A|G_CHANGE_CLASS=from_G	GRIN2A	293	ENST00000330684.4	-	COSG108203	3UTR(-)	9744	21	62	3	y	ok
220	GENE=GRIN2A|GENE_NO=293|TRANSCRIPT=ENST00000330684.4|STRAND=-|COSMIC=COSG108203|REGION=3UTR(-)|VARIANT=16:9762863_T>C|ALT_INDEX=1|TX_POS=289|TX_CHANGE=A>G|G_CHANGE_CLASS=to_G	GRIN2A	293	ENST00000330684.4	-	COSG108203	3UTR(-)	9744	21	62	3	y	ok
221	GENE=GRIN2A|GENE_NO=293|TRANSCRIPT=ENST00000330684.4|STRAND=-|COSMIC=COSG108203|REGION=3UTR(-)|VARIANT=16:9762881_C>T|ALT_INDEX=1|TX_POS=271|TX_CHANGE=G>A|G_CHANGE_CLASS=from_G	GRIN2A	293	ENST00000330684.4	-	COSG108203	3UTR(-)	9744	21	62	3	y	ok
222	GENE=GRIN2A|GENE_NO=293|TRANSCRIPT=ENST00000330684.4|STRAND=-|COSMIC=COSG108203|REGION=3UTR(-)|VARIANT=16:9763110_C>T|ALT_INDEX=1|TX_POS=42|TX_CHANGE=G>A|G_CHANGE_CLASS=from_G	GRIN2A	293	ENST00000330684.4	-	COSG108203	3UTR(-)	9744	21	62	3	y	ok
223	GENE=GRIN2A|GENE_NO=293|TRANSCRIPT=ENST00000330684.4|STRAND=-|COSMIC=COSG108203|REGION=3UTR(-)|VARIANT=16:9763120_C>T|ALT_INDEX=1|TX_POS=32|TX_CHANGE=G>A|G_CHANGE_CLASS=from_G	GRIN2A	293	ENST00000330684.4	-	COSG108203	3UTR(-)	9744	21	62	3	y	ok
224	GENE=HNF1A|GENE_NO=311|TRANSCRIPT=ENST00000257555.11|STRAND=+|COSMIC=COSG70564|REGION=3UTR(+)|VARIANT=12:121001212_G>A|ALT_INDEX=1|TX_POS=23|TX_CHANGE=G>A|G_CHANGE_CLASS=from_G	HNF1A	311	ENST00000257555.11	+	COSG70564	3UTR(+)	1323	6	53	3	y	ok
225	GENE=HNF1A|GENE_NO=311|TRANSCRIPT=ENST00000257555.11|STRAND=+|COSMIC=COSG70564|REGION=3UTR(+)|VARIANT=12:121001231_G>C|ALT_INDEX=1|TX_POS=42|TX_CHANGE=G>C|G_CHANGE_CLASS=from_G	HNF1A	311	ENST00000257555.11	+	COSG70564	3UTR(+)	1323	6	56	3	y	ok
226	GENE=HNF1A|GENE_NO=311|TRANSCRIPT=ENST00000257555.11|STRAND=+|COSMIC=COSG70564|REGION=3UTR(+)|VARIANT=12:121001231_G>T|ALT_INDEX=1|TX_POS=42|TX_CHANGE=G>T|G_CHANGE_CLASS=from_G	HNF1A	311	ENST00000257555.11	+	COSG70564	3UTR(+)	1323	6	56	3	y	ok
227	GENE=HNF1A|GENE_NO=311|TRANSCRIPT=ENST00000257555.11|STRAND=+|COSMIC=COSG70564|REGION=3UTR(+)|VARIANT=12:121001388_G>A|ALT_INDEX=1|TX_POS=199|TX_CHANGE=G>A|G_CHANGE_CLASS=from_G	HNF1A	311	ENST00000257555.11	+	COSG70564	3UTR(+)	1323	6	56	3	y	ok
228	GENE=HOXA11|GENE_NO=314|TRANSCRIPT=ENST00000006015.4|STRAND=-|COSMIC=COSG65276|REGION=3UTR(-)|VARIANT=7:27182785_C>A|ALT_INDEX=1|TX_POS=14|TX_CHANGE=G>T|G_CHANGE_CLASS=from_G	HOXA11	314	ENST00000006015.4	-	COSG65276	3UTR(-)	1642	11	56	3	y	ok
229	GENE=HOXD13|GENE_NO=320|TRANSCRIPT=ENST00000392539.4|STRAND=+|COSMIC=COSG60623|REGION=3UTR(+)|VARIANT=2:176094735_G>C|ALT_INDEX=1|TX_POS=8|TX_CHANGE=G>C|G_CHANGE_CLASS=from_G	HOXD13	320	ENST00000392539.4	+	COSG60623	3UTR(+)	1217	2	35	2	y	ok
230	GENE=HRAS|GENE_NO=321|TRANSCRIPT=ENST00000311189.8|STRAND=-|COSMIC=COSG113788|REGION=3UTR(-)|VARIANT=11:532452_C>G|ALT_INDEX=1|TX_POS=79|TX_CHANGE=G>C|G_CHANGE_CLASS=from_G	HRAS	321	ENST00000311189.8	-	COSG113788	3UTR(-)	289	2	36	2	y	ok
231	GENE=IL7R|GENE_NO=337|TRANSCRIPT=ENST00000303115.8|STRAND=+|COSMIC=COSG64472|REGION=3UTR(+)|VARIANT=5:35876790_G>A|ALT_INDEX=1|TX_POS=307|TX_CHANGE=G>A|G_CHANGE_CLASS=from_G	IL7R	337	ENST00000303115.8	+	COSG64472	3UTR(+)	3120	13	36	2	y	ok
232	GENE=IL7R|GENE_NO=337|TRANSCRIPT=ENST00000303115.8|STRAND=+|COSMIC=COSG64472|REGION=3UTR(+)|VARIANT=5:35877040_G>A|ALT_INDEX=1|TX_POS=557|TX_CHANGE=G>A|G_CHANGE_CLASS=from_G	IL7R	337	ENST00000303115.8	+	COSG64472	3UTR(+)	3120	13	36	2	y	ok
233	GENE=IL7R|GENE_NO=337|TRANSCRIPT=ENST00000303115.8|STRAND=+|COSMIC=COSG64472|REGION=3UTR(+)|VARIANT=5:35877060_G>T|ALT_INDEX=1|TX_POS=577|TX_CHANGE=G>T|G_CHANGE_CLASS=from_G	IL7R	337	ENST00000303115.8	+	COSG64472	3UTR(+)	3120	13	36	2	y	ok
234	GENE=IL7R|GENE_NO=337|TRANSCRIPT=ENST00000303115.8|STRAND=+|COSMIC=COSG64472|REGION=3UTR(+)|VARIANT=5:35877293_G>A|ALT_INDEX=1|TX_POS=810|TX_CHANGE=G>A|G_CHANGE_CLASS=from_G	IL7R	337	ENST00000303115.8	+	COSG64472	3UTR(+)	3120	12	36	2	y	ok
235	GENE=IL7R|GENE_NO=337|TRANSCRIPT=ENST00000303115.8|STRAND=+|COSMIC=COSG64472|REGION=3UTR(+)|VARIANT=5:35877331_G>A|ALT_INDEX=1|TX_POS=848|TX_CHANGE=G>A|G_CHANGE_CLASS=from_G	IL7R	337	ENST00000303115.8	+	COSG64472	3UTR(+)	3120	12	36	2	y	ok
236	GENE=IL7R|GENE_NO=337|TRANSCRIPT=ENST00000303115.8|STRAND=+|COSMIC=COSG64472|REGION=3UTR(+)|VARIANT=5:35877577_G>A|ALT_INDEX=1|TX_POS=1094|TX_CHANGE=G>A|G_CHANGE_CLASS=from_G	IL7R	337	ENST00000303115.8	+	COSG64472	3UTR(+)	3120	12	36	2	y	ok
237	GENE=IL7R|GENE_NO=337|TRANSCRIPT=ENST00000303115.8|STRAND=+|COSMIC=COSG64472|REGION=3UTR(+)|VARIANT=5:35878105_G>T|ALT_INDEX=1|TX_POS=1622|TX_CHANGE=G>T|G_CHANGE_CLASS=from_G	IL7R	337	ENST00000303115.8	+	COSG64472	3UTR(+)	3120	13	36	2	y	ok
238	GENE=IL7R|GENE_NO=337|TRANSCRIPT=ENST00000303115.8|STRAND=+|COSMIC=COSG64472|REGION=3UTR(+)|VARIANT=5:35878551_G>A|ALT_INDEX=1|TX_POS=2068|TX_CHANGE=G>A|G_CHANGE_CLASS=from_G	IL7R	337	ENST00000303115.8	+	COSG64472	3UTR(+)	3120	12	36	2	y	ok
239	GENE=IL7R|GENE_NO=337|TRANSCRIPT=ENST00000303115.8|STRAND=+|COSMIC=COSG64472|REGION=3UTR(+)|VARIANT=5:35878554_T>G|ALT_INDEX=1|TX_POS=2071|TX_CHANGE=T>G|G_CHANGE_CLASS=to_G	IL7R	337	ENST00000303115.8	+	COSG64472	3UTR(+)	3120	13	36	2	y	ok
240	GENE=IL7R|GENE_NO=337|TRANSCRIPT=ENST00000303115.8|STRAND=+|COSMIC=COSG64472|REGION=3UTR(+)|VARIANT=5:35879384_G>A|ALT_INDEX=1|TX_POS=2901|TX_CHANGE=G>A|G_CHANGE_CLASS=from_G	IL7R	337	ENST00000303115.8	+	COSG64472	3UTR(+)	3120	13	36	2	y	ok
241	GENE=IRF4|GENE_NO=338|TRANSCRIPT=ENST00000380956.9|STRAND=+|COSMIC=COSG105639|REGION=3UTR(+)|VARIANT=6:407656_G>A|ALT_INDEX=1|TX_POS=61|TX_CHANGE=G>A|G_CHANGE_CLASS=from_G	IRF4	338	ENST00000380956.9	+	COSG105639	3UTR(+)	3848	13	35	2	y	ok
242	GENE=ITK|GENE_NO=343|TRANSCRIPT=ENST00000422843.8|STRAND=+|COSMIC=COSG90766|REGION=3UTR(+)|VARIANT=5:157252888_G>A|ALT_INDEX=1|TX_POS=213|TX_CHANGE=G>A|G_CHANGE_CLASS=from_G	ITK	343	ENST00000422843.8	+	COSG90766	3UTR(+)	2510	10	34	2	y	ok
243	GENE=ITK|GENE_NO=343|TRANSCRIPT=ENST00000422843.8|STRAND=+|COSMIC=COSG90766|REGION=3UTR(+)|VARIANT=5:157253342_G>A|ALT_INDEX=1|TX_POS=667|TX_CHANGE=G>A|G_CHANGE_CLASS=from_G	ITK	343	ENST00000422843.8	+	COSG90766	3UTR(+)	2510	10	34	2	y	ok
244	GENE=ITK|GENE_NO=343|TRANSCRIPT=ENST00000422843.8|STRAND=+|COSMIC=COSG90766|REGION=3UTR(+)|VARIANT=5:157253830_G>T|ALT_INDEX=1|TX_POS=1155|TX_CHANGE=G>T|G_CHANGE_CLASS=from_G	ITK	343	ENST00000422843.8	+	COSG90766	3UTR(+)	2510	10	34	2	y	ok
245	GENE=JAK3|GENE_NO=346|TRANSCRIPT=ENST00000458235.7|STRAND=-|COSMIC=COSG84587|REGION=3UTR(-)|VARIANT=19:17824908_C>T|ALT_INDEX=1|TX_POS=1838|TX_CHANGE=G>A|G_CHANGE_CLASS=from_G	JAK3	346	ENST00000458235.7	-	COSG84587	3UTR(-)	1964	11	54	3	y	ok
246	GENE=JAK3|GENE_NO=346|TRANSCRIPT=ENST00000458235.7|STRAND=-|COSMIC=COSG84587|REGION=3UTR(-)|VARIANT=19:17824910_C>T|ALT_INDEX=1|TX_POS=1836|TX_CHANGE=G>A|G_CHANGE_CLASS=from_G	JAK3	346	ENST00000458235.7	-	COSG84587	3UTR(-)	1964	11	54	3	y	ok
247	GENE=JAK3|GENE_NO=346|TRANSCRIPT=ENST00000458235.7|STRAND=-|COSMIC=COSG84587|REGION=3UTR(-)|VARIANT=19:17825321_C>T|ALT_INDEX=1|TX_POS=1425|TX_CHANGE=G>A|G_CHANGE_CLASS=from_G	JAK3	346	ENST00000458235.7	-	COSG84587	3UTR(-)	1964	11	54	3	y	ok
248	GENE=JAK3|GENE_NO=346|TRANSCRIPT=ENST00000458235.7|STRAND=-|COSMIC=COSG84587|REGION=3UTR(-)|VARIANT=19:17825705_T>C|ALT_INDEX=1|TX_POS=1041|TX_CHANGE=A>G|G_CHANGE_CLASS=to_G	JAK3	346	ENST00000458235.7	-	COSG84587	3UTR(-)	1964	11	54	3	y	ok
249	GENE=JAK3|GENE_NO=346|TRANSCRIPT=ENST00000458235.7|STRAND=-|COSMIC=COSG84587|REGION=3UTR(-)|VARIANT=19:17826339_C>T|ALT_INDEX=1|TX_POS=407|TX_CHANGE=G>A|G_CHANGE_CLASS=from_G	JAK3	346	ENST00000458235.7	-	COSG84587	3UTR(-)	1964	11	54	3	y	ok
250	GENE=JAK3|GENE_NO=346|TRANSCRIPT=ENST00000458235.7|STRAND=-|COSMIC=COSG84587|REGION=3UTR(-)|VARIANT=19:17826539_C>T|ALT_INDEX=1|TX_POS=207|TX_CHANGE=G>A|G_CHANGE_CLASS=from_G	JAK3	346	ENST00000458235.7	-	COSG84587	3UTR(-)	1964	11	54	3	y	ok
251	GENE=KCNJ5|GENE_NO=352|TRANSCRIPT=ENST00000529694.6|STRAND=+|COSMIC=COSG80472|REGION=3UTR(+)|VARIANT=11:128916827_G>A|ALT_INDEX=1|TX_POS=99|TX_CHANGE=G>A|G_CHANGE_CLASS=from_G	KCNJ5	352	ENST00000529694.6	+	COSG80472	3UTR(+)	4435	18	63	3	y	ok
252	GENE=KCNJ5|GENE_NO=352|TRANSCRIPT=ENST00000529694.6|STRAND=+|COSMIC=COSG80472|REGION=3UTR(+)|VARIANT=11:128916959_G>T|ALT_INDEX=1|TX_POS=231|TX_CHANGE=G>T|G_CHANGE_CLASS=from_G	KCNJ5	352	ENST00000529694.6	+	COSG80472	3UTR(+)	4435	18	63	3	y	ok
253	GENE=KCNJ5|GENE_NO=352|TRANSCRIPT=ENST00000529694.6|STRAND=+|COSMIC=COSG80472|REGION=3UTR(+)|VARIANT=11:128917510_G>T|ALT_INDEX=1|TX_POS=782|TX_CHANGE=G>T|G_CHANGE_CLASS=from_G	KCNJ5	352	ENST00000529694.6	+	COSG80472	3UTR(+)	4435	18	63	3	y	ok
254	GENE=KCNJ5|GENE_NO=352|TRANSCRIPT=ENST00000529694.6|STRAND=+|COSMIC=COSG80472|REGION=3UTR(+)|VARIANT=11:128917526_G>A|ALT_INDEX=1|TX_POS=798|TX_CHANGE=G>A|G_CHANGE_CLASS=from_G	KCNJ5	352	ENST00000529694.6	+	COSG80472	3UTR(+)	4435	18	63	3	y	ok
255	GENE=KCNJ5|GENE_NO=352|TRANSCRIPT=ENST00000529694.6|STRAND=+|COSMIC=COSG80472|REGION=3UTR(+)|VARIANT=11:128917822_G>A|ALT_INDEX=1|TX_POS=1094|TX_CHANGE=G>A|G_CHANGE_CLASS=from_G	KCNJ5	352	ENST00000529694.6	+	COSG80472	3UTR(+)	4435	18	63	3	y	ok
256	GENE=KDM5C|GENE_NO=354|TRANSCRIPT=ENST00000375401.8|STRAND=-|COSMIC=COSG86736|REGION=3UTR(-)|VARIANT=X:53192587_C>T|ALT_INDEX=1|TX_POS=383|TX_CHANGE=G>A|G_CHANGE_CLASS=from_G	KDM5C	354	ENST00000375401.8	-	COSG86736	3UTR(-)	812	5	64	3	y	ok
257	GENE=KDM5C|GENE_NO=354|TRANSCRIPT=ENST00000375401.8|STRAND=-|COSMIC=COSG86736|REGION=3UTR(-)|VARIANT=X:53192771_C>T|ALT_INDEX=1|TX_POS=199|TX_CHANGE=G>A|G_CHANGE_CLASS=from_G	KDM5C	354	ENST00000375401.8	-	COSG86736	3UTR(-)	812	5	64	3	y	ok
258	GENE=KDM5C|GENE_NO=354|TRANSCRIPT=ENST00000375401.8|STRAND=-|COSMIC=COSG86736|REGION=3UTR(-)|VARIANT=X:53192774_C>G|ALT_INDEX=1|TX_POS=196|TX_CHANGE=G>C|G_CHANGE_CLASS=from_G	KDM5C	354	ENST00000375401.8	-	COSG86736	3UTR(-)	812	5	64	3	y	ok
259	GENE=KDM5C|GENE_NO=354|TRANSCRIPT=ENST00000375401.8|STRAND=-|COSMIC=COSG86736|REGION=3UTR(-)|VARIANT=X:53192872_C>T|ALT_INDEX=1|TX_POS=98|TX_CHANGE=G>A|G_CHANGE_CLASS=from_G	KDM5C	354	ENST00000375401.8	-	COSG86736	3UTR(-)	812	5	64	3	y	ok
260	GENE=KDM5C|GENE_NO=354|TRANSCRIPT=ENST00000375401.8|STRAND=-|COSMIC=COSG86736|REGION=3UTR(-)|VARIANT=X:53192873_G>C|ALT_INDEX=1|TX_POS=97|TX_CHANGE=C>G|G_CHANGE_CLASS=to_G	KDM5C	354	ENST00000375401.8	-	COSG86736	3UTR(-)	812	5	64	3	y	ok
261	GENE=KDM5C|GENE_NO=354|TRANSCRIPT=ENST00000375401.8|STRAND=-|COSMIC=COSG86736|REGION=3UTR(-)|VARIANT=X:53192881_C>T|ALT_INDEX=1|TX_POS=89|TX_CHANGE=G>A|G_CHANGE_CLASS=from_G	KDM5C	354	ENST00000375401.8	-	COSG86736	3UTR(-)	812	5	64	3	y	ok
262	GENE=KIT|GENE_NO=361|TRANSCRIPT=ENST00000288135.6|STRAND=+|COSMIC=COSG63709|REGION=3UTR(+)|VARIANT=4:54738574_G>A|ALT_INDEX=1|TX_POS=20|TX_CHANGE=G>A|G_CHANGE_CLASS=from_G	KIT	361	ENST00000288135.6	+	COSG63709	3UTR(+)	2161	7	35	2	y	ok
263	GENE=KIT|GENE_NO=361|TRANSCRIPT=ENST00000288135.6|STRAND=+|COSMIC=COSG63709|REGION=3UTR(+)|VARIANT=4:54740365_A>G|ALT_INDEX=1|TX_POS=1811|TX_CHANGE=A>G|G_CHANGE_CLASS=to_G	KIT	361	ENST00000288135.6	+	COSG63709	3UTR(+)	2161	8	35	2	y	ok
264	GENE=KMT2C|GENE_NO=366|TRANSCRIPT=ENST00000262189.11|STRAND=-|COSMIC=COSG85495|REGION=3UTR(-)|VARIANT=7:152136808_C>T|ALT_INDEX=1|TX_POS=27|TX_CHANGE=G>A|G_CHANGE_CLASS=from_G	KMT2C	366	ENST00000262189.11	-	COSG85495	3UTR(-)	1910	7	35	2	y	ok
265	GENE=KMT2D|GENE_NO=367|TRANSCRIPT=ENST00000301067.12|STRAND=-|COSMIC=COSG107783|REGION=3UTR(-)|VARIANT=12:49020739_C>A|ALT_INDEX=1|TX_POS=1044|TX_CHANGE=G>T|G_CHANGE_CLASS=from_G	KMT2D	367	ENST00000301067.12	-	COSG107783	3UTR(-)	2805	17	75	4	y	ok
266	GENE=KRAS|GENE_NO=370|TRANSCRIPT=ENST00000311936.8|STRAND=-|COSMIC=COSG86962|REGION=3UTR(-)|VARIANT=12:25207339_C>T|ALT_INDEX=1|TX_POS=2459|TX_CHANGE=G>A|G_CHANGE_CLASS=from_G	KRAS	370	ENST00000311936.8	-	COSG86962	3UTR(-)	4552	12	35	2	y	ok
267	GENE=KRAS|GENE_NO=370|TRANSCRIPT=ENST00000311936.8|STRAND=-|COSMIC=COSG86962|REGION=3UTR(-)|VARIANT=12:25208294_C>T|ALT_INDEX=1|TX_POS=1504|TX_CHANGE=G>A|G_CHANGE_CLASS=from_G	KRAS	370	ENST00000311936.8	-	COSG86962	3UTR(-)	4552	12	35	2	y	ok
268	GENE=KRAS|GENE_NO=370|TRANSCRIPT=ENST00000311936.8|STRAND=-|COSMIC=COSG86962|REGION=3UTR(-)|VARIANT=12:25208822_C>A|ALT_INDEX=1|TX_POS=976|TX_CHANGE=G>T|G_CHANGE_CLASS=from_G	KRAS	370	ENST00000311936.8	-	COSG86962	3UTR(-)	4552	11	35	2	y	ok
269	GENE=LASP1|GENE_NO=373|TRANSCRIPT=ENST00000318008.11|STRAND=+|COSMIC=COSG73683|REGION=3UTR(+)|VARIANT=17:38919505_G>C|ALT_INDEX=1|TX_POS=730|TX_CHANGE=G>C|G_CHANGE_CLASS=from_G	LASP1	373	ENST00000318008.11	+	COSG73683	3UTR(+)	2995	17	64	3	y	ok
270	GENE=LASP1|GENE_NO=373|TRANSCRIPT=ENST00000318008.11|STRAND=+|COSMIC=COSG73683|REGION=3UTR(+)|VARIANT=17:38919505_G>T|ALT_INDEX=1|TX_POS=730|TX_CHANGE=G>T|G_CHANGE_CLASS=from_G	LASP1	373	ENST00000318008.11	+	COSG73683	3UTR(+)	2995	17	64	3	y	ok
271	GENE=LIFR|GENE_NO=381|TRANSCRIPT=ENST00000453190.7|STRAND=-|COSMIC=COSG108001|REGION=3UTR(-)|VARIANT=5:38477249_C>T|ALT_INDEX=1|TX_POS=4349|TX_CHANGE=G>A|G_CHANGE_CLASS=from_G	LIFR	381	ENST00000453190.7	-	COSG108001	3UTR(-)	6930	12	56	3	y	ok
272	GENE=LIFR|GENE_NO=381|TRANSCRIPT=ENST00000453190.7|STRAND=-|COSMIC=COSG108001|REGION=3UTR(-)|VARIANT=5:38480293_A>C|ALT_INDEX=1|TX_POS=1305|TX_CHANGE=T>G|G_CHANGE_CLASS=to_G	LIFR	381	ENST00000453190.7	-	COSG108001	3UTR(-)	6930	12	56	3	y	ok
273	GENE=LIFR|GENE_NO=381|TRANSCRIPT=ENST00000453190.7|STRAND=-|COSMIC=COSG108001|REGION=3UTR(-)|VARIANT=5:38480590_T>C|ALT_INDEX=1|TX_POS=1008|TX_CHANGE=A>G|G_CHANGE_CLASS=to_G	LIFR	381	ENST00000453190.7	-	COSG108001	3UTR(-)	6930	12	56	3	y	ok
274	GENE=LIFR|GENE_NO=381|TRANSCRIPT=ENST00000453190.7|STRAND=-|COSMIC=COSG108001|REGION=3UTR(-)|VARIANT=5:38480607_C>T|ALT_INDEX=1|TX_POS=991|TX_CHANGE=G>A|G_CHANGE_CLASS=from_G	LIFR	381	ENST00000453190.7	-	COSG108001	3UTR(-)	6930	12	56	3	y	ok
275	GENE=LIFR|GENE_NO=381|TRANSCRIPT=ENST00000453190.7|STRAND=-|COSMIC=COSG108001|REGION=3UTR(-)|VARIANT=5:38481197_G>C|ALT_INDEX=1|TX_POS=401|TX_CHANGE=C>G|G_CHANGE_CLASS=to_G	LIFR	381	ENST00000453190.7	-	COSG108001	3UTR(-)	6930	12	56	3	y	ok
276	GENE=LIFR|GENE_NO=381|TRANSCRIPT=ENST00000453190.7|STRAND=-|COSMIC=COSG108001|REGION=3UTR(-)|VARIANT=5:38481202_C>A|ALT_INDEX=1|TX_POS=396|TX_CHANGE=G>T|G_CHANGE_CLASS=from_G	LIFR	381	ENST00000453190.7	-	COSG108001	3UTR(-)	6930	12	56	3	y	ok
277	GENE=LMNA|GENE_NO=382|TRANSCRIPT=ENST00000368300.9|STRAND=+|COSMIC=COSG61379|REGION=3UTR(+)|VARIANT=1:156139133_G>A|ALT_INDEX=1|TX_POS=30|TX_CHANGE=G>A|G_CHANGE_CLASS=from_G	LMNA	382	ENST00000368300.9	+	COSG61379	3UTR(+)	978	5	63	3	y	ok
278	GENE=LRP1B|GENE_NO=387|TRANSCRIPT=ENST00000389484.8|STRAND=-|COSMIC=COSG104741|REGION=3UTR(-)|VARIANT=2:140232001_G>C|ALT_INDEX=1|TX_POS=1188|TX_CHANGE=C>G|G_CHANGE_CLASS=to_G	LRP1B	387	ENST00000389484.8	-	COSG104741	3UTR(-)	1766	1	30	2	y	ok
279	GENE=MAF|GENE_NO=393|TRANSCRIPT=ENST00000326043.5|STRAND=-|COSMIC=COSG112125|REGION=3UTR(-)|VARIANT=16:79594275_C>G|ALT_INDEX=1|TX_POS=188|TX_CHANGE=G>C|G_CHANGE_CLASS=from_G	MAF	393	ENST00000326043.5	-	COSG112125	3UTR(-)	625	1	34	2	y	ok
280	GENE=MAF|GENE_NO=393|TRANSCRIPT=ENST00000326043.5|STRAND=-|COSMIC=COSG112125|REGION=3UTR(-)|VARIANT=16:79594284_T>C|ALT_INDEX=1|TX_POS=179|TX_CHANGE=A>G|G_CHANGE_CLASS=to_G	MAF	393	ENST00000326043.5	-	COSG112125	3UTR(-)	625	2	34	2	y	ok
281	GENE=MAFB|GENE_NO=394|TRANSCRIPT=ENST00000373313.3|STRAND=-|COSMIC=COSG61544|REGION=3UTR(-)|VARIANT=20:40686565_T>C|ALT_INDEX=1|TX_POS=1317|TX_CHANGE=A>G|G_CHANGE_CLASS=to_G	MAFB	394	ENST00000373313.3	-	COSG61544	3UTR(-)	2034	9	64	3	y	ok
282	GENE=MAFB|GENE_NO=394|TRANSCRIPT=ENST00000373313.3|STRAND=-|COSMIC=COSG61544|REGION=3UTR(-)|VARIANT=20:40686669_C>T|ALT_INDEX=1|TX_POS=1213|TX_CHANGE=G>A|G_CHANGE_CLASS=from_G	MAFB	394	ENST00000373313.3	-	COSG61544	3UTR(-)	2034	8	64	3	y	ok
283	GENE=MAFB|GENE_NO=394|TRANSCRIPT=ENST00000373313.3|STRAND=-|COSMIC=COSG61544|REGION=3UTR(-)|VARIANT=20:40686998_C>A|ALT_INDEX=1|TX_POS=884|TX_CHANGE=G>T|G_CHANGE_CLASS=from_G	MAFB	394	ENST00000373313.3	-	COSG61544	3UTR(-)	2034	9	64	3	y	ok
284	GENE=MAFB|GENE_NO=394|TRANSCRIPT=ENST00000373313.3|STRAND=-|COSMIC=COSG61544|REGION=3UTR(-)|VARIANT=20:40687084_C>A|ALT_INDEX=1|TX_POS=798|TX_CHANGE=G>T|G_CHANGE_CLASS=from_G	MAFB	394	ENST00000373313.3	-	COSG61544	3UTR(-)	2034	9	64	3	y	ok
285	GENE=MAFB|GENE_NO=394|TRANSCRIPT=ENST00000373313.3|STRAND=-|COSMIC=COSG61544|REGION=3UTR(-)|VARIANT=20:40687088_G>C|ALT_INDEX=1|TX_POS=794|TX_CHANGE=C>G|G_CHANGE_CLASS=to_G	MAFB	394	ENST00000373313.3	-	COSG61544	3UTR(-)	2034	9	64	3	y	ok
286	GENE=MAFB|GENE_NO=394|TRANSCRIPT=ENST00000373313.3|STRAND=-|COSMIC=COSG61544|REGION=3UTR(-)|VARIANT=20:40687727_C>G|ALT_INDEX=1|TX_POS=155|TX_CHANGE=G>C|G_CHANGE_CLASS=from_G	MAFB	394	ENST00000373313.3	-	COSG61544	3UTR(-)	2034	9	64	3	y	ok
287	GENE=MAX|GENE_NO=404|TRANSCRIPT=ENST00000358664.9|STRAND=-|COSMIC=COSG102148|REGION=3UTR(-)|VARIANT=14:65075349_C>G|ALT_INDEX=1|TX_POS=1130|TX_CHANGE=G>C|G_CHANGE_CLASS=from_G	MAX	404	ENST00000358664.9	-	COSG102148	3UTR(-)	1352	5	62	3	y	ok
288	GENE=MAX|GENE_NO=404|TRANSCRIPT=ENST00000358664.9|STRAND=-|COSMIC=COSG102148|REGION=3UTR(-)|VARIANT=14:65075889_C>T|ALT_INDEX=1|TX_POS=590|TX_CHANGE=G>A|G_CHANGE_CLASS=from_G	MAX	404	ENST00000358664.9	-	COSG102148	3UTR(-)	1352	4	62	3	y	ok
289	GENE=MAX|GENE_NO=404|TRANSCRIPT=ENST00000358664.9|STRAND=-|COSMIC=COSG102148|REGION=3UTR(-)|VARIANT=14:65076101_C>T|ALT_INDEX=1|TX_POS=378|TX_CHANGE=G>A|G_CHANGE_CLASS=from_G	MAX	404	ENST00000358664.9	-	COSG102148	3UTR(-)	1352	5	62	3	y	ok
290	GENE=MEN1|GENE_NO=411|TRANSCRIPT=ENST00000450708.7|STRAND=-|COSMIC=COSG70965|REGION=3UTR(-)|VARIANT=11:64803922_C>T|ALT_INDEX=1|TX_POS=415|TX_CHANGE=G>A|G_CHANGE_CLASS=from_G	MEN1	411	ENST00000450708.7	-	COSG70965	3UTR(-)	821	4	35	2	y	ok
291	GENE=MEN1|GENE_NO=411|TRANSCRIPT=ENST00000450708.7|STRAND=-|COSMIC=COSG70965|REGION=3UTR(-)|VARIANT=11:64803934_C>T|ALT_INDEX=1|TX_POS=403|TX_CHANGE=G>A|G_CHANGE_CLASS=from_G	MEN1	411	ENST00000450708.7	-	COSG70965	3UTR(-)	821	3	35	2	y	ok
292	GENE=MEN1|GENE_NO=411|TRANSCRIPT=ENST00000450708.7|STRAND=-|COSMIC=COSG70965|REGION=3UTR(-)|VARIANT=11:64803942_C>T|ALT_INDEX=1|TX_POS=395|TX_CHANGE=G>A|G_CHANGE_CLASS=from_G	MEN1	411	ENST00000450708.7	-	COSG70965	3UTR(-)	821	4	35	2	y	ok
293	GENE=MEN1|GENE_NO=411|TRANSCRIPT=ENST00000450708.7|STRAND=-|COSMIC=COSG70965|REGION=3UTR(-)|VARIANT=11:64804245_C>T|ALT_INDEX=1|TX_POS=92|TX_CHANGE=G>A|G_CHANGE_CLASS=from_G	MEN1	411	ENST00000450708.7	-	COSG70965	3UTR(-)	821	4	35	2	y	ok
294	GENE=MEN1|GENE_NO=411|TRANSCRIPT=ENST00000450708.7|STRAND=-|COSMIC=COSG70965|REGION=3UTR(-)|VARIANT=11:64804318_C>T|ALT_INDEX=1|TX_POS=19|TX_CHANGE=G>A|G_CHANGE_CLASS=from_G	MEN1	411	ENST00000450708.7	-	COSG70965	3UTR(-)	821	4	35	2	y	ok
295	GENE=MEN1|GENE_NO=411|TRANSCRIPT=ENST00000450708.7|STRAND=-|COSMIC=COSG70965|REGION=3UTR(-)|VARIANT=11:64804324_C>A|ALT_INDEX=1|TX_POS=13|TX_CHANGE=G>T|G_CHANGE_CLASS=from_G	MEN1	411	ENST00000450708.7	-	COSG70965	3UTR(-)	821	4	35	2	y	ok
296	GENE=MEN1|GENE_NO=411|TRANSCRIPT=ENST00000450708.7|STRAND=-|COSMIC=COSG70965|REGION=3UTR(-)|VARIANT=11:64804324_C>T|ALT_INDEX=1|TX_POS=13|TX_CHANGE=G>A|G_CHANGE_CLASS=from_G	MEN1	411	ENST00000450708.7	-	COSG70965	3UTR(-)	821	4	35	2	y	ok
297	GENE=MEN1|GENE_NO=411|TRANSCRIPT=ENST00000450708.7|STRAND=-|COSMIC=COSG70965|REGION=3UTR(-)|VARIANT=11:64804325_C>A|ALT_INDEX=1|TX_POS=12|TX_CHANGE=G>T|G_CHANGE_CLASS=from_G	MEN1	411	ENST00000450708.7	-	COSG70965	3UTR(-)	821	4	35	2	y	ok
298	GENE=MEN1|GENE_NO=411|TRANSCRIPT=ENST00000450708.7|STRAND=-|COSMIC=COSG70965|REGION=3UTR(-)|VARIANT=11:64804325_C>T|ALT_INDEX=1|TX_POS=12|TX_CHANGE=G>A|G_CHANGE_CLASS=from_G	MEN1	411	ENST00000450708.7	-	COSG70965	3UTR(-)	821	4	35	2	y	ok
299	GENE=MEN1|GENE_NO=411|TRANSCRIPT=ENST00000450708.7|STRAND=-|COSMIC=COSG70965|REGION=3UTR(-)|VARIANT=11:64804326_C>T|ALT_INDEX=1|TX_POS=11|TX_CHANGE=G>A|G_CHANGE_CLASS=from_G	MEN1	411	ENST00000450708.7	-	COSG70965	3UTR(-)	821	4	35	2	y	ok
300	GENE=MET|GENE_NO=412|TRANSCRIPT=ENST00000397752.8|STRAND=+|COSMIC=COSG91620|REGION=3UTR(+)|VARIANT=7:116796500_G>T|ALT_INDEX=1|TX_POS=379|TX_CHANGE=G>T|G_CHANGE_CLASS=from_G	MET	412	ENST00000397752.8	+	COSG91620	3UTR(+)	2256	3	34	2	y	ok
301	GENE=MET|GENE_NO=412|TRANSCRIPT=ENST00000397752.8|STRAND=+|COSMIC=COSG91620|REGION=3UTR(+)|VARIANT=7:116796509_G>A|ALT_INDEX=1|TX_POS=388|TX_CHANGE=G>A|G_CHANGE_CLASS=from_G	MET	412	ENST00000397752.8	+	COSG91620	3UTR(+)	2256	3	34	2	y	ok
302	GENE=MET|GENE_NO=412|TRANSCRIPT=ENST00000397752.8|STRAND=+|COSMIC=COSG91620|REGION=3UTR(+)|VARIANT=7:116796521_A>G|ALT_INDEX=1|TX_POS=400|TX_CHANGE=A>G|G_CHANGE_CLASS=to_G	MET	412	ENST00000397752.8	+	COSG91620	3UTR(+)	2256	4	34	2	y	ok
303	GENE=MITF|GENE_NO=414|TRANSCRIPT=ENST00000352241.9|STRAND=+|COSMIC=COSG60330|REGION=3UTR(+)|VARIANT=3:69967408_A>G|ALT_INDEX=1|TX_POS=2163|TX_CHANGE=A>G|G_CHANGE_CLASS=to_G	MITF	414	ENST00000352241.9	+	COSG60330	3UTR(+)	3087	7	36	2	y	ok
304	GENE=MITF|GENE_NO=414|TRANSCRIPT=ENST00000352241.9|STRAND=+|COSMIC=COSG60330|REGION=3UTR(+)|VARIANT=3:69967523_G>A|ALT_INDEX=1|TX_POS=2278|TX_CHANGE=G>A|G_CHANGE_CLASS=from_G	MITF	414	ENST00000352241.9	+	COSG60330	3UTR(+)	3087	7	35	2	y	ok
305	GENE=MPL|GENE_NO=424|TRANSCRIPT=ENST00000372470.9|STRAND=+|COSMIC=COSG91606|REGION=3UTR(+)|VARIANT=1:43353643_G>A|ALT_INDEX=1|TX_POS=874|TX_CHANGE=G>A|G_CHANGE_CLASS=from_G	MPL	424	ENST00000372470.9	+	COSG91606	3UTR(+)	1697	2	30	2	y	ok
306	GENE=MYH11|GENE_NO=442|TRANSCRIPT=ENST00000300036.6|STRAND=-|COSMIC=COSG71408|REGION=3UTR(-)|VARIANT=16:15703414_T>C|ALT_INDEX=1|TX_POS=580|TX_CHANGE=A>G|G_CHANGE_CLASS=to_G	MYH11	442	ENST00000300036.6	-	COSG71408	3UTR(-)	859	3	35	2	y	ok
307	GENE=MYH11|GENE_NO=442|TRANSCRIPT=ENST00000300036.6|STRAND=-|COSMIC=COSG71408|REGION=3UTR(-)|VARIANT=16:15703447_C>T|ALT_INDEX=1|TX_POS=547|TX_CHANGE=G>A|G_CHANGE_CLASS=from_G	MYH11	442	ENST00000300036.6	-	COSG71408	3UTR(-)	859	3	35	2	y	ok
308	GENE=MYH9|GENE_NO=443|TRANSCRIPT=ENST00000216181.11|STRAND=-|COSMIC=COSG99603|REGION=3UTR(-)|VARIANT=22:36281762_C>A|ALT_INDEX=1|TX_POS=909|TX_CHANGE=G>T|G_CHANGE_CLASS=from_G	MYH9	443	ENST00000216181.11	-	COSG99603	3UTR(-)	1391	5	56	3	y	ok
309	GENE=MYH9|GENE_NO=443|TRANSCRIPT=ENST00000216181.11|STRAND=-|COSMIC=COSG99603|REGION=3UTR(-)|VARIANT=22:36281920_T>C|ALT_INDEX=1|TX_POS=751|TX_CHANGE=A>G|G_CHANGE_CLASS=to_G	MYH9	443	ENST00000216181.11	-	COSG99603	3UTR(-)	1391	5	56	3	y	ok
310	GENE=MYH9|GENE_NO=443|TRANSCRIPT=ENST00000216181.11|STRAND=-|COSMIC=COSG99603|REGION=3UTR(-)|VARIANT=22:36282079_C>T|ALT_INDEX=1|TX_POS=592|TX_CHANGE=G>A|G_CHANGE_CLASS=from_G	MYH9	443	ENST00000216181.11	-	COSG99603	3UTR(-)	1391	5	56	3	y	ok
311	GENE=MYH9|GENE_NO=443|TRANSCRIPT=ENST00000216181.11|STRAND=-|COSMIC=COSG99603|REGION=3UTR(-)|VARIANT=22:36282407_C>G|ALT_INDEX=1|TX_POS=264|TX_CHANGE=G>C|G_CHANGE_CLASS=from_G	MYH9	443	ENST00000216181.11	-	COSG99603	3UTR(-)	1391	5	56	3	y	ok
312	GENE=MYH9|GENE_NO=443|TRANSCRIPT=ENST00000216181.11|STRAND=-|COSMIC=COSG99603|REGION=3UTR(-)|VARIANT=22:36282430_C>A|ALT_INDEX=1|TX_POS=241|TX_CHANGE=G>T|G_CHANGE_CLASS=from_G	MYH9	443	ENST00000216181.11	-	COSG99603	3UTR(-)	1391	5	56	3	y	ok
313	GENE=NBN|GENE_NO=450|TRANSCRIPT=ENST00000265433.8|STRAND=-|COSMIC=COSG81202|REGION=3UTR(-)|VARIANT=8:89933453_C>A|ALT_INDEX=1|TX_POS=2132|TX_CHANGE=G>T|G_CHANGE_CLASS=from_G	NBN	450	ENST00000265433.8	-	COSG81202	3UTR(-)	2254	4	31	2	y	ok
314	GENE=NBN|GENE_NO=450|TRANSCRIPT=ENST00000265433.8|STRAND=-|COSMIC=COSG81202|REGION=3UTR(-)|VARIANT=8:89934599_C>T|ALT_INDEX=1|TX_POS=986|TX_CHANGE=G>A|G_CHANGE_CLASS=from_G	NBN	450	ENST00000265433.8	-	COSG81202	3UTR(-)	2254	4	31	2	y	ok
315	GENE=NDRG1|GENE_NO=457|TRANSCRIPT=ENST00000323851.13|STRAND=-|COSMIC=COSG109165|REGION=3UTR(-)|VARIANT=8:133237405_C>T|ALT_INDEX=1|TX_POS=1476|TX_CHANGE=G>A|G_CHANGE_CLASS=from_G	NDRG1	457	ENST00000323851.13	-	COSG109165	3UTR(-)	1706	10	74	4	y	ok
316	GENE=NDRG1|GENE_NO=457|TRANSCRIPT=ENST00000323851.13|STRAND=-|COSMIC=COSG109165|REGION=3UTR(-)|VARIANT=8:133237538_C>T|ALT_INDEX=1|TX_POS=1343|TX_CHANGE=G>A|G_CHANGE_CLASS=from_G	NDRG1	457	ENST00000323851.13	-	COSG109165	3UTR(-)	1706	10	74	4	y	ok
317	GENE=NDRG1|GENE_NO=457|TRANSCRIPT=ENST00000323851.13|STRAND=-|COSMIC=COSG109165|REGION=3UTR(-)|VARIANT=8:133237683_C>A|ALT_INDEX=1|TX_POS=1198|TX_CHANGE=G>T|G_CHANGE_CLASS=from_G	NDRG1	457	ENST00000323851.13	-	COSG109165	3UTR(-)	1706	10	74	4	y	ok
318	GENE=NDRG1|GENE_NO=457|TRANSCRIPT=ENST00000323851.13|STRAND=-|COSMIC=COSG109165|REGION=3UTR(-)|VARIANT=8:133237699_C>G|ALT_INDEX=1|TX_POS=1182|TX_CHANGE=G>C|G_CHANGE_CLASS=from_G	NDRG1	457	ENST00000323851.13	-	COSG109165	3UTR(-)	1706	10	74	4	y	ok
319	GENE=NDRG1|GENE_NO=457|TRANSCRIPT=ENST00000323851.13|STRAND=-|COSMIC=COSG109165|REGION=3UTR(-)|VARIANT=8:133238353_C>T|ALT_INDEX=1|TX_POS=528|TX_CHANGE=G>A|G_CHANGE_CLASS=from_G	NDRG1	457	ENST00000323851.13	-	COSG109165	3UTR(-)	1706	10	74	4	y	ok
320	GENE=NDRG1|GENE_NO=457|TRANSCRIPT=ENST00000323851.13|STRAND=-|COSMIC=COSG109165|REGION=3UTR(-)|VARIANT=8:133238501_C>T|ALT_INDEX=1|TX_POS=380|TX_CHANGE=G>A|G_CHANGE_CLASS=from_G	NDRG1	457	ENST00000323851.13	-	COSG109165	3UTR(-)	1706	10	74	4	y	ok
321	GENE=NF1|GENE_NO=458|TRANSCRIPT=ENST00000358273.9|STRAND=+|COSMIC=COSG113820|REGION=3UTR(+)|VARIANT=17:31374739_G>C|ALT_INDEX=1|TX_POS=587|TX_CHANGE=G>C|G_CHANGE_CLASS=from_G	NF1	458	ENST00000358273.9	+	COSG113820	3UTR(+)	3523	6	54	3	y	ok
322	GENE=NF1|GENE_NO=458|TRANSCRIPT=ENST00000358273.9|STRAND=+|COSMIC=COSG113820|REGION=3UTR(+)|VARIANT=17:31374739_G>T|ALT_INDEX=1|TX_POS=587|TX_CHANGE=G>T|G_CHANGE_CLASS=from_G	NF1	458	ENST00000358273.9	+	COSG113820	3UTR(+)	3523	6	54	3	y	ok
323	GENE=NF1|GENE_NO=458|TRANSCRIPT=ENST00000358273.9|STRAND=+|COSMIC=COSG113820|REGION=3UTR(+)|VARIANT=17:31374740_G>A|ALT_INDEX=1|TX_POS=588|TX_CHANGE=G>A|G_CHANGE_CLASS=from_G	NF1	458	ENST00000358273.9	+	COSG113820	3UTR(+)	3523	6	54	3	y	ok
324	GENE=NF1|GENE_NO=458|TRANSCRIPT=ENST00000358273.9|STRAND=+|COSMIC=COSG113820|REGION=3UTR(+)|VARIANT=17:31374740_G>T|ALT_INDEX=1|TX_POS=588|TX_CHANGE=G>T|G_CHANGE_CLASS=from_G	NF1	458	ENST00000358273.9	+	COSG113820	3UTR(+)	3523	6	54	3	y	ok
325	GENE=NF1|GENE_NO=458|TRANSCRIPT=ENST00000358273.9|STRAND=+|COSMIC=COSG113820|REGION=3UTR(+)|VARIANT=17:31375636_A>G|ALT_INDEX=1|TX_POS=1484|TX_CHANGE=A>G|G_CHANGE_CLASS=to_G	NF1	458	ENST00000358273.9	+	COSG113820	3UTR(+)	3523	6	63	3	y	ok
326	GENE=NF1|GENE_NO=458|TRANSCRIPT=ENST00000358273.9|STRAND=+|COSMIC=COSG113820|REGION=3UTR(+)|VARIANT=17:31376165_A>G|ALT_INDEX=1|TX_POS=2013|TX_CHANGE=A>G|G_CHANGE_CLASS=to_G	NF1	458	ENST00000358273.9	+	COSG113820	3UTR(+)	3523	6	63	3	y	ok
327	GENE=NF2|GENE_NO=459|TRANSCRIPT=ENST00000338641.10|STRAND=+|COSMIC=COSG66613|REGION=3UTR(+)|VARIANT=22:29694911_G>T|ALT_INDEX=1|TX_POS=112|TX_CHANGE=G>T|G_CHANGE_CLASS=from_G	NF2	459	ENST00000338641.10	+	COSG66613	3UTR(+)	3799	20	57	3	y	ok
328	GENE=NF2|GENE_NO=459|TRANSCRIPT=ENST00000338641.10|STRAND=+|COSMIC=COSG66613|REGION=3UTR(+)|VARIANT=22:29695961_G>A|ALT_INDEX=1|TX_POS=1162|TX_CHANGE=G>A|G_CHANGE_CLASS=from_G	NF2	459	ENST00000338641.10	+	COSG66613	3UTR(+)	3799	20	57	3	y	ok
329	GENE=NF2|GENE_NO=459|TRANSCRIPT=ENST00000338641.10|STRAND=+|COSMIC=COSG66613|REGION=3UTR(+)|VARIANT=22:29697198_G>T|ALT_INDEX=1|TX_POS=2399|TX_CHANGE=G>T|G_CHANGE_CLASS=from_G	NF2	459	ENST00000338641.10	+	COSG66613	3UTR(+)	3799	20	57	3	y	ok
330	GENE=NF2|GENE_NO=459|TRANSCRIPT=ENST00000338641.10|STRAND=+|COSMIC=COSG66613|REGION=3UTR(+)|VARIANT=22:29697210_G>A|ALT_INDEX=1|TX_POS=2411|TX_CHANGE=G>A|G_CHANGE_CLASS=from_G	NF2	459	ENST00000338641.10	+	COSG66613	3UTR(+)	3799	20	57	3	y	ok
331	GENE=NF2|GENE_NO=459|TRANSCRIPT=ENST00000338641.10|STRAND=+|COSMIC=COSG66613|REGION=3UTR(+)|VARIANT=22:29697991_G>T|ALT_INDEX=1|TX_POS=3192|TX_CHANGE=G>T|G_CHANGE_CLASS=from_G	NF2	459	ENST00000338641.10	+	COSG66613	3UTR(+)	3799	19	57	3	y	ok
332	GENE=NF2|GENE_NO=459|TRANSCRIPT=ENST00000338641.10|STRAND=+|COSMIC=COSG66613|REGION=3UTR(+)|VARIANT=22:29698010_G>A|ALT_INDEX=1|TX_POS=3211|TX_CHANGE=G>A|G_CHANGE_CLASS=from_G	NF2	459	ENST00000338641.10	+	COSG66613	3UTR(+)	3799	20	57	3	y	ok
333	GENE=NF2|GENE_NO=459|TRANSCRIPT=ENST00000338641.10|STRAND=+|COSMIC=COSG66613|REGION=3UTR(+)|VARIANT=22:29698245_G>T|ALT_INDEX=1|TX_POS=3446|TX_CHANGE=G>T|G_CHANGE_CLASS=from_G	NF2	459	ENST00000338641.10	+	COSG66613	3UTR(+)	3799	20	57	3	y	ok
334	GENE=NF2|GENE_NO=459|TRANSCRIPT=ENST00000338641.10|STRAND=+|COSMIC=COSG66613|REGION=3UTR(+)|VARIANT=22:29698377_G>A|ALT_INDEX=1|TX_POS=3578|TX_CHANGE=G>A|G_CHANGE_CLASS=from_G	NF2	459	ENST00000338641.10	+	COSG66613	3UTR(+)	3799	20	57	3	y	ok
335	GENE=NFATC2|GENE_NO=460|TRANSCRIPT=ENST00000371564.8|STRAND=-|COSMIC=COSG102348|REGION=3UTR(-)|VARIANT=20:51389785_C>A|ALT_INDEX=1|TX_POS=1714|TX_CHANGE=G>T|G_CHANGE_CLASS=from_G	NFATC2	460	ENST00000371564.8	-	COSG102348	3UTR(-)	4536	15	56	3	y	ok
336	GENE=NFATC2|GENE_NO=460|TRANSCRIPT=ENST00000371564.8|STRAND=-|COSMIC=COSG102348|REGION=3UTR(-)|VARIANT=20:51389785_C>G|ALT_INDEX=1|TX_POS=1714|TX_CHANGE=G>C|G_CHANGE_CLASS=from_G	NFATC2	460	ENST00000371564.8	-	COSG102348	3UTR(-)	4536	15	56	3	y	ok
337	GENE=NFATC2|GENE_NO=460|TRANSCRIPT=ENST00000371564.8|STRAND=-|COSMIC=COSG102348|REGION=3UTR(-)|VARIANT=20:51391298_C>T|ALT_INDEX=1|TX_POS=201|TX_CHANGE=G>A|G_CHANGE_CLASS=from_G	NFATC2	460	ENST00000371564.8	-	COSG102348	3UTR(-)	4536	15	56	3	y	ok
338	GENE=NKX2-1|GENE_NO=466|TRANSCRIPT=ENST00000354822.7|STRAND=-|COSMIC=COSG92746|REGION=3UTR(-)|VARIANT=14:36516734_C>T|ALT_INDEX=1|TX_POS=547|TX_CHANGE=G>A|G_CHANGE_CLASS=from_G	NKX2-1	466	ENST00000354822.7	-	COSG92746	3UTR(-)	884	2	56	3	y	ok
339	GENE=NKX2-1|GENE_NO=466|TRANSCRIPT=ENST00000354822.7|STRAND=-|COSMIC=COSG92746|REGION=3UTR(-)|VARIANT=14:36516808_T>C|ALT_INDEX=1|TX_POS=473|TX_CHANGE=A>G|G_CHANGE_CLASS=to_G	NKX2-1	466	ENST00000354822.7	-	COSG92746	3UTR(-)	884	3	62	3	y	ok
340	GENE=NOTCH1|GENE_NO=468|TRANSCRIPT=ENST00000651671.1|STRAND=-|COSMIC=COSG79338|REGION=3UTR(-)|VARIANT=9:136496027_C>T|ALT_INDEX=1|TX_POS=47|TX_CHANGE=G>A|G_CHANGE_CLASS=from_G	NOTCH1	468	ENST00000651671.1	-	COSG79338	3UTR(-)	1641	6	62	3	y	ok
341	GENE=NRAS|GENE_NO=473|TRANSCRIPT=ENST00000369535.5|STRAND=-|COSMIC=COSG95814|REGION=3UTR(-)|VARIANT=1:114704728_C>A|ALT_INDEX=1|TX_POS=3369|TX_CHANGE=G>T|G_CHANGE_CLASS=from_G	NRAS	473	ENST00000369535.5	-	COSG95814	3UTR(-)	3628	7	36	2	y	ok
342	GENE=NRAS|GENE_NO=473|TRANSCRIPT=ENST00000369535.5|STRAND=-|COSMIC=COSG95814|REGION=3UTR(-)|VARIANT=1:114706861_C>A|ALT_INDEX=1|TX_POS=1236|TX_CHANGE=G>T|G_CHANGE_CLASS=from_G	NRAS	473	ENST00000369535.5	-	COSG95814	3UTR(-)	3628	7	36	2	y	ok
343	GENE=NSD2|GENE_NO=476|TRANSCRIPT=ENST00000508803.6|STRAND=+|COSMIC=COSG91695|REGION=3UTR(+)|VARIANT=4:1979502_G>T|ALT_INDEX=1|TX_POS=596|TX_CHANGE=G>T|G_CHANGE_CLASS=from_G	NSD2	476	ENST00000508803.6	+	COSG91695	3UTR(+)	3286	18	58	3	y	ok
344	GENE=NTHL1|GENE_NO=479|TRANSCRIPT=ENST00000651570.2|STRAND=-|COSMIC=COSG76849|REGION=3UTR(-)|VARIANT=16:2039918_C>A|ALT_INDEX=1|TX_POS=9|TX_CHANGE=G>T|G_CHANGE_CLASS=from_G	NTHL1	479	ENST00000651570.2	-	COSG76849	3UTR(-)	107	1	34	2	y	ok
345	GENE=NTHL1|GENE_NO=479|TRANSCRIPT=ENST00000651570.2|STRAND=-|COSMIC=COSG76849|REGION=3UTR(-)|VARIANT=16:2039919_G>C|ALT_INDEX=1|TX_POS=8|TX_CHANGE=C>G|G_CHANGE_CLASS=to_G	NTHL1	479	ENST00000651570.2	-	COSG76849	3UTR(-)	107	1	35	2	y	ok
346	GENE=NTRK1|GENE_NO=480|TRANSCRIPT=ENST00000524377.7|STRAND=+|COSMIC=COSG99947|REGION=3UTR(+)|VARIANT=1:156881649_G>T|ALT_INDEX=1|TX_POS=10|TX_CHANGE=G>T|G_CHANGE_CLASS=from_G	NTRK1	480	ENST00000524377.7	+	COSG99947	3UTR(+)	211	2	61	3	y	ok
347	GENE=PATZ1|GENE_NO=495|TRANSCRIPT=ENST00000266269.10|STRAND=-|COSMIC=COSG93407|REGION=3UTR(-)|VARIANT=22:31326870_C>T|ALT_INDEX=1|TX_POS=24|TX_CHANGE=G>A|G_CHANGE_CLASS=from_G	PATZ1	495	ENST00000266269.10	-	COSG93407	3UTR(-)	1090	5	60	3	y	ok
348	GENE=PAX5|GENE_NO=497|TRANSCRIPT=ENST00000358127.9|STRAND=-|COSMIC=COSG90817|REGION=3UTR(-)|VARIANT=9:36840544_C>T|ALT_INDEX=1|TX_POS=19|TX_CHANGE=G>A|G_CHANGE_CLASS=from_G	PAX5	497	ENST00000358127.9	-	COSG90817	3UTR(-)	7294	35	63	3	y	ok
349	GENE=PAX8|GENE_NO=499|TRANSCRIPT=ENST00000429538.8|STRAND=-|COSMIC=COSG64987|REGION=3UTR(-)|VARIANT=2:113216006_T>C|ALT_INDEX=1|TX_POS=2530|TX_CHANGE=A>G|G_CHANGE_CLASS=to_G	PAX8	499	ENST00000429538.8	-	COSG64987	3UTR(-)	2539	13	60	3	y	ok
350	GENE=PAX8|GENE_NO=499|TRANSCRIPT=ENST00000429538.8|STRAND=-|COSMIC=COSG64987|REGION=3UTR(-)|VARIANT=2:113216489_C>G|ALT_INDEX=1|TX_POS=2047|TX_CHANGE=G>C|G_CHANGE_CLASS=from_G	PAX8	499	ENST00000429538.8	-	COSG64987	3UTR(-)	2539	13	60	3	y	ok
351	GENE=PAX8|GENE_NO=499|TRANSCRIPT=ENST00000429538.8|STRAND=-|COSMIC=COSG64987|REGION=3UTR(-)|VARIANT=2:113216768_C>T|ALT_INDEX=1|TX_POS=1768|TX_CHANGE=G>A|G_CHANGE_CLASS=from_G	PAX8	499	ENST00000429538.8	-	COSG64987	3UTR(-)	2539	13	60	3	y	ok
352	GENE=PAX8|GENE_NO=499|TRANSCRIPT=ENST00000429538.8|STRAND=-|COSMIC=COSG64987|REGION=3UTR(-)|VARIANT=2:113217043_C>T|ALT_INDEX=1|TX_POS=1493|TX_CHANGE=G>A|G_CHANGE_CLASS=from_G	PAX8	499	ENST00000429538.8	-	COSG64987	3UTR(-)	2539	13	57	3	y	ok
353	GENE=PAX8|GENE_NO=499|TRANSCRIPT=ENST00000429538.8|STRAND=-|COSMIC=COSG64987|REGION=3UTR(-)|VARIANT=2:113217347_C>G|ALT_INDEX=1|TX_POS=1189|TX_CHANGE=G>C|G_CHANGE_CLASS=from_G	PAX8	499	ENST00000429538.8	-	COSG64987	3UTR(-)	2539	13	60	3	y	ok
354	GENE=PAX8|GENE_NO=499|TRANSCRIPT=ENST00000429538.8|STRAND=-|COSMIC=COSG64987|REGION=3UTR(-)|VARIANT=2:113218165_C>G|ALT_INDEX=1|TX_POS=371|TX_CHANGE=G>C|G_CHANGE_CLASS=from_G	PAX8	499	ENST00000429538.8	-	COSG64987	3UTR(-)	2539	13	60	3	y	ok
355	GENE=PAX8|GENE_NO=499|TRANSCRIPT=ENST00000429538.8|STRAND=-|COSMIC=COSG64987|REGION=3UTR(-)|VARIANT=2:113218190_C>T|ALT_INDEX=1|TX_POS=346|TX_CHANGE=G>A|G_CHANGE_CLASS=from_G	PAX8	499	ENST00000429538.8	-	COSG64987	3UTR(-)	2539	13	60	3	y	ok
356	GENE=PDGFB|GENE_NO=506|TRANSCRIPT=ENST00000331163.11|STRAND=-|COSMIC=COSG86049|REGION=3UTR(-)|VARIANT=22:39225723_C>G|ALT_INDEX=1|TX_POS=3|TX_CHANGE=G>C|G_CHANGE_CLASS=from_G	PDGFB	506	ENST00000331163.11	-	COSG86049	3UTR(-)	1986	12	61	3	y	ok
357	GENE=PDGFRA|GENE_NO=507|TRANSCRIPT=ENST00000257290.10|STRAND=+|COSMIC=COSG95745|REGION=3UTR(+)|VARIANT=4:54295278_G>A|ALT_INDEX=1|TX_POS=9|TX_CHANGE=G>A|G_CHANGE_CLASS=from_G	PDGFRA	507	ENST00000257290.10	+	COSG95745	3UTR(+)	2976	6	34	2	y	ok
358	GENE=PDGFRB|GENE_NO=508|TRANSCRIPT=ENST00000261799.9|STRAND=-|COSMIC=COSG64110|REGION=3UTR(-)|VARIANT=5:150115690_T>C|ALT_INDEX=1|TX_POS=76|TX_CHANGE=A>G|G_CHANGE_CLASS=to_G	PDGFRB	508	ENST00000261799.9	-	COSG64110	3UTR(-)	1927	11	64	3	y	ok
359	GENE=PHOX2B|GENE_NO=511|TRANSCRIPT=ENST00000226382.4|STRAND=-|COSMIC=COSG85171|REGION=3UTR(-)|VARIANT=4:41744681_G>C|ALT_INDEX=1|TX_POS=1129|TX_CHANGE=C>G|G_CHANGE_CLASS=to_G	PHOX2B	511	ENST00000226382.4	-	COSG85171	3UTR(-)	1728	9	62	3	y	ok
360	GENE=PHOX2B|GENE_NO=511|TRANSCRIPT=ENST00000226382.4|STRAND=-|COSMIC=COSG85171|REGION=3UTR(-)|VARIANT=4:41745747_C>T|ALT_INDEX=1|TX_POS=63|TX_CHANGE=G>A|G_CHANGE_CLASS=from_G	PHOX2B	511	ENST00000226382.4	-	COSG85171	3UTR(-)	1728	9	60	3	y	ok
361	GENE=PHOX2B|GENE_NO=511|TRANSCRIPT=ENST00000226382.4|STRAND=-|COSMIC=COSG85171|REGION=3UTR(-)|VARIANT=4:41745749_C>G|ALT_INDEX=1|TX_POS=61|TX_CHANGE=G>C|G_CHANGE_CLASS=from_G	PHOX2B	511	ENST00000226382.4	-	COSG85171	3UTR(-)	1728	9	60	3	y	ok
362	GENE=POLD1|GENE_NO=525|TRANSCRIPT=ENST00000440232.7|STRAND=+|COSMIC=COSG73728|REGION=3UTR(+)|VARIANT=19:50417974_G>A|ALT_INDEX=1|TX_POS=30|TX_CHANGE=G>A|G_CHANGE_CLASS=from_G	POLD1	525	ENST00000440232.7	+	COSG73728	3UTR(+)	70	1	62	3	y	ok
363	GENE=POLG|GENE_NO=527|TRANSCRIPT=ENST00000268124.11|STRAND=-|COSMIC=COSG75256|REGION=3UTR(-)|VARIANT=15:89316688_T>C|ALT_INDEX=1|TX_POS=66|TX_CHANGE=A>G|G_CHANGE_CLASS=to_G	POLG	527	ENST00000268124.11	-	COSG75256	3UTR(-)	434	2	34	2	y	ok
364	GENE=POLG|GENE_NO=527|TRANSCRIPT=ENST00000268124.11|STRAND=-|COSMIC=COSG75256|REGION=3UTR(-)|VARIANT=15:89316702_C>T|ALT_INDEX=1|TX_POS=52|TX_CHANGE=G>A|G_CHANGE_CLASS=from_G	POLG	527	ENST00000268124.11	-	COSG75256	3UTR(-)	434	2	34	2	y	ok
365	GENE=POLG|GENE_NO=527|TRANSCRIPT=ENST00000268124.11|STRAND=-|COSMIC=COSG75256|REGION=3UTR(-)|VARIANT=15:89316707_C>G|ALT_INDEX=1|TX_POS=47|TX_CHANGE=G>C|G_CHANGE_CLASS=from_G	POLG	527	ENST00000268124.11	-	COSG75256	3UTR(-)	434	2	34	2	y	ok
366	GENE=POT1|GENE_NO=530|TRANSCRIPT=ENST00000357628.8|STRAND=-|COSMIC=COSG80008|REGION=3UTR(-)|VARIANT=7:124823815_C>A|ALT_INDEX=1|TX_POS=150|TX_CHANGE=G>T|G_CHANGE_CLASS=from_G	POT1	530	ENST00000357628.8	-	COSG80008	3UTR(-)	1579	3	33	2	y	ok
367	GENE=PRDM16|GENE_NO=540|TRANSCRIPT=ENST00000270722.10|STRAND=+|COSMIC=COSG80881|REGION=3UTR(+)|VARIANT=1:3433813_G>A|ALT_INDEX=1|TX_POS=5|TX_CHANGE=G>A|G_CHANGE_CLASS=from_G	PRDM16	540	ENST00000270722.10	+	COSG80881	3UTR(+)	4813	19	80	4	y	ok
368	GENE=PRDM16|GENE_NO=540|TRANSCRIPT=ENST00000270722.10|STRAND=+|COSMIC=COSG80881|REGION=3UTR(+)|VARIANT=1:3433826_G>A|ALT_INDEX=1|TX_POS=18|TX_CHANGE=G>A|G_CHANGE_CLASS=from_G	PRDM16	540	ENST00000270722.10	+	COSG80881	3UTR(+)	4813	19	80	4	y	ok
369	GENE=PRDM16|GENE_NO=540|TRANSCRIPT=ENST00000270722.10|STRAND=+|COSMIC=COSG80881|REGION=3UTR(+)|VARIANT=1:3433845_G>A|ALT_INDEX=1|TX_POS=37|TX_CHANGE=G>A|G_CHANGE_CLASS=from_G	PRDM16	540	ENST00000270722.10	+	COSG80881	3UTR(+)	4813	19	80	4	y	ok
370	GENE=PRF1|GENE_NO=543|TRANSCRIPT=ENST00000441259.2|STRAND=-|COSMIC=COSG63548|REGION=3UTR(-)|VARIANT=10:70597941_C>T|ALT_INDEX=1|TX_POS=115|TX_CHANGE=G>A|G_CHANGE_CLASS=from_G	PRF1	543	ENST00000441259.2	-	COSG63548	3UTR(-)	708	4	35	2	y	ok
371	GENE=PRKAR1A|GENE_NO=545|TRANSCRIPT=ENST00000589228.6|STRAND=+|COSMIC=COSG89125|REGION=3UTR(+)|VARIANT=17:68531463_A>G|ALT_INDEX=1|TX_POS=1017|TX_CHANGE=A>G|G_CHANGE_CLASS=to_G	PRKAR1A	545	ENST00000589228.6	+	COSG89125	3UTR(+)	2985	5	56	3	y	ok
372	GENE=PRKCB|GENE_NO=546|TRANSCRIPT=ENST00000643927.1|STRAND=+|COSMIC=COSG108035|REGION=3UTR(+)|VARIANT=16:24215207_G>A|ALT_INDEX=1|TX_POS=394|TX_CHANGE=G>A|G_CHANGE_CLASS=from_G	PRKCB	546	ENST00000643927.1	+	COSG108035	3UTR(+)	5798	26	60	3	y	ok
373	GENE=PSIP1|GENE_NO=550|TRANSCRIPT=ENST00000380733.9|STRAND=-|COSMIC=COSG99785|REGION=3UTR(-)|VARIANT=9:15464836_C>A|ALT_INDEX=1|TX_POS=687|TX_CHANGE=G>T|G_CHANGE_CLASS=from_G	PSIP1	550	ENST00000380733.9	-	COSG99785	3UTR(-)	1457	2	34	2	y	ok
374	GENE=PTCH1|GENE_NO=551|TRANSCRIPT=ENST00000331920.11|STRAND=-|COSMIC=COSG110583|REGION=3UTR(-)|VARIANT=9:95443236_C>T|ALT_INDEX=1|TX_POS=3160|TX_CHANGE=G>A|G_CHANGE_CLASS=from_G	PTCH1	551	ENST00000331920.11	-	COSG110583	3UTR(-)	3416	13	63	3	y	ok
375	GENE=PTCH1|GENE_NO=551|TRANSCRIPT=ENST00000331920.11|STRAND=-|COSMIC=COSG110583|REGION=3UTR(-)|VARIANT=9:95444218_C>T|ALT_INDEX=1|TX_POS=2178|TX_CHANGE=G>A|G_CHANGE_CLASS=from_G	PTCH1	551	ENST00000331920.11	-	COSG110583	3UTR(-)	3416	13	63	3	y	ok
376	GENE=PTCH1|GENE_NO=551|TRANSCRIPT=ENST00000331920.11|STRAND=-|COSMIC=COSG110583|REGION=3UTR(-)|VARIANT=9:95445631_C>G|ALT_INDEX=1|TX_POS=765|TX_CHANGE=G>C|G_CHANGE_CLASS=from_G	PTCH1	551	ENST00000331920.11	-	COSG110583	3UTR(-)	3416	13	63	3	y	ok
377	GENE=PTCH1|GENE_NO=551|TRANSCRIPT=ENST00000331920.11|STRAND=-|COSMIC=COSG110583|REGION=3UTR(-)|VARIANT=9:95445643_C>T|ALT_INDEX=1|TX_POS=753|TX_CHANGE=G>A|G_CHANGE_CLASS=from_G	PTCH1	551	ENST00000331920.11	-	COSG110583	3UTR(-)	3416	13	63	3	y	ok
378	GENE=PTCH1|GENE_NO=551|TRANSCRIPT=ENST00000331920.11|STRAND=-|COSMIC=COSG110583|REGION=3UTR(-)|VARIANT=9:95446288_C>T|ALT_INDEX=1|TX_POS=108|TX_CHANGE=G>A|G_CHANGE_CLASS=from_G	PTCH1	551	ENST00000331920.11	-	COSG110583	3UTR(-)	3416	13	63	3	y	ok
379	GENE=PTCH1|GENE_NO=551|TRANSCRIPT=ENST00000331920.11|STRAND=-|COSMIC=COSG110583|REGION=3UTR(-)|VARIANT=9:95446308_C>T|ALT_INDEX=1|TX_POS=88|TX_CHANGE=G>A|G_CHANGE_CLASS=from_G	PTCH1	551	ENST00000331920.11	-	COSG110583	3UTR(-)	3416	12	63	3	y	ok
380	GENE=PTPN11|GENE_NO=554|TRANSCRIPT=ENST00000351677.7|STRAND=+|COSMIC=COSG69144|REGION=3UTR(+)|VARIANT=12:112506827_A>G|ALT_INDEX=1|TX_POS=1038|TX_CHANGE=A>G|G_CHANGE_CLASS=to_G	PTPN11	554	ENST00000351677.7	+	COSG69144	3UTR(+)	4129	15	36	2	y	ok
381	GENE=PTPN11|GENE_NO=554|TRANSCRIPT=ENST00000351677.7|STRAND=+|COSMIC=COSG69144|REGION=3UTR(+)|VARIANT=12:112507870_G>A|ALT_INDEX=1|TX_POS=2081|TX_CHANGE=G>A|G_CHANGE_CLASS=from_G	PTPN11	554	ENST00000351677.7	+	COSG69144	3UTR(+)	4129	14	36	2	y	ok
382	GENE=PTPN11|GENE_NO=554|TRANSCRIPT=ENST00000351677.7|STRAND=+|COSMIC=COSG69144|REGION=3UTR(+)|VARIANT=12:112507888_T>G|ALT_INDEX=1|TX_POS=2099|TX_CHANGE=T>G|G_CHANGE_CLASS=to_G	PTPN11	554	ENST00000351677.7	+	COSG69144	3UTR(+)	4129	15	36	2	y	ok
383	GENE=PTPN11|GENE_NO=554|TRANSCRIPT=ENST00000351677.7|STRAND=+|COSMIC=COSG69144|REGION=3UTR(+)|VARIANT=12:112508523_G>A|ALT_INDEX=1|TX_POS=2734|TX_CHANGE=G>A|G_CHANGE_CLASS=from_G	PTPN11	554	ENST00000351677.7	+	COSG69144	3UTR(+)	4129	15	36	2	y	ok
384	GENE=PTPRT|GENE_NO=561|TRANSCRIPT=ENST00000373187.6|STRAND=-|COSMIC=COSG59352|REGION=3UTR(-)|VARIANT=20:42080734_C>T|ALT_INDEX=1|TX_POS=148|TX_CHANGE=G>A|G_CHANGE_CLASS=from_G	PTPRT	561	ENST00000373187.6	-	COSG59352	3UTR(-)	8126	36	62	3	y	ok
385	GENE=RAD51B|GENE_NO=570|TRANSCRIPT=ENST00000471583.6|STRAND=+|COSMIC=COSG94271|REGION=3UTR(+)|VARIANT=14:68477747_G>A|ALT_INDEX=1|TX_POS=86|TX_CHANGE=G>A|G_CHANGE_CLASS=from_G	RAD51B	570	ENST00000471583.6	+	COSG94271	3UTR(+)	432	3	34	2	y	ok
386	GENE=RAD51B|GENE_NO=570|TRANSCRIPT=ENST00000471583.6|STRAND=+|COSMIC=COSG94271|REGION=3UTR(+)|VARIANT=14:68477906_G>A|ALT_INDEX=1|TX_POS=245|TX_CHANGE=G>A|G_CHANGE_CLASS=from_G	RAD51B	570	ENST00000471583.6	+	COSG94271	3UTR(+)	432	3	34	2	y	ok
387	GENE=RAD51D|GENE_NO=572|TRANSCRIPT=ENST00000345365.11|STRAND=-|COSMIC=COSG100674|REGION=3UTR(-)|VARIANT=17:35100937_C>A|ALT_INDEX=1|TX_POS=19|TX_CHANGE=G>T|G_CHANGE_CLASS=from_G	RAD51D	572	ENST00000345365.11	-	COSG100674	3UTR(-)	8735	43	53	3	y	ok
388	GENE=RAF1|GENE_NO=573|TRANSCRIPT=ENST00000251849.9|STRAND=-|COSMIC=COSG112523|REGION=3UTR(-)|VARIANT=3:12583908_T>C|ALT_INDEX=1|TX_POS=609|TX_CHANGE=A>G|G_CHANGE_CLASS=to_G	RAF1	573	ENST00000251849.9	-	COSG112523	3UTR(-)	916	6	35	2	y	ok
389	GENE=RAF1|GENE_NO=573|TRANSCRIPT=ENST00000251849.9|STRAND=-|COSMIC=COSG112523|REGION=3UTR(-)|VARIANT=3:12584110_C>T|ALT_INDEX=1|TX_POS=407|TX_CHANGE=G>A|G_CHANGE_CLASS=from_G	RAF1	573	ENST00000251849.9	-	COSG112523	3UTR(-)	916	6	35	2	y	ok
390	GENE=RAF1|GENE_NO=573|TRANSCRIPT=ENST00000251849.9|STRAND=-|COSMIC=COSG112523|REGION=3UTR(-)|VARIANT=3:12584324_C>T|ALT_INDEX=1|TX_POS=193|TX_CHANGE=G>A|G_CHANGE_CLASS=from_G	RAF1	573	ENST00000251849.9	-	COSG112523	3UTR(-)	916	5	35	2	y	ok
391	GENE=RET|GENE_NO=586|TRANSCRIPT=ENST00000355710.8|STRAND=+|COSMIC=COSG68325|REGION=3UTR(+)|VARIANT=10:43128807_G>T|ALT_INDEX=1|TX_POS=541|TX_CHANGE=G>T|G_CHANGE_CLASS=from_G	RET	586	ENST00000355710.8	+	COSG68325	3UTR(+)	2085	10	60	3	y	ok
392	GENE=RET|GENE_NO=586|TRANSCRIPT=ENST00000355710.8|STRAND=+|COSMIC=COSG68325|REGION=3UTR(+)|VARIANT=10:43128822_G>T|ALT_INDEX=1|TX_POS=556|TX_CHANGE=G>T|G_CHANGE_CLASS=from_G	RET	586	ENST00000355710.8	+	COSG68325	3UTR(+)	2085	10	60	3	y	ok
393	GENE=RET|GENE_NO=586|TRANSCRIPT=ENST00000355710.8|STRAND=+|COSMIC=COSG68325|REGION=3UTR(+)|VARIANT=10:43129093_G>T|ALT_INDEX=1|TX_POS=827|TX_CHANGE=G>T|G_CHANGE_CLASS=from_G	RET	586	ENST00000355710.8	+	COSG68325	3UTR(+)	2085	10	60	3	y	ok
394	GENE=RET|GENE_NO=586|TRANSCRIPT=ENST00000355710.8|STRAND=+|COSMIC=COSG68325|REGION=3UTR(+)|VARIANT=10:43129381_A>G|ALT_INDEX=1|TX_POS=1115|TX_CHANGE=A>G|G_CHANGE_CLASS=to_G	RET	586	ENST00000355710.8	+	COSG68325	3UTR(+)	2085	10	60	3	y	ok
395	GENE=RET|GENE_NO=586|TRANSCRIPT=ENST00000355710.8|STRAND=+|COSMIC=COSG68325|REGION=3UTR(+)|VARIANT=10:43129399_A>G|ALT_INDEX=1|TX_POS=1133|TX_CHANGE=A>G|G_CHANGE_CLASS=to_G	RET	586	ENST00000355710.8	+	COSG68325	3UTR(+)	2085	10	60	3	y	ok
396	GENE=RNF213|GENE_NO=594|TRANSCRIPT=ENST00000582970.6|STRAND=+|COSMIC=COSG79337|REGION=3UTR(+)|VARIANT=17:80393560_G>A|ALT_INDEX=1|TX_POS=65|TX_CHANGE=G>A|G_CHANGE_CLASS=from_G	RNF213	594	ENST00000582970.6	+	COSG79337	3UTR(+)	5299	19	56	3	y	ok
397	GENE=ROBO2|GENE_NO=596|TRANSCRIPT=ENST00000696593.1|STRAND=+|COSMIC=COSG87597|REGION=3UTR(+)|VARIANT=3:77646103_G>A|ALT_INDEX=1|TX_POS=51|TX_CHANGE=G>A|G_CHANGE_CLASS=from_G	ROBO2	596	ENST00000696593.1	+	COSG87597	3UTR(+)	3912	6	35	2	y	ok
398	GENE=ROBO2|GENE_NO=596|TRANSCRIPT=ENST00000696593.1|STRAND=+|COSMIC=COSG87597|REGION=3UTR(+)|VARIANT=3:77646754_G>T|ALT_INDEX=1|TX_POS=702|TX_CHANGE=G>T|G_CHANGE_CLASS=from_G	ROBO2	596	ENST00000696593.1	+	COSG87597	3UTR(+)	3912	6	35	2	y	ok
399	GENE=ROBO2|GENE_NO=596|TRANSCRIPT=ENST00000696593.1|STRAND=+|COSMIC=COSG87597|REGION=3UTR(+)|VARIANT=3:77648874_T>G|ALT_INDEX=1|TX_POS=2822|TX_CHANGE=T>G|G_CHANGE_CLASS=to_G	ROBO2	596	ENST00000696593.1	+	COSG87597	3UTR(+)	3912	7	35	2	y	ok
400	GENE=RPL10|GENE_NO=599|TRANSCRIPT=ENST00000369817.7|STRAND=+|COSMIC=COSG112537|REGION=3UTR(+)|VARIANT=X:154400965_C>G|ALT_INDEX=1|TX_POS=114|TX_CHANGE=C>G|G_CHANGE_CLASS=to_G	RPL10	599	ENST00000369817.7	+	COSG112537	3UTR(+)	1481	11	36	2	y	ok
401	GENE=RPL10|GENE_NO=599|TRANSCRIPT=ENST00000369817.7|STRAND=+|COSMIC=COSG112537|REGION=3UTR(+)|VARIANT=X:154402058_C>G|ALT_INDEX=1|TX_POS=1207|TX_CHANGE=C>G|G_CHANGE_CLASS=to_G	RPL10	599	ENST00000369817.7	+	COSG112537	3UTR(+)	1481	11	36	2	y	ok
402	GENE=RPL10|GENE_NO=599|TRANSCRIPT=ENST00000369817.7|STRAND=+|COSMIC=COSG112537|REGION=3UTR(+)|VARIANT=X:154402217_G>T|ALT_INDEX=1|TX_POS=1366|TX_CHANGE=G>T|G_CHANGE_CLASS=from_G	RPL10	599	ENST00000369817.7	+	COSG112537	3UTR(+)	1481	11	36	2	y	ok
403	GENE=RUNX1|GENE_NO=606|TRANSCRIPT=ENST00000675419.1|STRAND=-|COSMIC=COSG64498|REGION=3UTR(-)|VARIANT=21:34787988_G>C|ALT_INDEX=1|TX_POS=4150|TX_CHANGE=C>G|G_CHANGE_CLASS=to_G	RUNX1	606	ENST00000675419.1	-	COSG64498	3UTR(-)	4337	14	60	3	y	ok
404	GENE=RUNX1|GENE_NO=606|TRANSCRIPT=ENST00000675419.1|STRAND=-|COSMIC=COSG64498|REGION=3UTR(-)|VARIANT=21:34788191_C>T|ALT_INDEX=1|TX_POS=3947|TX_CHANGE=G>A|G_CHANGE_CLASS=from_G	RUNX1	606	ENST00000675419.1	-	COSG64498	3UTR(-)	4337	13	60	3	y	ok
405	GENE=RUNX1|GENE_NO=606|TRANSCRIPT=ENST00000675419.1|STRAND=-|COSMIC=COSG64498|REGION=3UTR(-)|VARIANT=21:34788854_C>A|ALT_INDEX=1|TX_POS=3284|TX_CHANGE=G>T|G_CHANGE_CLASS=from_G	RUNX1	606	ENST00000675419.1	-	COSG64498	3UTR(-)	4337	14	60	3	y	ok
406	GENE=RUNX1|GENE_NO=606|TRANSCRIPT=ENST00000675419.1|STRAND=-|COSMIC=COSG64498|REGION=3UTR(-)|VARIANT=21:34788858_C>A|ALT_INDEX=1|TX_POS=3280|TX_CHANGE=G>T|G_CHANGE_CLASS=from_G	RUNX1	606	ENST00000675419.1	-	COSG64498	3UTR(-)	4337	14	60	3	y	ok
407	GENE=RUNX1|GENE_NO=606|TRANSCRIPT=ENST00000675419.1|STRAND=-|COSMIC=COSG64498|REGION=3UTR(-)|VARIANT=21:34789759_C>T|ALT_INDEX=1|TX_POS=2379|TX_CHANGE=G>A|G_CHANGE_CLASS=from_G	RUNX1	606	ENST00000675419.1	-	COSG64498	3UTR(-)	4337	14	60	3	y	ok
408	GENE=RUNX1|GENE_NO=606|TRANSCRIPT=ENST00000675419.1|STRAND=-|COSMIC=COSG64498|REGION=3UTR(-)|VARIANT=21:34790840_C>T|ALT_INDEX=1|TX_POS=1298|TX_CHANGE=G>A|G_CHANGE_CLASS=from_G	RUNX1	606	ENST00000675419.1	-	COSG64498	3UTR(-)	4337	14	60	3	y	ok
409	GENE=RUNX1|GENE_NO=606|TRANSCRIPT=ENST00000675419.1|STRAND=-|COSMIC=COSG64498|REGION=3UTR(-)|VARIANT=21:34790842_T>C|ALT_INDEX=1|TX_POS=1296|TX_CHANGE=A>G|G_CHANGE_CLASS=to_G	RUNX1	606	ENST00000675419.1	-	COSG64498	3UTR(-)	4337	14	60	3	y	ok
410	GENE=RUNX1|GENE_NO=606|TRANSCRIPT=ENST00000675419.1|STRAND=-|COSMIC=COSG64498|REGION=3UTR(-)|VARIANT=21:34790922_G>C|ALT_INDEX=1|TX_POS=1216|TX_CHANGE=C>G|G_CHANGE_CLASS=to_G	RUNX1	606	ENST00000675419.1	-	COSG64498	3UTR(-)	4337	14	60	3	y	ok
411	GENE=RUNX1|GENE_NO=606|TRANSCRIPT=ENST00000675419.1|STRAND=-|COSMIC=COSG64498|REGION=3UTR(-)|VARIANT=21:34791057_T>C|ALT_INDEX=1|TX_POS=1081|TX_CHANGE=A>G|G_CHANGE_CLASS=to_G	RUNX1	606	ENST00000675419.1	-	COSG64498	3UTR(-)	4337	14	60	3	y	ok
412	GENE=RUNX1|GENE_NO=606|TRANSCRIPT=ENST00000675419.1|STRAND=-|COSMIC=COSG64498|REGION=3UTR(-)|VARIANT=21:34791699_C>G|ALT_INDEX=1|TX_POS=439|TX_CHANGE=G>C|G_CHANGE_CLASS=from_G	RUNX1	606	ENST00000675419.1	-	COSG64498	3UTR(-)	4337	14	57	3	y	ok
413	GENE=RUNX1|GENE_NO=606|TRANSCRIPT=ENST00000675419.1|STRAND=-|COSMIC=COSG64498|REGION=3UTR(-)|VARIANT=21:34792014_C>G|ALT_INDEX=1|TX_POS=124|TX_CHANGE=G>C|G_CHANGE_CLASS=from_G	RUNX1	606	ENST00000675419.1	-	COSG64498	3UTR(-)	4337	14	60	3	y	ok
414	GENE=RUNX1|GENE_NO=606|TRANSCRIPT=ENST00000675419.1|STRAND=-|COSMIC=COSG64498|REGION=3UTR(-)|VARIANT=21:34792028_C>T|ALT_INDEX=1|TX_POS=110|TX_CHANGE=G>A|G_CHANGE_CLASS=from_G	RUNX1	606	ENST00000675419.1	-	COSG64498	3UTR(-)	4337	14	60	3	y	ok
415	GENE=RUNX1|GENE_NO=606|TRANSCRIPT=ENST00000675419.1|STRAND=-|COSMIC=COSG64498|REGION=3UTR(-)|VARIANT=21:34792047_C>A|ALT_INDEX=1|TX_POS=91|TX_CHANGE=G>T|G_CHANGE_CLASS=from_G	RUNX1	606	ENST00000675419.1	-	COSG64498	3UTR(-)	4337	14	60	3	y	ok
416	GENE=SDHA|GENE_NO=613|TRANSCRIPT=ENST00000264932.11|STRAND=+|COSMIC=COSG76340|REGION=3UTR(+)|VARIANT=5:256553_G>C|ALT_INDEX=1|TX_POS=136|TX_CHANGE=G>C|G_CHANGE_CLASS=from_G	SDHA	613	ENST00000264932.11	+	COSG76340	3UTR(+)	665	2	34	2	y	ok
417	GENE=SDHAF2|GENE_NO=614|TRANSCRIPT=ENST00000301761.7|STRAND=+|COSMIC=COSG70475|REGION=3UTR(+)|VARIANT=11:61446517_C>G|ALT_INDEX=1|TX_POS=449|TX_CHANGE=C>G|G_CHANGE_CLASS=to_G	SDHAF2	614	ENST00000301761.7	+	COSG70475	3UTR(+)	665	4	36	2	y	ok
418	GENE=SDHAF2|GENE_NO=614|TRANSCRIPT=ENST00000301761.7|STRAND=+|COSMIC=COSG70475|REGION=3UTR(+)|VARIANT=11:61446527_A>G|ALT_INDEX=1|TX_POS=459|TX_CHANGE=A>G|G_CHANGE_CLASS=to_G	SDHAF2	614	ENST00000301761.7	+	COSG70475	3UTR(+)	665	4	36	2	y	ok
419	GENE=SDHC|GENE_NO=616|TRANSCRIPT=ENST00000367975.7|STRAND=+|COSMIC=COSG99638|REGION=3UTR(+)|VARIANT=1:161362607_G>A|ALT_INDEX=1|TX_POS=177|TX_CHANGE=G>A|G_CHANGE_CLASS=from_G	SDHC	616	ENST00000367975.7	+	COSG99638	3UTR(+)	776	2	64	3	y	ok
420	GENE=SDHC|GENE_NO=616|TRANSCRIPT=ENST00000367975.7|STRAND=+|COSMIC=COSG99638|REGION=3UTR(+)|VARIANT=1:161362818_G>A|ALT_INDEX=1|TX_POS=388|TX_CHANGE=G>A|G_CHANGE_CLASS=from_G	SDHC	616	ENST00000367975.7	+	COSG99638	3UTR(+)	776	3	62	3	y	ok
421	GENE=SEPT6|GENE_NO=619|TRANSCRIPT=ENST00000394610.7|STRAND=-|COSMIC=COSG70569|REGION=3UTR(-)|VARIANT=X:119618680_C>A|ALT_INDEX=1|TX_POS=1416|TX_CHANGE=G>T|G_CHANGE_CLASS=from_G	SEPT6	619	ENST00000394610.7	-	COSG70569	3UTR(-)	3151	13	35	2	y	ok
422	GENE=SEPT9|GENE_NO=620|TRANSCRIPT=ENST00000427177.6|STRAND=+|COSMIC=COSG86979|REGION=3UTR(+)|VARIANT=17:77498865_G>A|ALT_INDEX=1|TX_POS=210|TX_CHANGE=G>A|G_CHANGE_CLASS=from_G	SEPT9	620	ENST00000427177.6	+	COSG86979	3UTR(+)	1938	10	64	3	y	ok
423	GENE=SEPT9|GENE_NO=620|TRANSCRIPT=ENST00000427177.6|STRAND=+|COSMIC=COSG86979|REGION=3UTR(+)|VARIANT=17:77499417_A>G|ALT_INDEX=1|TX_POS=762|TX_CHANGE=A>G|G_CHANGE_CLASS=to_G	SEPT9	620	ENST00000427177.6	+	COSG86979	3UTR(+)	1938	10	64	3	y	ok
424	GENE=SEPT9|GENE_NO=620|TRANSCRIPT=ENST00000427177.6|STRAND=+|COSMIC=COSG86979|REGION=3UTR(+)|VARIANT=17:77499422_C>G|ALT_INDEX=1|TX_POS=767|TX_CHANGE=C>G|G_CHANGE_CLASS=to_G	SEPT9	620	ENST00000427177.6	+	COSG86979	3UTR(+)	1938	10	64	3	y	ok
425	GENE=SEPT9|GENE_NO=620|TRANSCRIPT=ENST00000427177.6|STRAND=+|COSMIC=COSG86979|REGION=3UTR(+)|VARIANT=17:77499441_A>G|ALT_INDEX=1|TX_POS=786|TX_CHANGE=A>G|G_CHANGE_CLASS=to_G	SEPT9	620	ENST00000427177.6	+	COSG86979	3UTR(+)	1938	10	64	3	y	ok
426	GENE=SEPT9|GENE_NO=620|TRANSCRIPT=ENST00000427177.6|STRAND=+|COSMIC=COSG86979|REGION=3UTR(+)|VARIANT=17:77499447_G>A|ALT_INDEX=1|TX_POS=792|TX_CHANGE=G>A|G_CHANGE_CLASS=from_G	SEPT9	620	ENST00000427177.6	+	COSG86979	3UTR(+)	1938	10	64	3	y	ok
427	GENE=SEPT9|GENE_NO=620|TRANSCRIPT=ENST00000427177.6|STRAND=+|COSMIC=COSG86979|REGION=3UTR(+)|VARIANT=17:77499562_G>A|ALT_INDEX=1|TX_POS=907|TX_CHANGE=G>A|G_CHANGE_CLASS=from_G	SEPT9	620	ENST00000427177.6	+	COSG86979	3UTR(+)	1938	10	64	3	y	ok
428	GENE=SEPT9|GENE_NO=620|TRANSCRIPT=ENST00000427177.6|STRAND=+|COSMIC=COSG86979|REGION=3UTR(+)|VARIANT=17:77499950_G>A|ALT_INDEX=1|TX_POS=1295|TX_CHANGE=G>A|G_CHANGE_CLASS=from_G	SEPT9	620	ENST00000427177.6	+	COSG86979	3UTR(+)	1938	10	64	3	y	ok
429	GENE=SEPT9|GENE_NO=620|TRANSCRIPT=ENST00000427177.6|STRAND=+|COSMIC=COSG86979|REGION=3UTR(+)|VARIANT=17:77500121_G>T|ALT_INDEX=1|TX_POS=1466|TX_CHANGE=G>T|G_CHANGE_CLASS=from_G	SEPT9	620	ENST00000427177.6	+	COSG86979	3UTR(+)	1938	10	64	3	y	ok
430	GENE=SETBP1|GENE_NO=622|TRANSCRIPT=ENST00000649279.2|STRAND=+|COSMIC=COSG82137|REGION=3UTR(+)|VARIANT=18:45063700_G>A|ALT_INDEX=1|TX_POS=5|TX_CHANGE=G>A|G_CHANGE_CLASS=from_G	SETBP1	622	ENST00000649279.2	+	COSG82137	3UTR(+)	4815	12	60	3	y	ok
431	GENE=SETBP1|GENE_NO=622|TRANSCRIPT=ENST00000649279.2|STRAND=+|COSMIC=COSG82137|REGION=3UTR(+)|VARIANT=18:45063702_G>A|ALT_INDEX=1|TX_POS=7|TX_CHANGE=G>A|G_CHANGE_CLASS=from_G	SETBP1	622	ENST00000649279.2	+	COSG82137	3UTR(+)	4815	12	60	3	y	ok
432	GENE=SH2B3|GENE_NO=630|TRANSCRIPT=ENST00000341259.7|STRAND=+|COSMIC=COSG79851|REGION=3UTR(+)|VARIANT=12:111448310_G>C|ALT_INDEX=1|TX_POS=11|TX_CHANGE=G>C|G_CHANGE_CLASS=from_G	SH2B3	630	ENST00000341259.7	+	COSG79851	3UTR(+)	3324	18	52	3	y	ok
433	GENE=SH2B3|GENE_NO=630|TRANSCRIPT=ENST00000341259.7|STRAND=+|COSMIC=COSG79851|REGION=3UTR(+)|VARIANT=12:111448480_G>A|ALT_INDEX=1|TX_POS=181|TX_CHANGE=G>A|G_CHANGE_CLASS=from_G	SH2B3	630	ENST00000341259.7	+	COSG79851	3UTR(+)	3324	18	52	3	y	ok
434	GENE=SKI|GENE_NO=636|TRANSCRIPT=ENST00000378536.5|STRAND=+|COSMIC=COSG101216|REGION=3UTR(+)|VARIANT=1:2306804_G>A|ALT_INDEX=1|TX_POS=42|TX_CHANGE=G>A|G_CHANGE_CLASS=from_G	SKI	636	ENST00000378536.5	+	COSG101216	3UTR(+)	3451	12	36	2	y	ok
435	GENE=SMAD3|GENE_NO=640|TRANSCRIPT=ENST00000327367.9|STRAND=+|COSMIC=COSG112721|REGION=3UTR(+)|VARIANT=15:67191109_G>T|ALT_INDEX=1|TX_POS=576|TX_CHANGE=G>T|G_CHANGE_CLASS=from_G	SMAD3	640	ENST00000327367.9	+	COSG112721	3UTR(+)	4636	21	36	2	y	ok
436	GENE=SMAD3|GENE_NO=640|TRANSCRIPT=ENST00000327367.9|STRAND=+|COSMIC=COSG112721|REGION=3UTR(+)|VARIANT=15:67191190_A>G|ALT_INDEX=1|TX_POS=657|TX_CHANGE=A>G|G_CHANGE_CLASS=to_G	SMAD3	640	ENST00000327367.9	+	COSG112721	3UTR(+)	4636	21	63	3	y	ok
437	GENE=SMAD3|GENE_NO=640|TRANSCRIPT=ENST00000327367.9|STRAND=+|COSMIC=COSG112721|REGION=3UTR(+)|VARIANT=15:67191379_G>A|ALT_INDEX=1|TX_POS=846|TX_CHANGE=G>A|G_CHANGE_CLASS=from_G	SMAD3	640	ENST00000327367.9	+	COSG112721	3UTR(+)	4636	21	63	3	y	ok
438	GENE=SMAD3|GENE_NO=640|TRANSCRIPT=ENST00000327367.9|STRAND=+|COSMIC=COSG112721|REGION=3UTR(+)|VARIANT=15:67191781_G>A|ALT_INDEX=1|TX_POS=1248|TX_CHANGE=G>A|G_CHANGE_CLASS=from_G	SMAD3	640	ENST00000327367.9	+	COSG112721	3UTR(+)	4636	21	63	3	y	ok
439	GENE=SMAD3|GENE_NO=640|TRANSCRIPT=ENST00000327367.9|STRAND=+|COSMIC=COSG112721|REGION=3UTR(+)|VARIANT=15:67191791_A>G|ALT_INDEX=1|TX_POS=1258|TX_CHANGE=A>G|G_CHANGE_CLASS=to_G	SMAD3	640	ENST00000327367.9	+	COSG112721	3UTR(+)	4636	21	63	3	y	ok
440	GENE=SMAD3|GENE_NO=640|TRANSCRIPT=ENST00000327367.9|STRAND=+|COSMIC=COSG112721|REGION=3UTR(+)|VARIANT=15:67192084_G>T|ALT_INDEX=1|TX_POS=1551|TX_CHANGE=G>T|G_CHANGE_CLASS=from_G	SMAD3	640	ENST00000327367.9	+	COSG112721	3UTR(+)	4636	21	63	3	y	ok
441	GENE=SMAD3|GENE_NO=640|TRANSCRIPT=ENST00000327367.9|STRAND=+|COSMIC=COSG112721|REGION=3UTR(+)|VARIANT=15:67192119_T>G|ALT_INDEX=1|TX_POS=1586|TX_CHANGE=T>G|G_CHANGE_CLASS=to_G	SMAD3	640	ENST00000327367.9	+	COSG112721	3UTR(+)	4636	21	63	3	y	ok
442	GENE=SMAD3|GENE_NO=640|TRANSCRIPT=ENST00000327367.9|STRAND=+|COSMIC=COSG112721|REGION=3UTR(+)|VARIANT=15:67192303_G>C|ALT_INDEX=1|TX_POS=1770|TX_CHANGE=G>C|G_CHANGE_CLASS=from_G	SMAD3	640	ENST00000327367.9	+	COSG112721	3UTR(+)	4636	21	63	3	y	ok
443	GENE=SMAD3|GENE_NO=640|TRANSCRIPT=ENST00000327367.9|STRAND=+|COSMIC=COSG112721|REGION=3UTR(+)|VARIANT=15:67192320_G>T|ALT_INDEX=1|TX_POS=1787|TX_CHANGE=G>T|G_CHANGE_CLASS=from_G	SMAD3	640	ENST00000327367.9	+	COSG112721	3UTR(+)	4636	21	63	3	y	ok
444	GENE=SMAD3|GENE_NO=640|TRANSCRIPT=ENST00000327367.9|STRAND=+|COSMIC=COSG112721|REGION=3UTR(+)|VARIANT=15:67192763_G>A|ALT_INDEX=1|TX_POS=2230|TX_CHANGE=G>A|G_CHANGE_CLASS=from_G	SMAD3	640	ENST00000327367.9	+	COSG112721	3UTR(+)	4636	21	63	3	y	ok
445	GENE=SMAD3|GENE_NO=640|TRANSCRIPT=ENST00000327367.9|STRAND=+|COSMIC=COSG112721|REGION=3UTR(+)|VARIANT=15:67192980_A>G|ALT_INDEX=1|TX_POS=2447|TX_CHANGE=A>G|G_CHANGE_CLASS=to_G	SMAD3	640	ENST00000327367.9	+	COSG112721	3UTR(+)	4636	21	63	3	y	ok
446	GENE=SMAD3|GENE_NO=640|TRANSCRIPT=ENST00000327367.9|STRAND=+|COSMIC=COSG112721|REGION=3UTR(+)|VARIANT=15:67193531_G>A|ALT_INDEX=1|TX_POS=2998|TX_CHANGE=G>A|G_CHANGE_CLASS=from_G	SMAD3	640	ENST00000327367.9	+	COSG112721	3UTR(+)	4636	21	63	3	y	ok
447	GENE=SMAD4|GENE_NO=641|TRANSCRIPT=ENST00000342988.8|STRAND=+|COSMIC=COSG63839|REGION=3UTR(+)|VARIANT=18:51078468_G>A|ALT_INDEX=1|TX_POS=4|TX_CHANGE=G>A|G_CHANGE_CLASS=from_G	SMAD4	641	ENST00000342988.8	+	COSG63839	3UTR(+)	6578	18	64	3	y	ok
448	GENE=SMAD4|GENE_NO=641|TRANSCRIPT=ENST00000342988.8|STRAND=+|COSMIC=COSG63839|REGION=3UTR(+)|VARIANT=18:51078468_G>C|ALT_INDEX=1|TX_POS=4|TX_CHANGE=G>C|G_CHANGE_CLASS=from_G	SMAD4	641	ENST00000342988.8	+	COSG63839	3UTR(+)	6578	18	64	3	y	ok
449	GENE=SMAD4|GENE_NO=641|TRANSCRIPT=ENST00000342988.8|STRAND=+|COSMIC=COSG63839|REGION=3UTR(+)|VARIANT=18:51078469_G>A|ALT_INDEX=1|TX_POS=5|TX_CHANGE=G>A|G_CHANGE_CLASS=from_G	SMAD4	641	ENST00000342988.8	+	COSG63839	3UTR(+)	6578	18	64	3	y	ok
450	GENE=SMAD4|GENE_NO=641|TRANSCRIPT=ENST00000342988.8|STRAND=+|COSMIC=COSG63839|REGION=3UTR(+)|VARIANT=18:51078469_G>T|ALT_INDEX=1|TX_POS=5|TX_CHANGE=G>T|G_CHANGE_CLASS=from_G	SMAD4	641	ENST00000342988.8	+	COSG63839	3UTR(+)	6578	18	64	3	y	ok
451	GENE=SMAD4|GENE_NO=641|TRANSCRIPT=ENST00000342988.8|STRAND=+|COSMIC=COSG63839|REGION=3UTR(+)|VARIANT=18:51078471_C>G|ALT_INDEX=1|TX_POS=7|TX_CHANGE=C>G|G_CHANGE_CLASS=to_G	SMAD4	641	ENST00000342988.8	+	COSG63839	3UTR(+)	6578	18	64	3	y	ok
452	GENE=SMAD4|GENE_NO=641|TRANSCRIPT=ENST00000342988.8|STRAND=+|COSMIC=COSG63839|REGION=3UTR(+)|VARIANT=18:51078472_T>G|ALT_INDEX=1|TX_POS=8|TX_CHANGE=T>G|G_CHANGE_CLASS=to_G	SMAD4	641	ENST00000342988.8	+	COSG63839	3UTR(+)	6578	18	64	3	y	ok
453	GENE=SMAD4|GENE_NO=641|TRANSCRIPT=ENST00000342988.8|STRAND=+|COSMIC=COSG63839|REGION=3UTR(+)|VARIANT=18:51078476_A>G|ALT_INDEX=1|TX_POS=12|TX_CHANGE=A>G|G_CHANGE_CLASS=to_G	SMAD4	641	ENST00000342988.8	+	COSG63839	3UTR(+)	6578	18	64	3	y	ok
454	GENE=SMAD4|GENE_NO=641|TRANSCRIPT=ENST00000342988.8|STRAND=+|COSMIC=COSG63839|REGION=3UTR(+)|VARIANT=18:51078479_G>A|ALT_INDEX=1|TX_POS=15|TX_CHANGE=G>A|G_CHANGE_CLASS=from_G	SMAD4	641	ENST00000342988.8	+	COSG63839	3UTR(+)	6578	18	64	3	y	ok
455	GENE=SMAD4|GENE_NO=641|TRANSCRIPT=ENST00000342988.8|STRAND=+|COSMIC=COSG63839|REGION=3UTR(+)|VARIANT=18:51078481_T>G|ALT_INDEX=1|TX_POS=17|TX_CHANGE=T>G|G_CHANGE_CLASS=to_G	SMAD4	641	ENST00000342988.8	+	COSG63839	3UTR(+)	6578	18	64	3	y	ok
456	GENE=SMAD4|GENE_NO=641|TRANSCRIPT=ENST00000342988.8|STRAND=+|COSMIC=COSG63839|REGION=3UTR(+)|VARIANT=18:51078484_G>A|ALT_INDEX=1|TX_POS=20|TX_CHANGE=G>A|G_CHANGE_CLASS=from_G	SMAD4	641	ENST00000342988.8	+	COSG63839	3UTR(+)	6578	18	64	3	y	ok
457	GENE=SMAD4|GENE_NO=641|TRANSCRIPT=ENST00000342988.8|STRAND=+|COSMIC=COSG63839|REGION=3UTR(+)|VARIANT=18:51080566_G>A|ALT_INDEX=1|TX_POS=2102|TX_CHANGE=G>A|G_CHANGE_CLASS=from_G	SMAD4	641	ENST00000342988.8	+	COSG63839	3UTR(+)	6578	17	64	3	y	ok
458	GENE=SMAD4|GENE_NO=641|TRANSCRIPT=ENST00000342988.8|STRAND=+|COSMIC=COSG63839|REGION=3UTR(+)|VARIANT=18:51080589_A>G|ALT_INDEX=1|TX_POS=2125|TX_CHANGE=A>G|G_CHANGE_CLASS=to_G	SMAD4	641	ENST00000342988.8	+	COSG63839	3UTR(+)	6578	18	64	3	y	ok
459	GENE=SMAD4|GENE_NO=641|TRANSCRIPT=ENST00000342988.8|STRAND=+|COSMIC=COSG63839|REGION=3UTR(+)|VARIANT=18:51081364_G>A|ALT_INDEX=1|TX_POS=2900|TX_CHANGE=G>A|G_CHANGE_CLASS=from_G	SMAD4	641	ENST00000342988.8	+	COSG63839	3UTR(+)	6578	17	64	3	y	ok
460	GENE=SMAD4|GENE_NO=641|TRANSCRIPT=ENST00000342988.8|STRAND=+|COSMIC=COSG63839|REGION=3UTR(+)|VARIANT=18:51081690_A>G|ALT_INDEX=1|TX_POS=3226|TX_CHANGE=A>G|G_CHANGE_CLASS=to_G	SMAD4	641	ENST00000342988.8	+	COSG63839	3UTR(+)	6578	18	64	3	y	ok
461	GENE=SMAD4|GENE_NO=641|TRANSCRIPT=ENST00000342988.8|STRAND=+|COSMIC=COSG63839|REGION=3UTR(+)|VARIANT=18:51081693_G>C|ALT_INDEX=1|TX_POS=3229|TX_CHANGE=G>C|G_CHANGE_CLASS=from_G	SMAD4	641	ENST00000342988.8	+	COSG63839	3UTR(+)	6578	18	64	3	y	ok
462	GENE=SMAD4|GENE_NO=641|TRANSCRIPT=ENST00000342988.8|STRAND=+|COSMIC=COSG63839|REGION=3UTR(+)|VARIANT=18:51083174_G>A|ALT_INDEX=1|TX_POS=4710|TX_CHANGE=G>A|G_CHANGE_CLASS=from_G	SMAD4	641	ENST00000342988.8	+	COSG63839	3UTR(+)	6578	18	64	3	y	ok
463	GENE=SMAD4|GENE_NO=641|TRANSCRIPT=ENST00000342988.8|STRAND=+|COSMIC=COSG63839|REGION=3UTR(+)|VARIANT=18:51084890_G>C|ALT_INDEX=1|TX_POS=6426|TX_CHANGE=G>C|G_CHANGE_CLASS=from_G	SMAD4	641	ENST00000342988.8	+	COSG63839	3UTR(+)	6578	18	64	3	y	ok
464	GENE=SMARCA4|GENE_NO=642|TRANSCRIPT=ENST00000344626.10|STRAND=+|COSMIC=COSG94137|REGION=3UTR(+)|VARIANT=19:11062217_G>A|ALT_INDEX=1|TX_POS=404|TX_CHANGE=G>A|G_CHANGE_CLASS=from_G	SMARCA4	642	ENST00000344626.10	+	COSG94137	3UTR(+)	460	1	34	2	y	ok
465	GENE=SMARCB1|GENE_NO=643|TRANSCRIPT=ENST00000644036.2|STRAND=+|COSMIC=COSG106041|REGION=3UTR(+)|VARIANT=22:23837727_G>A|ALT_INDEX=1|TX_POS=3550|TX_CHANGE=G>A|G_CHANGE_CLASS=from_G	SMARCB1	643	ENST00000644036.2	+	COSG106041	3UTR(+)	3832	19	63	3	y	ok
466	GENE=SMC1A|GENE_NO=646|TRANSCRIPT=ENST00000322213.9|STRAND=-|COSMIC=COSG73424|REGION=3UTR(-)|VARIANT=X:53374852_C>A|ALT_INDEX=1|TX_POS=5254|TX_CHANGE=G>T|G_CHANGE_CLASS=from_G	SMC1A	646	ENST00000322213.9	-	COSG73424	3UTR(-)	5957	24	36	2	y	ok
467	GENE=SMC1A|GENE_NO=646|TRANSCRIPT=ENST00000322213.9|STRAND=-|COSMIC=COSG73424|REGION=3UTR(-)|VARIANT=X:53376296_C>T|ALT_INDEX=1|TX_POS=3810|TX_CHANGE=G>A|G_CHANGE_CLASS=from_G	SMC1A	646	ENST00000322213.9	-	COSG73424	3UTR(-)	5957	24	36	2	y	ok
468	GENE=SMC1A|GENE_NO=646|TRANSCRIPT=ENST00000322213.9|STRAND=-|COSMIC=COSG73424|REGION=3UTR(-)|VARIANT=X:53376682_C>A|ALT_INDEX=1|TX_POS=3424|TX_CHANGE=G>T|G_CHANGE_CLASS=from_G	SMC1A	646	ENST00000322213.9	-	COSG73424	3UTR(-)	5957	24	36	2	y	ok
469	GENE=SMC1A|GENE_NO=646|TRANSCRIPT=ENST00000322213.9|STRAND=-|COSMIC=COSG73424|REGION=3UTR(-)|VARIANT=X:53377878_C>T|ALT_INDEX=1|TX_POS=2228|TX_CHANGE=G>A|G_CHANGE_CLASS=from_G	SMC1A	646	ENST00000322213.9	-	COSG73424	3UTR(-)	5957	24	36	2	y	ok
470	GENE=SMC1A|GENE_NO=646|TRANSCRIPT=ENST00000322213.9|STRAND=-|COSMIC=COSG73424|REGION=3UTR(-)|VARIANT=X:53379615_T>C|ALT_INDEX=1|TX_POS=491|TX_CHANGE=A>G|G_CHANGE_CLASS=to_G	SMC1A	646	ENST00000322213.9	-	COSG73424	3UTR(-)	5957	24	36	2	y	ok
471	GENE=SMO|GENE_NO=647|TRANSCRIPT=ENST00000249373.8|STRAND=+|COSMIC=COSG112751|REGION=3UTR(+)|VARIANT=7:129212670_G>A|ALT_INDEX=1|TX_POS=222|TX_CHANGE=G>A|G_CHANGE_CLASS=from_G	SMO	647	ENST00000249373.8	+	COSG112751	3UTR(+)	1097	7	57	3	y	ok
472	GENE=SOS1|GENE_NO=651|TRANSCRIPT=ENST00000402219.8|STRAND=-|COSMIC=COSG84335|REGION=3UTR(-)|VARIANT=2:38983327_C>T|ALT_INDEX=1|TX_POS=2500|TX_CHANGE=G>A|G_CHANGE_CLASS=from_G	SOS1	651	ENST00000402219.8	-	COSG84335	3UTR(-)	4278	9	62	3	y	ok
473	GENE=SOS1|GENE_NO=651|TRANSCRIPT=ENST00000402219.8|STRAND=-|COSMIC=COSG84335|REGION=3UTR(-)|VARIANT=2:38984915_C>T|ALT_INDEX=1|TX_POS=912|TX_CHANGE=G>A|G_CHANGE_CLASS=from_G	SOS1	651	ENST00000402219.8	-	COSG84335	3UTR(-)	4278	8	62	3	y	ok
474	GENE=SOS1|GENE_NO=651|TRANSCRIPT=ENST00000402219.8|STRAND=-|COSMIC=COSG84335|REGION=3UTR(-)|VARIANT=2:38985639_T>C|ALT_INDEX=1|TX_POS=188|TX_CHANGE=A>G|G_CHANGE_CLASS=to_G	SOS1	651	ENST00000402219.8	-	COSG84335	3UTR(-)	4278	9	62	3	y	ok
475	GENE=STAT3|GENE_NO=668|TRANSCRIPT=ENST00000264657.10|STRAND=-|COSMIC=COSG84383|REGION=3UTR(-)|VARIANT=17:42313490_C>A|ALT_INDEX=1|TX_POS=2258|TX_CHANGE=G>T|G_CHANGE_CLASS=from_G	STAT3	668	ENST00000264657.10	-	COSG84383	3UTR(-)	2424	12	62	3	y	ok
476	GENE=STAT3|GENE_NO=668|TRANSCRIPT=ENST00000264657.10|STRAND=-|COSMIC=COSG84383|REGION=3UTR(-)|VARIANT=17:42313598_T>C|ALT_INDEX=1|TX_POS=2150|TX_CHANGE=A>G|G_CHANGE_CLASS=to_G	STAT3	668	ENST00000264657.10	-	COSG84383	3UTR(-)	2424	13	62	3	y	ok
477	GENE=STAT3|GENE_NO=668|TRANSCRIPT=ENST00000264657.10|STRAND=-|COSMIC=COSG84383|REGION=3UTR(-)|VARIANT=17:42313743_C>T|ALT_INDEX=1|TX_POS=2005|TX_CHANGE=G>A|G_CHANGE_CLASS=from_G	STAT3	668	ENST00000264657.10	-	COSG84383	3UTR(-)	2424	13	62	3	y	ok
478	GENE=STAT3|GENE_NO=668|TRANSCRIPT=ENST00000264657.10|STRAND=-|COSMIC=COSG84383|REGION=3UTR(-)|VARIANT=17:42313892_T>C|ALT_INDEX=1|TX_POS=1856|TX_CHANGE=A>G|G_CHANGE_CLASS=to_G	STAT3	668	ENST00000264657.10	-	COSG84383	3UTR(-)	2424	13	62	3	y	ok
479	GENE=STAT3|GENE_NO=668|TRANSCRIPT=ENST00000264657.10|STRAND=-|COSMIC=COSG84383|REGION=3UTR(-)|VARIANT=17:42313895_G>C|ALT_INDEX=1|TX_POS=1853|TX_CHANGE=C>G|G_CHANGE_CLASS=to_G	STAT3	668	ENST00000264657.10	-	COSG84383	3UTR(-)	2424	13	62	3	y	ok
480	GENE=STAT3|GENE_NO=668|TRANSCRIPT=ENST00000264657.10|STRAND=-|COSMIC=COSG84383|REGION=3UTR(-)|VARIANT=17:42315015_C>T|ALT_INDEX=1|TX_POS=733|TX_CHANGE=G>A|G_CHANGE_CLASS=from_G	STAT3	668	ENST00000264657.10	-	COSG84383	3UTR(-)	2424	13	62	3	y	ok
481	GENE=STAT3|GENE_NO=668|TRANSCRIPT=ENST00000264657.10|STRAND=-|COSMIC=COSG84383|REGION=3UTR(-)|VARIANT=17:42315485_C>T|ALT_INDEX=1|TX_POS=263|TX_CHANGE=G>A|G_CHANGE_CLASS=from_G	STAT3	668	ENST00000264657.10	-	COSG84383	3UTR(-)	2424	13	62	3	y	ok
482	GENE=STIL|GENE_NO=671|TRANSCRIPT=ENST00000371877.8|STRAND=-|COSMIC=COSG80911|REGION=3UTR(-)|VARIANT=1:47250559_C>T|ALT_INDEX=1|TX_POS=580|TX_CHANGE=G>A|G_CHANGE_CLASS=from_G	STIL	671	ENST00000371877.8	-	COSG80911	3UTR(-)	1000	6	34	2	y	ok
483	GENE=STK11|GENE_NO=672|TRANSCRIPT=ENST00000326873.12|STRAND=+|COSMIC=COSG67170|REGION=3UTR(+)|VARIANT=19:1226648_G>A|ALT_INDEX=1|TX_POS=4|TX_CHANGE=G>A|G_CHANGE_CLASS=from_G	STK11	672	ENST00000326873.12	+	COSG67170	3UTR(+)	858	5	63	3	y	ok
484	GENE=STK11|GENE_NO=672|TRANSCRIPT=ENST00000326873.12|STRAND=+|COSMIC=COSG67170|REGION=3UTR(+)|VARIANT=19:1226648_G>C|ALT_INDEX=1|TX_POS=4|TX_CHANGE=G>C|G_CHANGE_CLASS=from_G	STK11	672	ENST00000326873.12	+	COSG67170	3UTR(+)	858	5	63	3	y	ok
485	GENE=STK11|GENE_NO=672|TRANSCRIPT=ENST00000326873.12|STRAND=+|COSMIC=COSG67170|REGION=3UTR(+)|VARIANT=19:1226650_C>G|ALT_INDEX=1|TX_POS=6|TX_CHANGE=C>G|G_CHANGE_CLASS=to_G	STK11	672	ENST00000326873.12	+	COSG67170	3UTR(+)	858	6	63	3	y	ok
486	GENE=STK11|GENE_NO=672|TRANSCRIPT=ENST00000326873.12|STRAND=+|COSMIC=COSG67170|REGION=3UTR(+)|VARIANT=19:1226651_T>G|ALT_INDEX=1|TX_POS=7|TX_CHANGE=T>G|G_CHANGE_CLASS=to_G	STK11	672	ENST00000326873.12	+	COSG67170	3UTR(+)	858	6	63	3	y	ok
487	GENE=STK11|GENE_NO=672|TRANSCRIPT=ENST00000326873.12|STRAND=+|COSMIC=COSG67170|REGION=3UTR(+)|VARIANT=19:1226653_G>A|ALT_INDEX=1|TX_POS=9|TX_CHANGE=G>A|G_CHANGE_CLASS=from_G	STK11	672	ENST00000326873.12	+	COSG67170	3UTR(+)	858	5	63	3	y	ok
488	GENE=STK11|GENE_NO=672|TRANSCRIPT=ENST00000326873.12|STRAND=+|COSMIC=COSG67170|REGION=3UTR(+)|VARIANT=19:1226653_G>C|ALT_INDEX=1|TX_POS=9|TX_CHANGE=G>C|G_CHANGE_CLASS=from_G	STK11	672	ENST00000326873.12	+	COSG67170	3UTR(+)	858	5	63	3	y	ok
489	GENE=STK11|GENE_NO=672|TRANSCRIPT=ENST00000326873.12|STRAND=+|COSMIC=COSG67170|REGION=3UTR(+)|VARIANT=19:1226653_G>T|ALT_INDEX=1|TX_POS=9|TX_CHANGE=G>T|G_CHANGE_CLASS=from_G	STK11	672	ENST00000326873.12	+	COSG67170	3UTR(+)	858	5	63	3	y	ok
490	GENE=STK11|GENE_NO=672|TRANSCRIPT=ENST00000326873.12|STRAND=+|COSMIC=COSG67170|REGION=3UTR(+)|VARIANT=19:1226656_G>A|ALT_INDEX=1|TX_POS=12|TX_CHANGE=G>A|G_CHANGE_CLASS=from_G	STK11	672	ENST00000326873.12	+	COSG67170	3UTR(+)	858	6	63	3	y	ok
491	GENE=STK11|GENE_NO=672|TRANSCRIPT=ENST00000326873.12|STRAND=+|COSMIC=COSG67170|REGION=3UTR(+)|VARIANT=19:1226656_G>C|ALT_INDEX=1|TX_POS=12|TX_CHANGE=G>C|G_CHANGE_CLASS=from_G	STK11	672	ENST00000326873.12	+	COSG67170	3UTR(+)	858	6	63	3	y	ok
492	GENE=STK11|GENE_NO=672|TRANSCRIPT=ENST00000326873.12|STRAND=+|COSMIC=COSG67170|REGION=3UTR(+)|VARIANT=19:1226656_G>T|ALT_INDEX=1|TX_POS=12|TX_CHANGE=G>T|G_CHANGE_CLASS=from_G	STK11	672	ENST00000326873.12	+	COSG67170	3UTR(+)	858	6	63	3	y	ok
493	GENE=STK11|GENE_NO=672|TRANSCRIPT=ENST00000326873.12|STRAND=+|COSMIC=COSG67170|REGION=3UTR(+)|VARIANT=19:1226659_T>G|ALT_INDEX=1|TX_POS=15|TX_CHANGE=T>G|G_CHANGE_CLASS=to_G	STK11	672	ENST00000326873.12	+	COSG67170	3UTR(+)	858	5	63	3	y	ok
494	GENE=STK11|GENE_NO=672|TRANSCRIPT=ENST00000326873.12|STRAND=+|COSMIC=COSG67170|REGION=3UTR(+)|VARIANT=19:1227594_C>G|ALT_INDEX=1|TX_POS=21|TX_CHANGE=C>G|G_CHANGE_CLASS=to_G	STK11	672	ENST00000326873.12	+	COSG67170	3UTR(+)	858	6	63	3	y	ok
495	GENE=STK11|GENE_NO=672|TRANSCRIPT=ENST00000326873.12|STRAND=+|COSMIC=COSG67170|REGION=3UTR(+)|VARIANT=19:1227605_A>G|ALT_INDEX=1|TX_POS=32|TX_CHANGE=A>G|G_CHANGE_CLASS=to_G	STK11	672	ENST00000326873.12	+	COSG67170	3UTR(+)	858	5	63	3	y	ok
496	GENE=STK11|GENE_NO=672|TRANSCRIPT=ENST00000326873.12|STRAND=+|COSMIC=COSG67170|REGION=3UTR(+)|VARIANT=19:1227611_G>T|ALT_INDEX=1|TX_POS=38|TX_CHANGE=G>T|G_CHANGE_CLASS=from_G	STK11	672	ENST00000326873.12	+	COSG67170	3UTR(+)	858	6	63	3	y	ok
497	GENE=STK11|GENE_NO=672|TRANSCRIPT=ENST00000326873.12|STRAND=+|COSMIC=COSG67170|REGION=3UTR(+)|VARIANT=19:1227646_C>G|ALT_INDEX=1|TX_POS=73|TX_CHANGE=C>G|G_CHANGE_CLASS=to_G	STK11	672	ENST00000326873.12	+	COSG67170	3UTR(+)	858	5	63	3	y	ok
498	GENE=STK11|GENE_NO=672|TRANSCRIPT=ENST00000326873.12|STRAND=+|COSMIC=COSG67170|REGION=3UTR(+)|VARIANT=19:1227665_G>A|ALT_INDEX=1|TX_POS=92|TX_CHANGE=G>A|G_CHANGE_CLASS=from_G	STK11	672	ENST00000326873.12	+	COSG67170	3UTR(+)	858	5	63	3	y	ok
499	GENE=STK11|GENE_NO=672|TRANSCRIPT=ENST00000326873.12|STRAND=+|COSMIC=COSG67170|REGION=3UTR(+)|VARIANT=19:1228036_G>A|ALT_INDEX=1|TX_POS=463|TX_CHANGE=G>A|G_CHANGE_CLASS=from_G	STK11	672	ENST00000326873.12	+	COSG67170	3UTR(+)	858	6	63	3	y	ok
500	GENE=STK11|GENE_NO=672|TRANSCRIPT=ENST00000326873.12|STRAND=+|COSMIC=COSG67170|REGION=3UTR(+)|VARIANT=19:1228342_G>A|ALT_INDEX=1|TX_POS=769|TX_CHANGE=G>A|G_CHANGE_CLASS=from_G	STK11	672	ENST00000326873.12	+	COSG67170	3UTR(+)	858	6	63	3	y	ok
501	GENE=SUFU|GENE_NO=675|TRANSCRIPT=ENST00000369902.8|STRAND=+|COSMIC=COSG111528|REGION=3UTR(+)|VARIANT=10:102630161_G>A|ALT_INDEX=1|TX_POS=9|TX_CHANGE=G>A|G_CHANGE_CLASS=from_G	SUFU	675	ENST00000369902.8	+	COSG111528	3UTR(+)	3383	21	62	3	y	ok
502	GENE=SUFU|GENE_NO=675|TRANSCRIPT=ENST00000369902.8|STRAND=+|COSMIC=COSG111528|REGION=3UTR(+)|VARIANT=10:102630161_G>T|ALT_INDEX=1|TX_POS=9|TX_CHANGE=G>T|G_CHANGE_CLASS=from_G	SUFU	675	ENST00000369902.8	+	COSG111528	3UTR(+)	3383	21	62	3	y	ok
503	GENE=SUFU|GENE_NO=675|TRANSCRIPT=ENST00000369902.8|STRAND=+|COSMIC=COSG111528|REGION=3UTR(+)|VARIANT=10:102630175_T>G|ALT_INDEX=1|TX_POS=23|TX_CHANGE=T>G|G_CHANGE_CLASS=to_G	SUFU	675	ENST00000369902.8	+	COSG111528	3UTR(+)	3383	21	62	3	y	ok
504	GENE=SUFU|GENE_NO=675|TRANSCRIPT=ENST00000369902.8|STRAND=+|COSMIC=COSG111528|REGION=3UTR(+)|VARIANT=10:102630531_G>A|ALT_INDEX=1|TX_POS=379|TX_CHANGE=G>A|G_CHANGE_CLASS=from_G	SUFU	675	ENST00000369902.8	+	COSG111528	3UTR(+)	3383	21	62	3	y	ok
505	GENE=SUFU|GENE_NO=675|TRANSCRIPT=ENST00000369902.8|STRAND=+|COSMIC=COSG111528|REGION=3UTR(+)|VARIANT=10:102630897_G>A|ALT_INDEX=1|TX_POS=745|TX_CHANGE=G>A|G_CHANGE_CLASS=from_G	SUFU	675	ENST00000369902.8	+	COSG111528	3UTR(+)	3383	21	62	3	y	ok
506	GENE=SUFU|GENE_NO=675|TRANSCRIPT=ENST00000369902.8|STRAND=+|COSMIC=COSG111528|REGION=3UTR(+)|VARIANT=10:102630999_G>A|ALT_INDEX=1|TX_POS=847|TX_CHANGE=G>A|G_CHANGE_CLASS=from_G	SUFU	675	ENST00000369902.8	+	COSG111528	3UTR(+)	3383	21	62	3	y	ok
507	GENE=SUFU|GENE_NO=675|TRANSCRIPT=ENST00000369902.8|STRAND=+|COSMIC=COSG111528|REGION=3UTR(+)|VARIANT=10:102631062_C>G|ALT_INDEX=1|TX_POS=910|TX_CHANGE=C>G|G_CHANGE_CLASS=to_G	SUFU	675	ENST00000369902.8	+	COSG111528	3UTR(+)	3383	21	62	3	y	ok
508	GENE=SUFU|GENE_NO=675|TRANSCRIPT=ENST00000369902.8|STRAND=+|COSMIC=COSG111528|REGION=3UTR(+)|VARIANT=10:102631070_G>C|ALT_INDEX=1|TX_POS=918|TX_CHANGE=G>C|G_CHANGE_CLASS=from_G	SUFU	675	ENST00000369902.8	+	COSG111528	3UTR(+)	3383	21	62	3	y	ok
509	GENE=SUFU|GENE_NO=675|TRANSCRIPT=ENST00000369902.8|STRAND=+|COSMIC=COSG111528|REGION=3UTR(+)|VARIANT=10:102631830_G>A|ALT_INDEX=1|TX_POS=1678|TX_CHANGE=G>A|G_CHANGE_CLASS=from_G	SUFU	675	ENST00000369902.8	+	COSG111528	3UTR(+)	3383	20	62	3	y	ok
510	GENE=SUFU|GENE_NO=675|TRANSCRIPT=ENST00000369902.8|STRAND=+|COSMIC=COSG111528|REGION=3UTR(+)|VARIANT=10:102631845_A>G|ALT_INDEX=1|TX_POS=1693|TX_CHANGE=A>G|G_CHANGE_CLASS=to_G	SUFU	675	ENST00000369902.8	+	COSG111528	3UTR(+)	3383	21	62	3	y	ok
511	GENE=SUFU|GENE_NO=675|TRANSCRIPT=ENST00000369902.8|STRAND=+|COSMIC=COSG111528|REGION=3UTR(+)|VARIANT=10:102632152_A>G|ALT_INDEX=1|TX_POS=2000|TX_CHANGE=A>G|G_CHANGE_CLASS=to_G	SUFU	675	ENST00000369902.8	+	COSG111528	3UTR(+)	3383	21	62	3	y	ok
512	GENE=SUFU|GENE_NO=675|TRANSCRIPT=ENST00000369902.8|STRAND=+|COSMIC=COSG111528|REGION=3UTR(+)|VARIANT=10:102632295_G>T|ALT_INDEX=1|TX_POS=2143|TX_CHANGE=G>T|G_CHANGE_CLASS=from_G	SUFU	675	ENST00000369902.8	+	COSG111528	3UTR(+)	3383	21	62	3	y	ok
513	GENE=SUFU|GENE_NO=675|TRANSCRIPT=ENST00000369902.8|STRAND=+|COSMIC=COSG111528|REGION=3UTR(+)|VARIANT=10:102632305_G>A|ALT_INDEX=1|TX_POS=2153|TX_CHANGE=G>A|G_CHANGE_CLASS=from_G	SUFU	675	ENST00000369902.8	+	COSG111528	3UTR(+)	3383	21	62	3	y	ok
514	GENE=SUFU|GENE_NO=675|TRANSCRIPT=ENST00000369902.8|STRAND=+|COSMIC=COSG111528|REGION=3UTR(+)|VARIANT=10:102632912_G>A|ALT_INDEX=1|TX_POS=2760|TX_CHANGE=G>A|G_CHANGE_CLASS=from_G	SUFU	675	ENST00000369902.8	+	COSG111528	3UTR(+)	3383	21	62	3	y	ok
515	GENE=SYK|GENE_NO=677|TRANSCRIPT=ENST00000375754.9|STRAND=+|COSMIC=COSG106457|REGION=3UTR(+)|VARIANT=9:90895924_G>A|ALT_INDEX=1|TX_POS=327|TX_CHANGE=G>A|G_CHANGE_CLASS=from_G	SYK	677	ENST00000375754.9	+	COSG106457	3UTR(+)	2952	14	55	3	y	ok
516	GENE=TBX3|GENE_NO=682|TRANSCRIPT=ENST00000349155.7|STRAND=-|COSMIC=COSG61092|REGION=3UTR(-)|VARIANT=12:114670556_T>C|ALT_INDEX=1|TX_POS=1288|TX_CHANGE=A>G|G_CHANGE_CLASS=to_G	TBX3	682	ENST00000349155.7	-	COSG61092	3UTR(-)	1589	5	63	3	y	ok
517	GENE=TBX3|GENE_NO=682|TRANSCRIPT=ENST00000349155.7|STRAND=-|COSMIC=COSG61092|REGION=3UTR(-)|VARIANT=12:114671094_C>T|ALT_INDEX=1|TX_POS=750|TX_CHANGE=G>A|G_CHANGE_CLASS=from_G	TBX3	682	ENST00000349155.7	-	COSG61092	3UTR(-)	1589	5	62	3	y	ok
518	GENE=TBX3|GENE_NO=682|TRANSCRIPT=ENST00000349155.7|STRAND=-|COSMIC=COSG61092|REGION=3UTR(-)|VARIANT=12:114671709_C>T|ALT_INDEX=1|TX_POS=135|TX_CHANGE=G>A|G_CHANGE_CLASS=from_G	TBX3	682	ENST00000349155.7	-	COSG61092	3UTR(-)	1589	4	62	3	y	ok
519	GENE=TERT|GENE_NO=690|TRANSCRIPT=ENST00000310581.10|STRAND=-|COSMIC=COSG76097|REGION=3UTR(-)|VARIANT=5:1253664_C>T|ALT_INDEX=1|TX_POS=67|TX_CHANGE=G>A|G_CHANGE_CLASS=from_G	TERT	690	ENST00000310581.10	-	COSG76097	3UTR(-)	564	3	63	3	y	ok
520	GENE=TFG|GENE_NO=695|TRANSCRIPT=ENST00000240851.9|STRAND=+|COSMIC=COSG60365|REGION=3UTR(+)|VARIANT=3:100748829_G>A|ALT_INDEX=1|TX_POS=301|TX_CHANGE=G>A|G_CHANGE_CLASS=from_G	TFG	695	ENST00000240851.9	+	COSG60365	3UTR(+)	436	1	28	2	y	ok
521	GENE=TGFBR1|GENE_NO=698|TRANSCRIPT=ENST00000374994.9|STRAND=+|COSMIC=COSG101127|REGION=3UTR(+)|VARIANT=9:99149374_A>G|ALT_INDEX=1|TX_POS=72|TX_CHANGE=A>G|G_CHANGE_CLASS=to_G	TGFBR1	698	ENST00000374994.9	+	COSG101127	3UTR(+)	4890	15	54	3	y	ok
522	GENE=TGFBR1|GENE_NO=698|TRANSCRIPT=ENST00000374994.9|STRAND=+|COSMIC=COSG101127|REGION=3UTR(+)|VARIANT=9:99149644_G>T|ALT_INDEX=1|TX_POS=342|TX_CHANGE=G>T|G_CHANGE_CLASS=from_G	TGFBR1	698	ENST00000374994.9	+	COSG101127	3UTR(+)	4890	14	54	3	y	ok
523	GENE=TGFBR1|GENE_NO=698|TRANSCRIPT=ENST00000374994.9|STRAND=+|COSMIC=COSG101127|REGION=3UTR(+)|VARIANT=9:99150094_G>A|ALT_INDEX=1|TX_POS=792|TX_CHANGE=G>A|G_CHANGE_CLASS=from_G	TGFBR1	698	ENST00000374994.9	+	COSG101127	3UTR(+)	4890	14	54	3	y	ok
524	GENE=TGFBR1|GENE_NO=698|TRANSCRIPT=ENST00000374994.9|STRAND=+|COSMIC=COSG101127|REGION=3UTR(+)|VARIANT=9:99150464_T>G|ALT_INDEX=1|TX_POS=1162|TX_CHANGE=T>G|G_CHANGE_CLASS=to_G	TGFBR1	698	ENST00000374994.9	+	COSG101127	3UTR(+)	4890	15	54	3	y	ok
525	GENE=TGFBR1|GENE_NO=698|TRANSCRIPT=ENST00000374994.9|STRAND=+|COSMIC=COSG101127|REGION=3UTR(+)|VARIANT=9:99150488_G>A|ALT_INDEX=1|TX_POS=1186|TX_CHANGE=G>A|G_CHANGE_CLASS=from_G	TGFBR1	698	ENST00000374994.9	+	COSG101127	3UTR(+)	4890	15	54	3	y	ok
526	GENE=TGFBR1|GENE_NO=698|TRANSCRIPT=ENST00000374994.9|STRAND=+|COSMIC=COSG101127|REGION=3UTR(+)|VARIANT=9:99150733_G>C|ALT_INDEX=1|TX_POS=1431|TX_CHANGE=G>C|G_CHANGE_CLASS=from_G	TGFBR1	698	ENST00000374994.9	+	COSG101127	3UTR(+)	4890	15	54	3	y	ok
527	GENE=TGFBR1|GENE_NO=698|TRANSCRIPT=ENST00000374994.9|STRAND=+|COSMIC=COSG101127|REGION=3UTR(+)|VARIANT=9:99150736_G>T|ALT_INDEX=1|TX_POS=1434|TX_CHANGE=G>T|G_CHANGE_CLASS=from_G	TGFBR1	698	ENST00000374994.9	+	COSG101127	3UTR(+)	4890	14	54	3	y	ok
528	GENE=TGFBR1|GENE_NO=698|TRANSCRIPT=ENST00000374994.9|STRAND=+|COSMIC=COSG101127|REGION=3UTR(+)|VARIANT=9:99151015_G>A|ALT_INDEX=1|TX_POS=1713|TX_CHANGE=G>A|G_CHANGE_CLASS=from_G	TGFBR1	698	ENST00000374994.9	+	COSG101127	3UTR(+)	4890	15	54	3	y	ok
529	GENE=TGFBR1|GENE_NO=698|TRANSCRIPT=ENST00000374994.9|STRAND=+|COSMIC=COSG101127|REGION=3UTR(+)|VARIANT=9:99151990_T>G|ALT_INDEX=1|TX_POS=2688|TX_CHANGE=T>G|G_CHANGE_CLASS=to_G	TGFBR1	698	ENST00000374994.9	+	COSG101127	3UTR(+)	4890	15	54	3	y	ok
530	GENE=TGFBR1|GENE_NO=698|TRANSCRIPT=ENST00000374994.9|STRAND=+|COSMIC=COSG101127|REGION=3UTR(+)|VARIANT=9:99152285_G>T|ALT_INDEX=1|TX_POS=2983|TX_CHANGE=G>T|G_CHANGE_CLASS=from_G	TGFBR1	698	ENST00000374994.9	+	COSG101127	3UTR(+)	4890	15	54	3	y	ok
531	GENE=TGFBR1|GENE_NO=698|TRANSCRIPT=ENST00000374994.9|STRAND=+|COSMIC=COSG101127|REGION=3UTR(+)|VARIANT=9:99152737_G>T|ALT_INDEX=1|TX_POS=3435|TX_CHANGE=G>T|G_CHANGE_CLASS=from_G	TGFBR1	698	ENST00000374994.9	+	COSG101127	3UTR(+)	4890	14	54	3	y	ok
532	GENE=TGFBR1|GENE_NO=698|TRANSCRIPT=ENST00000374994.9|STRAND=+|COSMIC=COSG101127|REGION=3UTR(+)|VARIANT=9:99152872_G>A|ALT_INDEX=1|TX_POS=3570|TX_CHANGE=G>A|G_CHANGE_CLASS=from_G	TGFBR1	698	ENST00000374994.9	+	COSG101127	3UTR(+)	4890	14	54	3	y	ok
533	GENE=TGFBR1|GENE_NO=698|TRANSCRIPT=ENST00000374994.9|STRAND=+|COSMIC=COSG101127|REGION=3UTR(+)|VARIANT=9:99153883_T>G|ALT_INDEX=1|TX_POS=4581|TX_CHANGE=T>G|G_CHANGE_CLASS=to_G	TGFBR1	698	ENST00000374994.9	+	COSG101127	3UTR(+)	4890	15	54	3	y	ok
534	GENE=TGFBR1|GENE_NO=698|TRANSCRIPT=ENST00000374994.9|STRAND=+|COSMIC=COSG101127|REGION=3UTR(+)|VARIANT=9:99154033_G>A|ALT_INDEX=1|TX_POS=4731|TX_CHANGE=G>A|G_CHANGE_CLASS=from_G	TGFBR1	698	ENST00000374994.9	+	COSG101127	3UTR(+)	4890	15	54	3	y	ok
535	GENE=TGFBR2|GENE_NO=699|TRANSCRIPT=ENST00000295754.10|STRAND=+|COSMIC=COSG68111|REGION=3UTR(+)|VARIANT=3:30691610_G>A|ALT_INDEX=1|TX_POS=14|TX_CHANGE=G>A|G_CHANGE_CLASS=from_G	TGFBR2	699	ENST00000295754.10	+	COSG68111	3UTR(+)	2546	9	35	2	y	ok
536	GENE=TGFBR2|GENE_NO=699|TRANSCRIPT=ENST00000295754.10|STRAND=+|COSMIC=COSG68111|REGION=3UTR(+)|VARIANT=3:30691704_G>A|ALT_INDEX=1|TX_POS=108|TX_CHANGE=G>A|G_CHANGE_CLASS=from_G	TGFBR2	699	ENST00000295754.10	+	COSG68111	3UTR(+)	2546	9	35	2	y	ok
537	GENE=TGFBR2|GENE_NO=699|TRANSCRIPT=ENST00000295754.10|STRAND=+|COSMIC=COSG68111|REGION=3UTR(+)|VARIANT=3:30692006_A>G|ALT_INDEX=1|TX_POS=410|TX_CHANGE=A>G|G_CHANGE_CLASS=to_G	TGFBR2	699	ENST00000295754.10	+	COSG68111	3UTR(+)	2546	9	35	2	y	ok
538	GENE=TGFBR2|GENE_NO=699|TRANSCRIPT=ENST00000295754.10|STRAND=+|COSMIC=COSG68111|REGION=3UTR(+)|VARIANT=3:30693106_A>G|ALT_INDEX=1|TX_POS=1510|TX_CHANGE=A>G|G_CHANGE_CLASS=to_G	TGFBR2	699	ENST00000295754.10	+	COSG68111	3UTR(+)	2546	9	35	2	y	ok
539	GENE=TGFBR2|GENE_NO=699|TRANSCRIPT=ENST00000295754.10|STRAND=+|COSMIC=COSG68111|REGION=3UTR(+)|VARIANT=3:30693120_G>A|ALT_INDEX=1|TX_POS=1524|TX_CHANGE=G>A|G_CHANGE_CLASS=from_G	TGFBR2	699	ENST00000295754.10	+	COSG68111	3UTR(+)	2546	9	35	2	y	ok
540	GENE=TGFBR2|GENE_NO=699|TRANSCRIPT=ENST00000295754.10|STRAND=+|COSMIC=COSG68111|REGION=3UTR(+)|VARIANT=3:30693565_A>G|ALT_INDEX=1|TX_POS=1969|TX_CHANGE=A>G|G_CHANGE_CLASS=to_G	TGFBR2	699	ENST00000295754.10	+	COSG68111	3UTR(+)	2546	9	35	2	y	ok
541	GENE=TGFBR2|GENE_NO=699|TRANSCRIPT=ENST00000295754.10|STRAND=+|COSMIC=COSG68111|REGION=3UTR(+)|VARIANT=3:30693597_G>A|ALT_INDEX=1|TX_POS=2001|TX_CHANGE=G>A|G_CHANGE_CLASS=from_G	TGFBR2	699	ENST00000295754.10	+	COSG68111	3UTR(+)	2546	9	35	2	y	ok
542	GENE=TMEM127|GENE_NO=703|TRANSCRIPT=ENST00000258439.8|STRAND=-|COSMIC=COSG94256|REGION=3UTR(-)|VARIANT=2:96252170_C>G|ALT_INDEX=1|TX_POS=1641|TX_CHANGE=G>C|G_CHANGE_CLASS=from_G	TMEM127	703	ENST00000258439.8	-	COSG94256	3UTR(-)	5297	25	56	3	y	ok
543	GENE=TMEM127|GENE_NO=703|TRANSCRIPT=ENST00000258439.8|STRAND=-|COSMIC=COSG94256|REGION=3UTR(-)|VARIANT=2:96252828_C>G|ALT_INDEX=1|TX_POS=983|TX_CHANGE=G>C|G_CHANGE_CLASS=from_G	TMEM127	703	ENST00000258439.8	-	COSG94256	3UTR(-)	5297	25	56	3	y	ok
544	GENE=TMEM127|GENE_NO=703|TRANSCRIPT=ENST00000258439.8|STRAND=-|COSMIC=COSG94256|REGION=3UTR(-)|VARIANT=2:96252828_C>T|ALT_INDEX=1|TX_POS=983|TX_CHANGE=G>A|G_CHANGE_CLASS=from_G	TMEM127	703	ENST00000258439.8	-	COSG94256	3UTR(-)	5297	25	56	3	y	ok
545	GENE=TMEM127|GENE_NO=703|TRANSCRIPT=ENST00000258439.8|STRAND=-|COSMIC=COSG94256|REGION=3UTR(-)|VARIANT=2:96252925_G>C|ALT_INDEX=1|TX_POS=886|TX_CHANGE=C>G|G_CHANGE_CLASS=to_G	TMEM127	703	ENST00000258439.8	-	COSG94256	3UTR(-)	5297	25	56	3	y	ok
546	GENE=TP53|GENE_NO=712|TRANSCRIPT=ENST00000269305.9|STRAND=-|COSMIC=COSG115384|REGION=3UTR(-)|VARIANT=17:7668632_C>G|ALT_INDEX=1|TX_POS=980|TX_CHANGE=G>C|G_CHANGE_CLASS=from_G	TP53	712	ENST00000269305.9	-	COSG115384	3UTR(-)	1191	6	36	2	y	ok
547	GENE=TP53|GENE_NO=712|TRANSCRIPT=ENST00000269305.9|STRAND=-|COSMIC=COSG115384|REGION=3UTR(-)|VARIANT=17:7669281_C>T|ALT_INDEX=1|TX_POS=331|TX_CHANGE=G>A|G_CHANGE_CLASS=from_G	TP53	712	ENST00000269305.9	-	COSG115384	3UTR(-)	1191	6	36	2	y	ok
548	GENE=TP53|GENE_NO=712|TRANSCRIPT=ENST00000269305.9|STRAND=-|COSMIC=COSG115384|REGION=3UTR(-)|VARIANT=17:7669404_C>T|ALT_INDEX=1|TX_POS=208|TX_CHANGE=G>A|G_CHANGE_CLASS=from_G	TP53	712	ENST00000269305.9	-	COSG115384	3UTR(-)	1191	6	36	2	y	ok
549	GENE=TP63|GENE_NO=713|TRANSCRIPT=ENST00000264731.8|STRAND=+|COSMIC=COSG61770|REGION=3UTR(+)|VARIANT=3:189895304_G>A|ALT_INDEX=1|TX_POS=805|TX_CHANGE=G>A|G_CHANGE_CLASS=from_G	TP63	713	ENST00000264731.8	+	COSG61770	3UTR(+)	2777	8	36	2	y	ok
550	GENE=TP63|GENE_NO=713|TRANSCRIPT=ENST00000264731.8|STRAND=+|COSMIC=COSG61770|REGION=3UTR(+)|VARIANT=3:189895305_G>A|ALT_INDEX=1|TX_POS=806|TX_CHANGE=G>A|G_CHANGE_CLASS=from_G	TP63	713	ENST00000264731.8	+	COSG61770	3UTR(+)	2777	8	36	2	y	ok
551	GENE=TP63|GENE_NO=713|TRANSCRIPT=ENST00000264731.8|STRAND=+|COSMIC=COSG61770|REGION=3UTR(+)|VARIANT=3:189896204_G>A|ALT_INDEX=1|TX_POS=1705|TX_CHANGE=G>A|G_CHANGE_CLASS=from_G	TP63	713	ENST00000264731.8	+	COSG61770	3UTR(+)	2777	9	36	2	y	ok
552	GENE=TP63|GENE_NO=713|TRANSCRIPT=ENST00000264731.8|STRAND=+|COSMIC=COSG61770|REGION=3UTR(+)|VARIANT=3:189896820_G>A|ALT_INDEX=1|TX_POS=2321|TX_CHANGE=G>A|G_CHANGE_CLASS=from_G	TP63	713	ENST00000264731.8	+	COSG61770	3UTR(+)	2777	8	36	2	y	ok
553	GENE=TPM3|GENE_NO=714|TRANSCRIPT=ENST00000651641.1|STRAND=-|COSMIC=COSG101931|REGION=3UTR(-)|VARIANT=1:154162788_C>T|ALT_INDEX=1|TX_POS=5152|TX_CHANGE=G>A|G_CHANGE_CLASS=from_G	TPM3	714	ENST00000651641.1	-	COSG101931	3UTR(-)	6127	27	53	3	y	ok
554	GENE=TPM3|GENE_NO=714|TRANSCRIPT=ENST00000651641.1|STRAND=-|COSMIC=COSG101931|REGION=3UTR(-)|VARIANT=1:154163065_T>C|ALT_INDEX=1|TX_POS=4875|TX_CHANGE=A>G|G_CHANGE_CLASS=to_G	TPM3	714	ENST00000651641.1	-	COSG101931	3UTR(-)	6127	28	53	3	y	ok
555	GENE=TPM3|GENE_NO=714|TRANSCRIPT=ENST00000651641.1|STRAND=-|COSMIC=COSG101931|REGION=3UTR(-)|VARIANT=1:154163412_C>A|ALT_INDEX=1|TX_POS=4528|TX_CHANGE=G>T|G_CHANGE_CLASS=from_G	TPM3	714	ENST00000651641.1	-	COSG101931	3UTR(-)	6127	28	53	3	y	ok
556	GENE=TPM3|GENE_NO=714|TRANSCRIPT=ENST00000651641.1|STRAND=-|COSMIC=COSG101931|REGION=3UTR(-)|VARIANT=1:154163424_C>T|ALT_INDEX=1|TX_POS=4516|TX_CHANGE=G>A|G_CHANGE_CLASS=from_G	TPM3	714	ENST00000651641.1	-	COSG101931	3UTR(-)	6127	28	53	3	y	ok
557	GENE=TPM3|GENE_NO=714|TRANSCRIPT=ENST00000651641.1|STRAND=-|COSMIC=COSG101931|REGION=3UTR(-)|VARIANT=1:154163604_T>C|ALT_INDEX=1|TX_POS=4336|TX_CHANGE=A>G|G_CHANGE_CLASS=to_G	TPM3	714	ENST00000651641.1	-	COSG101931	3UTR(-)	6127	28	53	3	y	ok
558	GENE=TPM3|GENE_NO=714|TRANSCRIPT=ENST00000651641.1|STRAND=-|COSMIC=COSG101931|REGION=3UTR(-)|VARIANT=1:154163734_C>T|ALT_INDEX=1|TX_POS=4206|TX_CHANGE=G>A|G_CHANGE_CLASS=from_G	TPM3	714	ENST00000651641.1	-	COSG101931	3UTR(-)	6127	28	53	3	y	ok
559	GENE=TPM3|GENE_NO=714|TRANSCRIPT=ENST00000651641.1|STRAND=-|COSMIC=COSG101931|REGION=3UTR(-)|VARIANT=1:154163743_C>T|ALT_INDEX=1|TX_POS=4197|TX_CHANGE=G>A|G_CHANGE_CLASS=from_G	TPM3	714	ENST00000651641.1	-	COSG101931	3UTR(-)	6127	28	53	3	y	ok
560	GENE=TPM3|GENE_NO=714|TRANSCRIPT=ENST00000651641.1|STRAND=-|COSMIC=COSG101931|REGION=3UTR(-)|VARIANT=1:154164115_C>A|ALT_INDEX=1|TX_POS=3825|TX_CHANGE=G>T|G_CHANGE_CLASS=from_G	TPM3	714	ENST00000651641.1	-	COSG101931	3UTR(-)	6127	28	53	3	y	ok
561	GENE=TPM3|GENE_NO=714|TRANSCRIPT=ENST00000651641.1|STRAND=-|COSMIC=COSG101931|REGION=3UTR(-)|VARIANT=1:154164118_C>T|ALT_INDEX=1|TX_POS=3822|TX_CHANGE=G>A|G_CHANGE_CLASS=from_G	TPM3	714	ENST00000651641.1	-	COSG101931	3UTR(-)	6127	28	50	3	y	ok
562	GENE=TPM3|GENE_NO=714|TRANSCRIPT=ENST00000651641.1|STRAND=-|COSMIC=COSG101931|REGION=3UTR(-)|VARIANT=1:154164130_C>A|ALT_INDEX=1|TX_POS=3810|TX_CHANGE=G>T|G_CHANGE_CLASS=from_G	TPM3	714	ENST00000651641.1	-	COSG101931	3UTR(-)	6127	28	53	3	y	ok
563	GENE=TPM3|GENE_NO=714|TRANSCRIPT=ENST00000651641.1|STRAND=-|COSMIC=COSG101931|REGION=3UTR(-)|VARIANT=1:154164922_C>T|ALT_INDEX=1|TX_POS=3018|TX_CHANGE=G>A|G_CHANGE_CLASS=from_G	TPM3	714	ENST00000651641.1	-	COSG101931	3UTR(-)	6127	28	53	3	y	ok
564	GENE=TPM3|GENE_NO=714|TRANSCRIPT=ENST00000651641.1|STRAND=-|COSMIC=COSG101931|REGION=3UTR(-)|VARIANT=1:154165340_C>A|ALT_INDEX=1|TX_POS=2600|TX_CHANGE=G>T|G_CHANGE_CLASS=from_G	TPM3	714	ENST00000651641.1	-	COSG101931	3UTR(-)	6127	28	53	3	y	ok
565	GENE=TPM3|GENE_NO=714|TRANSCRIPT=ENST00000651641.1|STRAND=-|COSMIC=COSG101931|REGION=3UTR(-)|VARIANT=1:154165884_C>G|ALT_INDEX=1|TX_POS=2056|TX_CHANGE=G>C|G_CHANGE_CLASS=from_G	TPM3	714	ENST00000651641.1	-	COSG101931	3UTR(-)	6127	28	53	3	y	ok
566	GENE=TPM3|GENE_NO=714|TRANSCRIPT=ENST00000651641.1|STRAND=-|COSMIC=COSG101931|REGION=3UTR(-)|VARIANT=1:154166938_C>T|ALT_INDEX=1|TX_POS=1002|TX_CHANGE=G>A|G_CHANGE_CLASS=from_G	TPM3	714	ENST00000651641.1	-	COSG101931	3UTR(-)	6127	28	53	3	y	ok
567	GENE=TPM3|GENE_NO=714|TRANSCRIPT=ENST00000651641.1|STRAND=-|COSMIC=COSG101931|REGION=3UTR(-)|VARIANT=1:154167654_C>G|ALT_INDEX=1|TX_POS=286|TX_CHANGE=G>C|G_CHANGE_CLASS=from_G	TPM3	714	ENST00000651641.1	-	COSG101931	3UTR(-)	6127	28	53	3	y	ok
568	GENE=TPM3|GENE_NO=714|TRANSCRIPT=ENST00000651641.1|STRAND=-|COSMIC=COSG101931|REGION=3UTR(-)|VARIANT=1:154167683_C>T|ALT_INDEX=1|TX_POS=257|TX_CHANGE=G>A|G_CHANGE_CLASS=from_G	TPM3	714	ENST00000651641.1	-	COSG101931	3UTR(-)	6127	28	53	3	y	ok
569	GENE=TPM3|GENE_NO=714|TRANSCRIPT=ENST00000651641.1|STRAND=-|COSMIC=COSG101931|REGION=3UTR(-)|VARIANT=1:154167849_C>A|ALT_INDEX=1|TX_POS=91|TX_CHANGE=G>T|G_CHANGE_CLASS=from_G	TPM3	714	ENST00000651641.1	-	COSG101931	3UTR(-)	6127	28	53	3	y	ok
570	GENE=TPR|GENE_NO=716|TRANSCRIPT=ENST00000367478.9|STRAND=-|COSMIC=COSG113909|REGION=3UTR(-)|VARIANT=1:186312238_C>T|ALT_INDEX=1|TX_POS=1736|TX_CHANGE=G>A|G_CHANGE_CLASS=from_G	TPR	716	ENST00000367478.9	-	COSG113909	3UTR(-)	2322	2	32	2	y	ok
571	GENE=TPR|GENE_NO=716|TRANSCRIPT=ENST00000367478.9|STRAND=-|COSMIC=COSG113909|REGION=3UTR(-)|VARIANT=1:186312345_C>T|ALT_INDEX=1|TX_POS=1629|TX_CHANGE=G>A|G_CHANGE_CLASS=from_G	TPR	716	ENST00000367478.9	-	COSG113909	3UTR(-)	2322	2	34	2	y	ok
572	GENE=TRIM27|GENE_NO=722|TRANSCRIPT=ENST00000377199.4|STRAND=-|COSMIC=COSG92877|REGION=3UTR(-)|VARIANT=6:28903198_C>A|ALT_INDEX=1|TX_POS=875|TX_CHANGE=G>T|G_CHANGE_CLASS=from_G	TRIM27	722	ENST00000377199.4	-	COSG92877	3UTR(-)	1071	6	34	2	y	ok
573	GENE=TRIM27|GENE_NO=722|TRANSCRIPT=ENST00000377199.4|STRAND=-|COSMIC=COSG92877|REGION=3UTR(-)|VARIANT=6:28903198_C>G|ALT_INDEX=1|TX_POS=875|TX_CHANGE=G>C|G_CHANGE_CLASS=from_G	TRIM27	722	ENST00000377199.4	-	COSG92877	3UTR(-)	1071	6	34	2	y	ok
574	GENE=TRRAP|GENE_NO=725|TRANSCRIPT=ENST00000456197.2|STRAND=+|COSMIC=COSG67046|REGION=3UTR(+)|VARIANT=7:99012500_G>T|ALT_INDEX=1|TX_POS=148|TX_CHANGE=G>T|G_CHANGE_CLASS=from_G	TRRAP	725	ENST00000456197.2	+	COSG67046	3UTR(+)	889	5	34	2	y	ok
575	GENE=TSC1|GENE_NO=726|TRANSCRIPT=ENST00000298552.9|STRAND=-|COSMIC=COSG74466|REGION=3UTR(-)|VARIANT=9:132891850_C>A|ALT_INDEX=1|TX_POS=4388|TX_CHANGE=G>T|G_CHANGE_CLASS=from_G	TSC1	726	ENST00000298552.9	-	COSG74466	3UTR(-)	4889	28	54	3	y	ok
576	GENE=TSC1|GENE_NO=726|TRANSCRIPT=ENST00000298552.9|STRAND=-|COSMIC=COSG74466|REGION=3UTR(-)|VARIANT=9:132892238_C>T|ALT_INDEX=1|TX_POS=4000|TX_CHANGE=G>A|G_CHANGE_CLASS=from_G	TSC1	726	ENST00000298552.9	-	COSG74466	3UTR(-)	4889	28	54	3	y	ok
577	GENE=TSC1|GENE_NO=726|TRANSCRIPT=ENST00000298552.9|STRAND=-|COSMIC=COSG74466|REGION=3UTR(-)|VARIANT=9:132892963_T>C|ALT_INDEX=1|TX_POS=3275|TX_CHANGE=A>G|G_CHANGE_CLASS=to_G	TSC1	726	ENST00000298552.9	-	COSG74466	3UTR(-)	4889	28	54	3	y	ok
578	GENE=TSC1|GENE_NO=726|TRANSCRIPT=ENST00000298552.9|STRAND=-|COSMIC=COSG74466|REGION=3UTR(-)|VARIANT=9:132892975_C>G|ALT_INDEX=1|TX_POS=3263|TX_CHANGE=G>C|G_CHANGE_CLASS=from_G	TSC1	726	ENST00000298552.9	-	COSG74466	3UTR(-)	4889	28	36	2	y	ok
579	GENE=TSC1|GENE_NO=726|TRANSCRIPT=ENST00000298552.9|STRAND=-|COSMIC=COSG74466|REGION=3UTR(-)|VARIANT=9:132892977_C>G|ALT_INDEX=1|TX_POS=3261|TX_CHANGE=G>C|G_CHANGE_CLASS=from_G	TSC1	726	ENST00000298552.9	-	COSG74466	3UTR(-)	4889	28	36	2	y	ok
580	GENE=TSC1|GENE_NO=726|TRANSCRIPT=ENST00000298552.9|STRAND=-|COSMIC=COSG74466|REGION=3UTR(-)|VARIANT=9:132892995_C>A|ALT_INDEX=1|TX_POS=3243|TX_CHANGE=G>T|G_CHANGE_CLASS=from_G	TSC1	726	ENST00000298552.9	-	COSG74466	3UTR(-)	4889	27	36	2	y	ok
581	GENE=TSC1|GENE_NO=726|TRANSCRIPT=ENST00000298552.9|STRAND=-|COSMIC=COSG74466|REGION=3UTR(-)|VARIANT=9:132892996_C>A|ALT_INDEX=1|TX_POS=3242|TX_CHANGE=G>T|G_CHANGE_CLASS=from_G	TSC1	726	ENST00000298552.9	-	COSG74466	3UTR(-)	4889	28	36	2	y	ok
582	GENE=TSC1|GENE_NO=726|TRANSCRIPT=ENST00000298552.9|STRAND=-|COSMIC=COSG74466|REGION=3UTR(-)|VARIANT=9:132893065_C>T|ALT_INDEX=1|TX_POS=3173|TX_CHANGE=G>A|G_CHANGE_CLASS=from_G	TSC1	726	ENST00000298552.9	-	COSG74466	3UTR(-)	4889	28	54	3	y	ok
583	GENE=TSC1|GENE_NO=726|TRANSCRIPT=ENST00000298552.9|STRAND=-|COSMIC=COSG74466|REGION=3UTR(-)|VARIANT=9:132893331_C>A|ALT_INDEX=1|TX_POS=2907|TX_CHANGE=G>T|G_CHANGE_CLASS=from_G	TSC1	726	ENST00000298552.9	-	COSG74466	3UTR(-)	4889	28	54	3	y	ok
584	GENE=TSC1|GENE_NO=726|TRANSCRIPT=ENST00000298552.9|STRAND=-|COSMIC=COSG74466|REGION=3UTR(-)|VARIANT=9:132893527_C>G|ALT_INDEX=1|TX_POS=2711|TX_CHANGE=G>C|G_CHANGE_CLASS=from_G	TSC1	726	ENST00000298552.9	-	COSG74466	3UTR(-)	4889	28	54	3	y	ok
585	GENE=TSC1|GENE_NO=726|TRANSCRIPT=ENST00000298552.9|STRAND=-|COSMIC=COSG74466|REGION=3UTR(-)|VARIANT=9:132894265_C>T|ALT_INDEX=1|TX_POS=1973|TX_CHANGE=G>A|G_CHANGE_CLASS=from_G	TSC1	726	ENST00000298552.9	-	COSG74466	3UTR(-)	4889	28	54	3	y	ok
586	GENE=TSC1|GENE_NO=726|TRANSCRIPT=ENST00000298552.9|STRAND=-|COSMIC=COSG74466|REGION=3UTR(-)|VARIANT=9:132894555_C>T|ALT_INDEX=1|TX_POS=1683|TX_CHANGE=G>A|G_CHANGE_CLASS=from_G	TSC1	726	ENST00000298552.9	-	COSG74466	3UTR(-)	4889	28	54	3	y	ok
587	GENE=TSC1|GENE_NO=726|TRANSCRIPT=ENST00000298552.9|STRAND=-|COSMIC=COSG74466|REGION=3UTR(-)|VARIANT=9:132894761_C>T|ALT_INDEX=1|TX_POS=1477|TX_CHANGE=G>A|G_CHANGE_CLASS=from_G	TSC1	726	ENST00000298552.9	-	COSG74466	3UTR(-)	4889	28	54	3	y	ok
588	GENE=TSC1|GENE_NO=726|TRANSCRIPT=ENST00000298552.9|STRAND=-|COSMIC=COSG74466|REGION=3UTR(-)|VARIANT=9:132894863_A>C|ALT_INDEX=1|TX_POS=1375|TX_CHANGE=T>G|G_CHANGE_CLASS=to_G	TSC1	726	ENST00000298552.9	-	COSG74466	3UTR(-)	4889	28	54	3	y	ok
589	GENE=TSC1|GENE_NO=726|TRANSCRIPT=ENST00000298552.9|STRAND=-|COSMIC=COSG74466|REGION=3UTR(-)|VARIANT=9:132895020_C>T|ALT_INDEX=1|TX_POS=1218|TX_CHANGE=G>A|G_CHANGE_CLASS=from_G	TSC1	726	ENST00000298552.9	-	COSG74466	3UTR(-)	4889	28	54	3	y	ok
590	GENE=TSC1|GENE_NO=726|TRANSCRIPT=ENST00000298552.9|STRAND=-|COSMIC=COSG74466|REGION=3UTR(-)|VARIANT=9:132895183_C>T|ALT_INDEX=1|TX_POS=1055|TX_CHANGE=G>A|G_CHANGE_CLASS=from_G	TSC1	726	ENST00000298552.9	-	COSG74466	3UTR(-)	4889	28	54	3	y	ok
591	GENE=TSC1|GENE_NO=726|TRANSCRIPT=ENST00000298552.9|STRAND=-|COSMIC=COSG74466|REGION=3UTR(-)|VARIANT=9:132895558_C>G|ALT_INDEX=1|TX_POS=680|TX_CHANGE=G>C|G_CHANGE_CLASS=from_G	TSC1	726	ENST00000298552.9	-	COSG74466	3UTR(-)	4889	28	54	3	y	ok
592	GENE=TSC1|GENE_NO=726|TRANSCRIPT=ENST00000298552.9|STRAND=-|COSMIC=COSG74466|REGION=3UTR(-)|VARIANT=9:132895787_C>T|ALT_INDEX=1|TX_POS=451|TX_CHANGE=G>A|G_CHANGE_CLASS=from_G	TSC1	726	ENST00000298552.9	-	COSG74466	3UTR(-)	4889	28	54	3	y	ok
593	GENE=TSC1|GENE_NO=726|TRANSCRIPT=ENST00000298552.9|STRAND=-|COSMIC=COSG74466|REGION=3UTR(-)|VARIANT=9:132896119_T>C|ALT_INDEX=1|TX_POS=119|TX_CHANGE=A>G|G_CHANGE_CLASS=to_G	TSC1	726	ENST00000298552.9	-	COSG74466	3UTR(-)	4889	28	54	3	y	ok
594	GENE=TSC1|GENE_NO=726|TRANSCRIPT=ENST00000298552.9|STRAND=-|COSMIC=COSG74466|REGION=3UTR(-)|VARIANT=9:132896197_C>A|ALT_INDEX=1|TX_POS=41|TX_CHANGE=G>T|G_CHANGE_CLASS=from_G	TSC1	726	ENST00000298552.9	-	COSG74466	3UTR(-)	4889	27	54	3	y	ok
595	GENE=TSC2|GENE_NO=727|TRANSCRIPT=ENST00000219476.9|STRAND=+|COSMIC=COSG57978|REGION=3UTR(+)|VARIANT=16:2088611_G>A|ALT_INDEX=1|TX_POS=4|TX_CHANGE=G>A|G_CHANGE_CLASS=from_G	TSC2	727	ENST00000219476.9	+	COSG57978	3UTR(+)	884	7	58	3	y	ok
596	GENE=TSC2|GENE_NO=727|TRANSCRIPT=ENST00000219476.9|STRAND=+|COSMIC=COSG57978|REGION=3UTR(+)|VARIANT=16:2088611_G>C|ALT_INDEX=1|TX_POS=4|TX_CHANGE=G>C|G_CHANGE_CLASS=from_G	TSC2	727	ENST00000219476.9	+	COSG57978	3UTR(+)	884	7	58	3	y	ok
597	GENE=TSC2|GENE_NO=727|TRANSCRIPT=ENST00000219476.9|STRAND=+|COSMIC=COSG57978|REGION=3UTR(+)|VARIANT=16:2088614_C>G|ALT_INDEX=1|TX_POS=7|TX_CHANGE=C>G|G_CHANGE_CLASS=to_G	TSC2	727	ENST00000219476.9	+	COSG57978	3UTR(+)	884	7	58	3	y	ok
598	GENE=TSC2|GENE_NO=727|TRANSCRIPT=ENST00000219476.9|STRAND=+|COSMIC=COSG57978|REGION=3UTR(+)|VARIANT=16:2088615_G>A|ALT_INDEX=1|TX_POS=8|TX_CHANGE=G>A|G_CHANGE_CLASS=from_G	TSC2	727	ENST00000219476.9	+	COSG57978	3UTR(+)	884	7	58	3	y	ok
599	GENE=TSC2|GENE_NO=727|TRANSCRIPT=ENST00000219476.9|STRAND=+|COSMIC=COSG57978|REGION=3UTR(+)|VARIANT=16:2088615_G>T|ALT_INDEX=1|TX_POS=8|TX_CHANGE=G>T|G_CHANGE_CLASS=from_G	TSC2	727	ENST00000219476.9	+	COSG57978	3UTR(+)	884	7	58	3	y	ok
600	GENE=TSC2|GENE_NO=727|TRANSCRIPT=ENST00000219476.9|STRAND=+|COSMIC=COSG57978|REGION=3UTR(+)|VARIANT=16:2088616_G>A|ALT_INDEX=1|TX_POS=9|TX_CHANGE=G>A|G_CHANGE_CLASS=from_G	TSC2	727	ENST00000219476.9	+	COSG57978	3UTR(+)	884	7	58	3	y	ok
601	GENE=TSC2|GENE_NO=727|TRANSCRIPT=ENST00000219476.9|STRAND=+|COSMIC=COSG57978|REGION=3UTR(+)|VARIANT=16:2088616_G>C|ALT_INDEX=1|TX_POS=9|TX_CHANGE=G>C|G_CHANGE_CLASS=from_G	TSC2	727	ENST00000219476.9	+	COSG57978	3UTR(+)	884	7	58	3	y	ok
602	GENE=TSC2|GENE_NO=727|TRANSCRIPT=ENST00000219476.9|STRAND=+|COSMIC=COSG57978|REGION=3UTR(+)|VARIANT=16:2088617_G>A|ALT_INDEX=1|TX_POS=10|TX_CHANGE=G>A|G_CHANGE_CLASS=from_G	TSC2	727	ENST00000219476.9	+	COSG57978	3UTR(+)	884	7	58	3	y	ok
603	GENE=TSC2|GENE_NO=727|TRANSCRIPT=ENST00000219476.9|STRAND=+|COSMIC=COSG57978|REGION=3UTR(+)|VARIANT=16:2088617_G>C|ALT_INDEX=1|TX_POS=10|TX_CHANGE=G>C|G_CHANGE_CLASS=from_G	TSC2	727	ENST00000219476.9	+	COSG57978	3UTR(+)	884	7	58	3	y	ok
604	GENE=TSC2|GENE_NO=727|TRANSCRIPT=ENST00000219476.9|STRAND=+|COSMIC=COSG57978|REGION=3UTR(+)|VARIANT=16:2088617_G>T|ALT_INDEX=1|TX_POS=10|TX_CHANGE=G>T|G_CHANGE_CLASS=from_G	TSC2	727	ENST00000219476.9	+	COSG57978	3UTR(+)	884	7	58	3	y	ok
605	GENE=TSC2|GENE_NO=727|TRANSCRIPT=ENST00000219476.9|STRAND=+|COSMIC=COSG57978|REGION=3UTR(+)|VARIANT=16:2088618_G>A|ALT_INDEX=1|TX_POS=11|TX_CHANGE=G>A|G_CHANGE_CLASS=from_G	TSC2	727	ENST00000219476.9	+	COSG57978	3UTR(+)	884	7	58	3	y	ok
606	GENE=TSC2|GENE_NO=727|TRANSCRIPT=ENST00000219476.9|STRAND=+|COSMIC=COSG57978|REGION=3UTR(+)|VARIANT=16:2088620_C>G|ALT_INDEX=1|TX_POS=13|TX_CHANGE=C>G|G_CHANGE_CLASS=to_G	TSC2	727	ENST00000219476.9	+	COSG57978	3UTR(+)	884	7	58	3	y	ok
607	GENE=TSC2|GENE_NO=727|TRANSCRIPT=ENST00000219476.9|STRAND=+|COSMIC=COSG57978|REGION=3UTR(+)|VARIANT=16:2088622_T>G|ALT_INDEX=1|TX_POS=15|TX_CHANGE=T>G|G_CHANGE_CLASS=to_G	TSC2	727	ENST00000219476.9	+	COSG57978	3UTR(+)	884	7	58	3	y	ok
608	GENE=TSC2|GENE_NO=727|TRANSCRIPT=ENST00000219476.9|STRAND=+|COSMIC=COSG57978|REGION=3UTR(+)|VARIANT=16:2088636_G>A|ALT_INDEX=1|TX_POS=29|TX_CHANGE=G>A|G_CHANGE_CLASS=from_G	TSC2	727	ENST00000219476.9	+	COSG57978	3UTR(+)	884	7	58	3	y	ok
609	GENE=TSHR|GENE_NO=728|TRANSCRIPT=ENST00000298171.7|STRAND=+|COSMIC=COSG90928|REGION=3UTR(+)|VARIANT=14:81144469_G>A|ALT_INDEX=1|TX_POS=119|TX_CHANGE=G>A|G_CHANGE_CLASS=from_G	TSHR	728	ENST00000298171.7	+	COSG90928	3UTR(+)	1956	2	34	2	y	ok
610	GENE=TSHR|GENE_NO=728|TRANSCRIPT=ENST00000298171.7|STRAND=+|COSMIC=COSG90928|REGION=3UTR(+)|VARIANT=14:81144478_A>G|ALT_INDEX=1|TX_POS=128|TX_CHANGE=A>G|G_CHANGE_CLASS=to_G	TSHR	728	ENST00000298171.7	+	COSG90928	3UTR(+)	1956	2	34	2	y	ok
611	GENE=TSHR|GENE_NO=728|TRANSCRIPT=ENST00000298171.7|STRAND=+|COSMIC=COSG90928|REGION=3UTR(+)|VARIANT=14:81145973_C>G|ALT_INDEX=1|TX_POS=1623|TX_CHANGE=C>G|G_CHANGE_CLASS=to_G	TSHR	728	ENST00000298171.7	+	COSG90928	3UTR(+)	1956	2	34	2	y	ok
612	GENE=USP8|GENE_NO=734|TRANSCRIPT=ENST00000307179.9|STRAND=+|COSMIC=COSG87291|REGION=3UTR(+)|VARIANT=15:50500812_C>G|ALT_INDEX=1|TX_POS=1727|TX_CHANGE=C>G|G_CHANGE_CLASS=to_G	USP8	734	ENST00000307179.9	+	COSG87291	3UTR(+)	15336	55	61	3	y	ok
613	GENE=VHL|GENE_NO=737|TRANSCRIPT=ENST00000256474.3|STRAND=+|COSMIC=COSG111666|REGION=3UTR(+)|VARIANT=3:10150397_C>G|ALT_INDEX=1|TX_POS=435|TX_CHANGE=C>G|G_CHANGE_CLASS=to_G	VHL	737	ENST00000256474.3	+	COSG111666	3UTR(+)	3705	16	62	3	y	ok
614	GENE=VHL|GENE_NO=737|TRANSCRIPT=ENST00000256474.3|STRAND=+|COSMIC=COSG111666|REGION=3UTR(+)|VARIANT=3:10150413_G>T|ALT_INDEX=1|TX_POS=451|TX_CHANGE=G>T|G_CHANGE_CLASS=from_G	VHL	737	ENST00000256474.3	+	COSG111666	3UTR(+)	3705	16	62	3	y	ok
615	GENE=VHL|GENE_NO=737|TRANSCRIPT=ENST00000256474.3|STRAND=+|COSMIC=COSG111666|REGION=3UTR(+)|VARIANT=3:10150417_G>A|ALT_INDEX=1|TX_POS=455|TX_CHANGE=G>A|G_CHANGE_CLASS=from_G	VHL	737	ENST00000256474.3	+	COSG111666	3UTR(+)	3705	16	62	3	y	ok
616	GENE=VHL|GENE_NO=737|TRANSCRIPT=ENST00000256474.3|STRAND=+|COSMIC=COSG111666|REGION=3UTR(+)|VARIANT=3:10150562_G>A|ALT_INDEX=1|TX_POS=600|TX_CHANGE=G>A|G_CHANGE_CLASS=from_G	VHL	737	ENST00000256474.3	+	COSG111666	3UTR(+)	3705	16	36	2	y	ok
617	GENE=VHL|GENE_NO=737|TRANSCRIPT=ENST00000256474.3|STRAND=+|COSMIC=COSG111666|REGION=3UTR(+)|VARIANT=3:10151214_G>A|ALT_INDEX=1|TX_POS=1252|TX_CHANGE=G>A|G_CHANGE_CLASS=from_G	VHL	737	ENST00000256474.3	+	COSG111666	3UTR(+)	3705	16	62	3	y	ok
618	GENE=VHL|GENE_NO=737|TRANSCRIPT=ENST00000256474.3|STRAND=+|COSMIC=COSG111666|REGION=3UTR(+)|VARIANT=3:10151794_G>A|ALT_INDEX=1|TX_POS=1832|TX_CHANGE=G>A|G_CHANGE_CLASS=from_G	VHL	737	ENST00000256474.3	+	COSG111666	3UTR(+)	3705	16	62	3	y	ok
619	GENE=VHL|GENE_NO=737|TRANSCRIPT=ENST00000256474.3|STRAND=+|COSMIC=COSG111666|REGION=3UTR(+)|VARIANT=3:10151955_G>A|ALT_INDEX=1|TX_POS=1993|TX_CHANGE=G>A|G_CHANGE_CLASS=from_G	VHL	737	ENST00000256474.3	+	COSG111666	3UTR(+)	3705	16	62	3	y	ok
620	GENE=VHL|GENE_NO=737|TRANSCRIPT=ENST00000256474.3|STRAND=+|COSMIC=COSG111666|REGION=3UTR(+)|VARIANT=3:10152536_A>G|ALT_INDEX=1|TX_POS=2574|TX_CHANGE=A>G|G_CHANGE_CLASS=to_G	VHL	737	ENST00000256474.3	+	COSG111666	3UTR(+)	3705	16	62	3	y	ok
621	GENE=VHL|GENE_NO=737|TRANSCRIPT=ENST00000256474.3|STRAND=+|COSMIC=COSG111666|REGION=3UTR(+)|VARIANT=3:10152681_G>A|ALT_INDEX=1|TX_POS=2719|TX_CHANGE=G>A|G_CHANGE_CLASS=from_G	VHL	737	ENST00000256474.3	+	COSG111666	3UTR(+)	3705	16	62	3	y	ok
622	GENE=VHL|GENE_NO=737|TRANSCRIPT=ENST00000256474.3|STRAND=+|COSMIC=COSG111666|REGION=3UTR(+)|VARIANT=3:10152703_G>A|ALT_INDEX=1|TX_POS=2741|TX_CHANGE=G>A|G_CHANGE_CLASS=from_G	VHL	737	ENST00000256474.3	+	COSG111666	3UTR(+)	3705	16	62	3	y	ok
623	GENE=VHL|GENE_NO=737|TRANSCRIPT=ENST00000256474.3|STRAND=+|COSMIC=COSG111666|REGION=3UTR(+)|VARIANT=3:10152902_G>A|ALT_INDEX=1|TX_POS=2940|TX_CHANGE=G>A|G_CHANGE_CLASS=from_G	VHL	737	ENST00000256474.3	+	COSG111666	3UTR(+)	3705	16	62	3	y	ok
624	GENE=VHL|GENE_NO=737|TRANSCRIPT=ENST00000256474.3|STRAND=+|COSMIC=COSG111666|REGION=3UTR(+)|VARIANT=3:10153187_A>G|ALT_INDEX=1|TX_POS=3225|TX_CHANGE=A>G|G_CHANGE_CLASS=to_G	VHL	737	ENST00000256474.3	+	COSG111666	3UTR(+)	3705	16	62	3	y	ok
625	GENE=WT1|GENE_NO=744|TRANSCRIPT=ENST00000452863.10|STRAND=-|COSMIC=COSG61501|REGION=3UTR(-)|VARIANT=11:32388155_C>T|ALT_INDEX=1|TX_POS=906|TX_CHANGE=G>A|G_CHANGE_CLASS=from_G	WT1	744	ENST00000452863.10	-	COSG61501	3UTR(-)	1286	5	34	2	y	ok
626	GENE=WT1|GENE_NO=744|TRANSCRIPT=ENST00000452863.10|STRAND=-|COSMIC=COSG61501|REGION=3UTR(-)|VARIANT=11:32388161_C>G|ALT_INDEX=1|TX_POS=900|TX_CHANGE=G>C|G_CHANGE_CLASS=from_G	WT1	744	ENST00000452863.10	-	COSG61501	3UTR(-)	1286	5	34	2	y	ok
627	GENE=WT1|GENE_NO=744|TRANSCRIPT=ENST00000452863.10|STRAND=-|COSMIC=COSG61501|REGION=3UTR(-)|VARIANT=11:32388516_C>T|ALT_INDEX=1|TX_POS=545|TX_CHANGE=G>A|G_CHANGE_CLASS=from_G	WT1	744	ENST00000452863.10	-	COSG61501	3UTR(-)	1286	6	34	2	y	ok
628	GENE=WT1|GENE_NO=744|TRANSCRIPT=ENST00000452863.10|STRAND=-|COSMIC=COSG61501|REGION=3UTR(-)|VARIANT=11:32388665_C>A|ALT_INDEX=1|TX_POS=396|TX_CHANGE=G>T|G_CHANGE_CLASS=from_G	WT1	744	ENST00000452863.10	-	COSG61501	3UTR(-)	1286	6	34	2	y	ok
629	GENE=WT1|GENE_NO=744|TRANSCRIPT=ENST00000452863.10|STRAND=-|COSMIC=COSG61501|REGION=3UTR(-)|VARIANT=11:32388677_C>A|ALT_INDEX=1|TX_POS=384|TX_CHANGE=G>T|G_CHANGE_CLASS=from_G	WT1	744	ENST00000452863.10	-	COSG61501	3UTR(-)	1286	5	34	2	y	ok
630	GENE=WT1|GENE_NO=744|TRANSCRIPT=ENST00000452863.10|STRAND=-|COSMIC=COSG61501|REGION=3UTR(-)|VARIANT=11:32388704_C>A|ALT_INDEX=1|TX_POS=357|TX_CHANGE=G>T|G_CHANGE_CLASS=from_G	WT1	744	ENST00000452863.10	-	COSG61501	3UTR(-)	1286	5	34	2	y	ok
631	GENE=WT1|GENE_NO=744|TRANSCRIPT=ENST00000452863.10|STRAND=-|COSMIC=COSG61501|REGION=3UTR(-)|VARIANT=11:32388899_C>G|ALT_INDEX=1|TX_POS=162|TX_CHANGE=G>C|G_CHANGE_CLASS=from_G	WT1	744	ENST00000452863.10	-	COSG61501	3UTR(-)	1286	6	33	2	y	ok
632	GENE=WT1|GENE_NO=744|TRANSCRIPT=ENST00000452863.10|STRAND=-|COSMIC=COSG61501|REGION=3UTR(-)|VARIANT=11:32388920_C>T|ALT_INDEX=1|TX_POS=141|TX_CHANGE=G>A|G_CHANGE_CLASS=from_G	WT1	744	ENST00000452863.10	-	COSG61501	3UTR(-)	1286	6	34	2	y	ok
633	GENE=WT1|GENE_NO=744|TRANSCRIPT=ENST00000452863.10|STRAND=-|COSMIC=COSG61501|REGION=3UTR(-)|VARIANT=11:32389042_C>A|ALT_INDEX=1|TX_POS=19|TX_CHANGE=G>T|G_CHANGE_CLASS=from_G	WT1	744	ENST00000452863.10	-	COSG61501	3UTR(-)	1286	6	34	2	y	ok
634	GENE=WT1|GENE_NO=744|TRANSCRIPT=ENST00000452863.10|STRAND=-|COSMIC=COSG61501|REGION=3UTR(-)|VARIANT=11:32389055_C>T|ALT_INDEX=1|TX_POS=6|TX_CHANGE=G>A|G_CHANGE_CLASS=from_G	WT1	744	ENST00000452863.10	-	COSG61501	3UTR(-)	1286	6	34	2	y	ok
635	GENE=WT1|GENE_NO=744|TRANSCRIPT=ENST00000452863.10|STRAND=-|COSMIC=COSG61501|REGION=3UTR(-)|VARIANT=11:32389056_C>T|ALT_INDEX=1|TX_POS=5|TX_CHANGE=G>A|G_CHANGE_CLASS=from_G	WT1	744	ENST00000452863.10	-	COSG61501	3UTR(-)	1286	6	34	2	y	ok
636	GENE=XPC|GENE_NO=747|TRANSCRIPT=ENST00000285021.12|STRAND=-|COSMIC=COSG95459|REGION=3UTR(-)|VARIANT=3:14145489_C>T|ALT_INDEX=1|TX_POS=455|TX_CHANGE=G>A|G_CHANGE_CLASS=from_G	XPC	747	ENST00000285021.12	-	COSG95459	3UTR(-)	797	3	36	2	y	ok
637	GENE=XPC|GENE_NO=747|TRANSCRIPT=ENST00000285021.12|STRAND=-|COSMIC=COSG95459|REGION=3UTR(-)|VARIANT=3:14145852_C>G|ALT_INDEX=1|TX_POS=92|TX_CHANGE=G>C|G_CHANGE_CLASS=from_G	XPC	747	ENST00000285021.12	-	COSG95459	3UTR(-)	797	4	35	2	y	ok
638	GENE=ZFHX3|GENE_NO=754|TRANSCRIPT=ENST00000268489.10|STRAND=-|COSMIC=COSG106670|REGION=3UTR(-)|VARIANT=16:72784175_C>T|ALT_INDEX=1|TX_POS=2992|TX_CHANGE=G>A|G_CHANGE_CLASS=from_G	ZFHX3	754	ENST00000268489.10	-	COSG106670	3UTR(-)	4282	9	59	3	y	ok
