SEQUENCE_ID	HEADER	GENE	GENE_NO	TRANSCRIPT	STRAND	COSMIC	REGION	INPUT_SEQUENCE_LENGTH	QGRS_COUNT	MAX_GSCORE	MAX_TETRADS	HAS_QGRS
1	GENE=A1CF|GENE_NO=1|TRANSCRIPT=ENST00000373997.8|STRAND=-|COSMIC=COSG68236|REGION=TSS_UPSTREAM500(-)	A1CF	1	ENST00000373997.8	-	COSG68236	TSS_UPSTREAM500(-)	500	1	32	2	y
2	GENE=ABI1|GENE_NO=2|TRANSCRIPT=ENST00000376140.4|STRAND=-|COSMIC=COSG100962|REGION=TSS_UPSTREAM500(-)	ABI1	2	ENST00000376140.4	-	COSG100962	TSS_UPSTREAM500(-)	500	3	50	3	y
3	GENE=ABL1|GENE_NO=3|TRANSCRIPT=ENST00000318560.6|STRAND=+|COSMIC=COSG106650|REGION=TSS_UPSTREAM500(+)	ABL1	3	ENST00000318560.6	+	COSG106650	TSS_UPSTREAM500(+)	500	1	63	3	y
4	GENE=ABL2|GENE_NO=4|TRANSCRIPT=ENST00000502732.6|STRAND=-|COSMIC=COSG93778|REGION=TSS_UPSTREAM500(-)	ABL2	4	ENST00000502732.6	-	COSG93778	TSS_UPSTREAM500(-)	500	2	74	4	y
5	GENE=ACKR3|GENE_NO=5|TRANSCRIPT=ENST00000272928.4|STRAND=+|COSMIC=COSG97311|REGION=TSS_UPSTREAM500(+)	ACKR3	5	ENST00000272928.4	+	COSG97311	TSS_UPSTREAM500(+)	500	3	58	3	y
6	GENE=ACSL3|GENE_NO=6|TRANSCRIPT=ENST00000357430.8|STRAND=+|COSMIC=COSG110896|REGION=TSS_UPSTREAM500(+)	ACSL3	6	ENST00000357430.8	+	COSG110896	TSS_UPSTREAM500(+)	500	3	35	2	y
7	GENE=ACSL6|GENE_NO=7|TRANSCRIPT=ENST00000651883.2|STRAND=-|COSMIC=COSG111804|REGION=TSS_UPSTREAM500(-)	ACSL6	7	ENST00000651883.2	-	COSG111804	TSS_UPSTREAM500(-)	500	4	63	3	y
8	GENE=ACVR1|GENE_NO=8|TRANSCRIPT=ENST00000434821.7|STRAND=-|COSMIC=COSG104387|REGION=TSS_UPSTREAM500(-)	ACVR1	8	ENST00000434821.7	-	COSG104387	TSS_UPSTREAM500(-)	500	3	60	3	y
9	GENE=ACVR1B|GENE_NO=9|TRANSCRIPT=ENST00000257963.9|STRAND=+|COSMIC=COSG87372|REGION=TSS_UPSTREAM500(+)	ACVR1B	9	ENST00000257963.9	+	COSG87372	TSS_UPSTREAM500(+)	500	3	64	3	y
10	GENE=ACVR2A|GENE_NO=10|TRANSCRIPT=ENST00000241416.12|STRAND=+|COSMIC=COSG109828|REGION=TSS_UPSTREAM500(+)	ACVR2A	10	ENST00000241416.12	+	COSG109828	TSS_UPSTREAM500(+)	500	4	35	2	y
11	GENE=AFDN|GENE_NO=11|TRANSCRIPT=ENST00000683244.1|STRAND=+|COSMIC=COSG74504|REGION=TSS_UPSTREAM500(+)	AFDN	11	ENST00000683244.1	+	COSG74504	TSS_UPSTREAM500(+)	500	2	64	3	y
12	GENE=AFF1|GENE_NO=12|TRANSCRIPT=ENST00000395146.9|STRAND=+|COSMIC=COSG69615|REGION=TSS_UPSTREAM500(+)	AFF1	12	ENST00000395146.9	+	COSG69615	TSS_UPSTREAM500(+)	500	3	70	4	y
13	GENE=AFF3|GENE_NO=13|TRANSCRIPT=ENST00000672756.2|STRAND=-|COSMIC=COSG86784|REGION=TSS_UPSTREAM500(-)	AFF3	13	ENST00000672756.2	-	COSG86784	TSS_UPSTREAM500(-)	500	3	34	2	y
14	GENE=AFF4|GENE_NO=14|TRANSCRIPT=ENST00000265343.10|STRAND=-|COSMIC=COSG73994|REGION=TSS_UPSTREAM500(-)	AFF4	14	ENST00000265343.10	-	COSG73994	TSS_UPSTREAM500(-)	500	2	35	2	y
15	GENE=AKAP9|GENE_NO=15|TRANSCRIPT=ENST00000356239.8|STRAND=+|COSMIC=COSG89677|REGION=TSS_UPSTREAM500(+)	AKAP9	15	ENST00000356239.8	+	COSG89677	TSS_UPSTREAM500(+)	500	3	58	3	y
16	GENE=AKT1|GENE_NO=16|TRANSCRIPT=ENST00000649815.2|STRAND=-|COSMIC=COSG100756|REGION=TSS_UPSTREAM500(-)	AKT1	16	ENST00000649815.2	-	COSG100756	TSS_UPSTREAM500(-)	500	4	64	3	y
17	GENE=AKT2|GENE_NO=17|TRANSCRIPT=ENST00000392038.7|STRAND=-|COSMIC=COSG75261|REGION=TSS_UPSTREAM500(-)	AKT2	17	ENST00000392038.7	-	COSG75261	TSS_UPSTREAM500(-)	500	2	96	5	y
18	GENE=AKT3|GENE_NO=18|TRANSCRIPT=ENST00000673466.1|STRAND=-|COSMIC=COSG82568|REGION=TSS_UPSTREAM500(-)	AKT3	18	ENST00000673466.1	-	COSG82568	TSS_UPSTREAM500(-)	500	3	64	3	y
19	GENE=ALDH2|GENE_NO=19|TRANSCRIPT=ENST00000261733.7|STRAND=+|COSMIC=COSG78204|REGION=TSS_UPSTREAM500(+)	ALDH2	19	ENST00000261733.7	+	COSG78204	TSS_UPSTREAM500(+)	500	2	60	3	y
20	GENE=ALK|GENE_NO=20|TRANSCRIPT=ENST00000389048.8|STRAND=-|COSMIC=COSG59677|REGION=TSS_UPSTREAM500(-)	ALK	20	ENST00000389048.8	-	COSG59677	TSS_UPSTREAM500(-)	500	3	63	3	y
21	GENE=AMER1|GENE_NO=21|TRANSCRIPT=ENST00000374869.8|STRAND=-|COSMIC=COSG111928|REGION=TSS_UPSTREAM500(-)	AMER1	21	ENST00000374869.8	-	COSG111928	TSS_UPSTREAM500(-)	500	4	76	4	y
22	GENE=ANK1|GENE_NO=22|TRANSCRIPT=ENST00000289734.13|STRAND=-|COSMIC=COSG110999|REGION=TSS_UPSTREAM500(-)	ANK1	22	ENST00000289734.13	-	COSG110999	TSS_UPSTREAM500(-)	500	1	82	4	y
23	GENE=APC|GENE_NO=23|TRANSCRIPT=ENST00000257430.9|STRAND=+|COSMIC=COSG108961|REGION=TSS_UPSTREAM500(+)	APC	23	ENST00000257430.9	+	COSG108961	TSS_UPSTREAM500(+)	500	1	72	4	y
24	GENE=AR|GENE_NO=24|TRANSCRIPT=ENST00000374690.9|STRAND=+|COSMIC=COSG86691|REGION=TSS_UPSTREAM500(+)	AR	24	ENST00000374690.9	+	COSG86691	TSS_UPSTREAM500(+)	500	3	77	4	y
25	GENE=ARAF|GENE_NO=25|TRANSCRIPT=ENST00000377045.9|STRAND=+|COSMIC=COSG63174|REGION=TSS_UPSTREAM500(+)	ARAF	25	ENST00000377045.9	+	COSG63174	TSS_UPSTREAM500(+)	500	4	58	3	y
26	GENE=ARHGAP26|GENE_NO=26|TRANSCRIPT=ENST00000645722.2|STRAND=+|COSMIC=COSG66814|REGION=TSS_UPSTREAM500(+)	ARHGAP26	26	ENST00000645722.2	+	COSG66814	TSS_UPSTREAM500(+)	500	2	64	3	y
27	GENE=ARHGAP35|GENE_NO=27|TRANSCRIPT=ENST00000672722.1|STRAND=+|COSMIC=COSG59943|REGION=TSS_UPSTREAM500(+)	ARHGAP35	27	ENST00000672722.1	+	COSG59943	TSS_UPSTREAM500(+)	500	3	64	3	y
28	GENE=ARHGAP5|GENE_NO=28|TRANSCRIPT=ENST00000345122.8|STRAND=+|COSMIC=COSG113539|REGION=TSS_UPSTREAM500(+)	ARHGAP5	28	ENST00000345122.8	+	COSG113539	TSS_UPSTREAM500(+)	500	1	81	4	y
29	GENE=ARHGEF10|GENE_NO=29|TRANSCRIPT=ENST00000349830.8|STRAND=+|COSMIC=COSG72704|REGION=TSS_UPSTREAM500(+)	ARHGEF10	29	ENST00000349830.8	+	COSG72704	TSS_UPSTREAM500(+)	500	3	63	3	y
30	GENE=ARHGEF10L|GENE_NO=30|TRANSCRIPT=ENST00000361221.8|STRAND=+|COSMIC=COSG64462|REGION=TSS_UPSTREAM500(+)	ARHGEF10L	30	ENST00000361221.8	+	COSG64462	TSS_UPSTREAM500(+)	500	1	75	4	y
31	GENE=ARHGEF12|GENE_NO=31|TRANSCRIPT=ENST00000397843.7|STRAND=+|COSMIC=COSG109622|REGION=TSS_UPSTREAM500(+)	ARHGEF12	31	ENST00000397843.7	+	COSG109622	TSS_UPSTREAM500(+)	500	1	62	3	y
32	GENE=ARID1A|GENE_NO=32|TRANSCRIPT=ENST00000324856.13|STRAND=+|COSMIC=COSG71518|REGION=TSS_UPSTREAM500(+)	ARID1A	32	ENST00000324856.13	+	COSG71518	TSS_UPSTREAM500(+)	500	3	36	2	y
33	GENE=ARID1B|GENE_NO=33|TRANSCRIPT=ENST00000636930.2|STRAND=+|COSMIC=COSG107409|REGION=TSS_UPSTREAM500(+)	ARID1B	33	ENST00000636930.2	+	COSG107409	TSS_UPSTREAM500(+)	500	2	54	3	y
34	GENE=ARID2|GENE_NO=34|TRANSCRIPT=ENST00000334344.11|STRAND=+|COSMIC=COSG89256|REGION=TSS_UPSTREAM500(+)	ARID2	34	ENST00000334344.11	+	COSG89256	TSS_UPSTREAM500(+)	500	1	63	3	y
35	GENE=ARNT|GENE_NO=35|TRANSCRIPT=ENST00000358595.10|STRAND=-|COSMIC=COSG69731|REGION=TSS_UPSTREAM500(-)	ARNT	35	ENST00000358595.10	-	COSG69731	TSS_UPSTREAM500(-)	500	2	57	3	y
36	GENE=ASPM|GENE_NO=36|TRANSCRIPT=ENST00000367409.9|STRAND=-|COSMIC=COSG93625|REGION=TSS_UPSTREAM500(-)	ASPM	36	ENST00000367409.9	-	COSG93625	TSS_UPSTREAM500(-)	500	3	36	2	y
37	GENE=ASPSCR1|GENE_NO=37|TRANSCRIPT=ENST00000306739.9|STRAND=+|COSMIC=COSG109748|REGION=TSS_UPSTREAM500(+)	ASPSCR1	37	ENST00000306739.9	+	COSG109748	TSS_UPSTREAM500(+)	500	1	78	4	y
38	GENE=ASXL1|GENE_NO=38|TRANSCRIPT=ENST00000375687.10|STRAND=+|COSMIC=COSG63327|REGION=TSS_UPSTREAM500(+)	ASXL1	38	ENST00000375687.10	+	COSG63327	TSS_UPSTREAM500(+)	500	3	62	3	y
39	GENE=ASXL2|GENE_NO=39|TRANSCRIPT=ENST00000435504.9|STRAND=-|COSMIC=COSG71126|REGION=TSS_UPSTREAM500(-)	ASXL2	39	ENST00000435504.9	-	COSG71126	TSS_UPSTREAM500(-)	500	1	36	2	y
40	GENE=ATF1|GENE_NO=40|TRANSCRIPT=ENST00000262053.8|STRAND=+|COSMIC=COSG90645|REGION=TSS_UPSTREAM500(+)	ATF1	40	ENST00000262053.8	+	COSG90645	TSS_UPSTREAM500(+)	500	3	35	2	y
41	GENE=ATIC|GENE_NO=41|TRANSCRIPT=ENST00000236959.14|STRAND=+|COSMIC=COSG101434|REGION=TSS_UPSTREAM500(+)	ATIC	41	ENST00000236959.14	+	COSG101434	TSS_UPSTREAM500(+)	500	2	62	3	y
42	GENE=ATM|GENE_NO=42|TRANSCRIPT=ENST00000675843.1|STRAND=+|COSMIC=COSG89944|REGION=TSS_UPSTREAM500(+)	ATM	42	ENST00000675843.1	+	COSG89944	TSS_UPSTREAM500(+)	500	2	63	3	y
43	GENE=ATP1A1|GENE_NO=43|TRANSCRIPT=ENST00000295598.10|STRAND=+|COSMIC=COSG58843|REGION=TSS_UPSTREAM500(+)	ATP1A1	43	ENST00000295598.10	+	COSG58843	TSS_UPSTREAM500(+)	500	2	64	3	y
44	GENE=ATP2B3|GENE_NO=44|TRANSCRIPT=ENST00000263519.5|STRAND=+|COSMIC=COSG102707|REGION=TSS_UPSTREAM500(+)	ATP2B3	44	ENST00000263519.5	+	COSG102707	TSS_UPSTREAM500(+)	500	3	58	3	y
45	GENE=ATR|GENE_NO=45|TRANSCRIPT=ENST00000350721.9|STRAND=-|COSMIC=COSG73559|REGION=TSS_UPSTREAM500(-)	ATR	45	ENST00000350721.9	-	COSG73559	TSS_UPSTREAM500(-)	500	3	35	2	y
46	GENE=ATRX|GENE_NO=46|TRANSCRIPT=ENST00000373344.11|STRAND=-|COSMIC=COSG106026|REGION=TSS_UPSTREAM500(-)	ATRX	46	ENST00000373344.11	-	COSG106026	TSS_UPSTREAM500(-)	500	3	35	2	y
47	GENE=AXIN1|GENE_NO=47|TRANSCRIPT=ENST00000262320.8|STRAND=-|COSMIC=COSG75575|REGION=TSS_UPSTREAM500(-)	AXIN1	47	ENST00000262320.8	-	COSG75575	TSS_UPSTREAM500(-)	500	2	30	2	y
48	GENE=AXIN2|GENE_NO=48|TRANSCRIPT=ENST00000307078.10|STRAND=-|COSMIC=COSG96143|REGION=TSS_UPSTREAM500(-)	AXIN2	48	ENST00000307078.10	-	COSG96143	TSS_UPSTREAM500(-)	500	1	83	4	y
49	GENE=B2M|GENE_NO=49|TRANSCRIPT=ENST00000648006.3|STRAND=+|COSMIC=COSG79234|REGION=TSS_UPSTREAM500(+)	B2M	49	ENST00000648006.3	+	COSG79234	TSS_UPSTREAM500(+)	500	3	34	2	y
50	GENE=BAP1|GENE_NO=50|TRANSCRIPT=ENST00000460680.6|STRAND=-|COSMIC=COSG113385|REGION=TSS_UPSTREAM500(-)	BAP1	50	ENST00000460680.6	-	COSG113385	TSS_UPSTREAM500(-)	500	1	32	2	y
51	GENE=BARD1|GENE_NO=51|TRANSCRIPT=ENST00000260947.9|STRAND=-|COSMIC=COSG71483|REGION=TSS_UPSTREAM500(-)	BARD1	51	ENST00000260947.9	-	COSG71483	TSS_UPSTREAM500(-)	500	2	36	2	y
52	GENE=BAX|GENE_NO=52|TRANSCRIPT=ENST00000345358.12|STRAND=+|COSMIC=COSG106962|REGION=TSS_UPSTREAM500(+)	BAX	52	ENST00000345358.12	+	COSG106962	TSS_UPSTREAM500(+)	500	2	35	2	y
53	GENE=BAZ1A|GENE_NO=53|TRANSCRIPT=ENST00000360310.6|STRAND=-|COSMIC=COSG114282|REGION=TSS_UPSTREAM500(-)	BAZ1A	53	ENST00000360310.6	-	COSG114282	TSS_UPSTREAM500(-)	500	1	22	2	y
54	GENE=BCL10|GENE_NO=54|TRANSCRIPT=ENST00000648566.1|STRAND=-|COSMIC=COSG86862|REGION=TSS_UPSTREAM500(-)	BCL10	54	ENST00000648566.1	-	COSG86862	TSS_UPSTREAM500(-)	500	3	62	3	y
55	GENE=BCL11A|GENE_NO=55|TRANSCRIPT=ENST00000642384.2|STRAND=-|COSMIC=COSG82877|REGION=TSS_UPSTREAM500(-)	BCL11A	55	ENST00000642384.2	-	COSG82877	TSS_UPSTREAM500(-)	500	3	57	3	y
56	GENE=BCL11B|GENE_NO=56|TRANSCRIPT=ENST00000357195.8|STRAND=-|COSMIC=COSG102032|REGION=TSS_UPSTREAM500(-)	BCL11B	56	ENST00000357195.8	-	COSG102032	TSS_UPSTREAM500(-)	500	2	33	2	y
57	GENE=BCL2|GENE_NO=57|TRANSCRIPT=ENST00000333681.5|STRAND=-|COSMIC=COSG84340|REGION=TSS_UPSTREAM500(-)	BCL2	57	ENST00000333681.5	-	COSG84340	TSS_UPSTREAM500(-)	500	3	80	4	y
58	GENE=BCL2L12|GENE_NO=58|TRANSCRIPT=ENST00000246784.8|STRAND=+|COSMIC=COSG58663|REGION=TSS_UPSTREAM500(+)	BCL2L12	58	ENST00000246784.8	+	COSG58663	TSS_UPSTREAM500(+)	500	2	35	2	y
59	GENE=BCL3|GENE_NO=59|TRANSCRIPT=ENST00000164227.10|STRAND=+|COSMIC=COSG88188|REGION=TSS_UPSTREAM500(+)	BCL3	59	ENST00000164227.10	+	COSG88188	TSS_UPSTREAM500(+)	500	3	75	4	y
60	GENE=BCL6|GENE_NO=60|TRANSCRIPT=ENST00000406870.7|STRAND=-|COSMIC=COSG113725|REGION=TSS_UPSTREAM500(-)	BCL6	60	ENST00000406870.7	-	COSG113725	TSS_UPSTREAM500(-)	500	2	35	2	y
61	GENE=BCL7A|GENE_NO=61|TRANSCRIPT=ENST00000261822.5|STRAND=+|COSMIC=COSG72854|REGION=TSS_UPSTREAM500(+)	BCL7A	61	ENST00000261822.5	+	COSG72854	TSS_UPSTREAM500(+)	500	3	62	3	y
62	GENE=BCL9|GENE_NO=62|TRANSCRIPT=ENST00000234739.8|STRAND=+|COSMIC=COSG114870|REGION=TSS_UPSTREAM500(+)	BCL9	62	ENST00000234739.8	+	COSG114870	TSS_UPSTREAM500(+)	500	1	58	3	y
63	GENE=BCL9L|GENE_NO=63|TRANSCRIPT=ENST00000683865.1|STRAND=-|COSMIC=COSG105158|REGION=TSS_UPSTREAM500(-)	BCL9L	63	ENST00000683865.1	-	COSG105158	TSS_UPSTREAM500(-)	500	3	61	3	y
64	GENE=BCLAF1|GENE_NO=64|TRANSCRIPT=ENST00000531224.6|STRAND=-|COSMIC=COSG107886|REGION=TSS_UPSTREAM500(-)	BCLAF1	64	ENST00000531224.6	-	COSG107886	TSS_UPSTREAM500(-)	500	4	36	2	y
65	GENE=BCOR|GENE_NO=65|TRANSCRIPT=ENST00000378444.9|STRAND=-|COSMIC=COSG64323|REGION=TSS_UPSTREAM500(-)	BCOR	65	ENST00000378444.9	-	COSG64323	TSS_UPSTREAM500(-)	500	1	80	4	y
66	GENE=BCORL1|GENE_NO=66|TRANSCRIPT=ENST00000540052.6|STRAND=+|COSMIC=COSG92901|REGION=TSS_UPSTREAM500(+)	BCORL1	66	ENST00000540052.6	+	COSG92901	TSS_UPSTREAM500(+)	500	2	78	4	y
67	GENE=BCR|GENE_NO=67|TRANSCRIPT=ENST00000305877.13|STRAND=+|COSMIC=COSG70269|REGION=TSS_UPSTREAM500(+)	BCR	67	ENST00000305877.13	+	COSG70269	TSS_UPSTREAM500(+)	500	3	62	3	y
68	GENE=BIRC3|GENE_NO=68|TRANSCRIPT=ENST00000263464.9|STRAND=+|COSMIC=COSG64326|REGION=TSS_UPSTREAM500(+)	BIRC3	68	ENST00000263464.9	+	COSG64326	TSS_UPSTREAM500(+)	500	3	35	2	y
69	GENE=BIRC6|GENE_NO=69|TRANSCRIPT=ENST00000421745.7|STRAND=+|COSMIC=COSG78096|REGION=TSS_UPSTREAM500(+)	BIRC6	69	ENST00000421745.7	+	COSG78096	TSS_UPSTREAM500(+)	500	2	48	3	y
70	GENE=BLM|GENE_NO=70|TRANSCRIPT=ENST00000355112.8|STRAND=+|COSMIC=COSG113995|REGION=TSS_UPSTREAM500(+)	BLM	70	ENST00000355112.8	+	COSG113995	TSS_UPSTREAM500(+)	500	3	34	2	y
71	GENE=BMP5|GENE_NO=71|TRANSCRIPT=ENST00000370830.4|STRAND=-|COSMIC=COSG107337|REGION=TSS_UPSTREAM500(-)	BMP5	71	ENST00000370830.4	-	COSG107337	TSS_UPSTREAM500(-)	500	1	30	2	y
72	GENE=BMPR1A|GENE_NO=72|TRANSCRIPT=ENST00000372037.8|STRAND=+|COSMIC=COSG95149|REGION=TSS_UPSTREAM500(+)	BMPR1A	72	ENST00000372037.8	+	COSG95149	TSS_UPSTREAM500(+)	500	3	63	3	y
73	GENE=BRAF|GENE_NO=73|TRANSCRIPT=ENST00000646891.2|STRAND=-|COSMIC=COSG99109|REGION=TSS_UPSTREAM500(-)	BRAF	73	ENST00000646891.2	-	COSG99109	TSS_UPSTREAM500(-)	500	1	35	2	y
74	GENE=BRCA1|GENE_NO=74|TRANSCRIPT=ENST00000357654.9|STRAND=-|COSMIC=COSG75342|REGION=TSS_UPSTREAM500(-)	BRCA1	74	ENST00000357654.9	-	COSG75342	TSS_UPSTREAM500(-)	500	4	34	2	y
75	GENE=BRCA2|GENE_NO=75|TRANSCRIPT=ENST00000380152.8|STRAND=+|COSMIC=COSG68498|REGION=TSS_UPSTREAM500(+)	BRCA2	75	ENST00000380152.8	+	COSG68498	TSS_UPSTREAM500(+)	500	3	58	3	y
76	GENE=BRD3|GENE_NO=76|TRANSCRIPT=ENST00000303407.12|STRAND=-|COSMIC=COSG76553|REGION=TSS_UPSTREAM500(-)	BRD3	76	ENST00000303407.12	-	COSG76553	TSS_UPSTREAM500(-)	500	1	80	4	y
77	GENE=BRD4|GENE_NO=77|TRANSCRIPT=ENST00000679869.1|STRAND=-|COSMIC=COSG97085|REGION=TSS_UPSTREAM500(-)	BRD4	77	ENST00000679869.1	-	COSG97085	TSS_UPSTREAM500(-)	500	2	62	3	y
78	GENE=BRIP1|GENE_NO=78|TRANSCRIPT=ENST00000259008.7|STRAND=-|COSMIC=COSG80352|REGION=TSS_UPSTREAM500(-)	BRIP1	78	ENST00000259008.7	-	COSG80352	TSS_UPSTREAM500(-)	500	1	62	3	y
79	GENE=BTG1|GENE_NO=79|TRANSCRIPT=ENST00000256015.5|STRAND=-|COSMIC=COSG72977|REGION=TSS_UPSTREAM500(-)	BTG1	79	ENST00000256015.5	-	COSG72977	TSS_UPSTREAM500(-)	500	2	36	2	y
80	GENE=BTG2|GENE_NO=80|TRANSCRIPT=ENST00000290551.5|STRAND=+|COSMIC=COSG94281|REGION=TSS_UPSTREAM500(+)	BTG2	80	ENST00000290551.5	+	COSG94281	TSS_UPSTREAM500(+)	500	3	82	4	y
81	GENE=BTK|GENE_NO=81|TRANSCRIPT=ENST00000308731.8|STRAND=-|COSMIC=COSG96537|REGION=TSS_UPSTREAM500(-)	BTK	81	ENST00000308731.8	-	COSG96537	TSS_UPSTREAM500(-)	500	3	64	3	y
82	GENE=BUB1B|GENE_NO=82|TRANSCRIPT=ENST00000287598.11|STRAND=+|COSMIC=COSG78158|REGION=TSS_UPSTREAM500(+)	BUB1B	82	ENST00000287598.11	+	COSG78158	TSS_UPSTREAM500(+)	500	2	36	2	y
83	GENE=C15orf65|GENE_NO=83|TRANSCRIPT=ENST00000569691.2|STRAND=+|COSMIC=COSG63238|REGION=TSS_UPSTREAM500(+)	C15orf65	83	ENST00000569691.2	+	COSG63238	TSS_UPSTREAM500(+)	500	5	35	2	y
84	GENE=CACNA1D|GENE_NO=84|TRANSCRIPT=ENST00000350061.11|STRAND=+|COSMIC=COSG88428|REGION=TSS_UPSTREAM500(+)	CACNA1D	84	ENST00000350061.11	+	COSG88428	TSS_UPSTREAM500(+)	500	3	62	3	y
85	GENE=CALR|GENE_NO=85|TRANSCRIPT=ENST00000316448.10|STRAND=+|COSMIC=COSG80775|REGION=TSS_UPSTREAM500(+)	CALR	85	ENST00000316448.10	+	COSG80775	TSS_UPSTREAM500(+)	500	3	62	3	y
86	GENE=CAMTA1|GENE_NO=86|TRANSCRIPT=ENST00000303635.12|STRAND=+|COSMIC=COSG61199|REGION=TSS_UPSTREAM500(+)	CAMTA1	86	ENST00000303635.12	+	COSG61199	TSS_UPSTREAM500(+)	500	3	63	3	y
87	GENE=CANT1|GENE_NO=87|TRANSCRIPT=ENST00000392446.10|STRAND=-|COSMIC=COSG63866|REGION=TSS_UPSTREAM500(-)	CANT1	87	ENST00000392446.10	-	COSG63866	TSS_UPSTREAM500(-)	500	4	60	3	y
88	GENE=CARD11|GENE_NO=88|TRANSCRIPT=ENST00000396946.9|STRAND=-|COSMIC=COSG91032|REGION=TSS_UPSTREAM500(-)	CARD11	88	ENST00000396946.9	-	COSG91032	TSS_UPSTREAM500(-)	500	2	35	2	y
89	GENE=CARS|GENE_NO=89|TRANSCRIPT=ENST00000380525.9|STRAND=-|COSMIC=COSG73613|REGION=TSS_UPSTREAM500(-)	CARS	89	ENST00000380525.9	-	COSG73613	TSS_UPSTREAM500(-)	500	4	36	2	y
90	GENE=CASP3|GENE_NO=90|TRANSCRIPT=ENST00000308394.9|STRAND=-|COSMIC=COSG65355|REGION=TSS_UPSTREAM500(-)	CASP3	90	ENST00000308394.9	-	COSG65355	TSS_UPSTREAM500(-)	500	3	64	3	y
91	GENE=CASP8|GENE_NO=91|TRANSCRIPT=ENST00000673742.1|STRAND=+|COSMIC=COSG90904|REGION=TSS_UPSTREAM500(+)	CASP8	91	ENST00000673742.1	+	COSG90904	TSS_UPSTREAM500(+)	500	4	35	2	y
92	GENE=CASP9|GENE_NO=92|TRANSCRIPT=ENST00000333868.10|STRAND=-|COSMIC=COSG102681|REGION=TSS_UPSTREAM500(-)	CASP9	92	ENST00000333868.10	-	COSG102681	TSS_UPSTREAM500(-)	500	1	80	4	y
93	GENE=CBFA2T3|GENE_NO=93|TRANSCRIPT=ENST00000268679.9|STRAND=-|COSMIC=COSG96429|REGION=TSS_UPSTREAM500(-)	CBFA2T3	93	ENST00000268679.9	-	COSG96429	TSS_UPSTREAM500(-)	500	1	62	3	y
94	GENE=CBFB|GENE_NO=94|TRANSCRIPT=ENST00000412916.7|STRAND=+|COSMIC=COSG115535|REGION=TSS_UPSTREAM500(+)	CBFB	94	ENST00000412916.7	+	COSG115535	TSS_UPSTREAM500(+)	500	2	81	4	y
95	GENE=CBL|GENE_NO=95|TRANSCRIPT=ENST00000264033.6|STRAND=+|COSMIC=COSG108842|REGION=TSS_UPSTREAM500(+)	CBL	95	ENST00000264033.6	+	COSG108842	TSS_UPSTREAM500(+)	500	4	49	3	y
96	GENE=CBLB|GENE_NO=96|TRANSCRIPT=ENST00000394030.8|STRAND=-|COSMIC=COSG80246|REGION=TSS_UPSTREAM500(-)	CBLB	96	ENST00000394030.8	-	COSG80246	TSS_UPSTREAM500(-)	500	3	35	2	y
97	GENE=CBLC|GENE_NO=97|TRANSCRIPT=ENST00000647358.2|STRAND=+|COSMIC=COSG97247|REGION=TSS_UPSTREAM500(+)	CBLC	97	ENST00000647358.2	+	COSG97247	TSS_UPSTREAM500(+)	500	3	34	2	y
98	GENE=CCDC6|GENE_NO=98|TRANSCRIPT=ENST00000263102.7|STRAND=-|COSMIC=COSG108617|REGION=TSS_UPSTREAM500(-)	CCDC6	98	ENST00000263102.7	-	COSG108617	TSS_UPSTREAM500(-)	500	3	52	3	y
99	GENE=CCNB1IP1|GENE_NO=99|TRANSCRIPT=ENST00000358932.9|STRAND=-|COSMIC=COSG89118|REGION=TSS_UPSTREAM500(-)	CCNB1IP1	99	ENST00000358932.9	-	COSG89118	TSS_UPSTREAM500(-)	500	2	34	2	y
100	GENE=CCNC|GENE_NO=100|TRANSCRIPT=ENST00000520429.6|STRAND=-|COSMIC=COSG78672|REGION=TSS_UPSTREAM500(-)	CCNC	100	ENST00000520429.6	-	COSG78672	TSS_UPSTREAM500(-)	500	2	33	2	y
101	GENE=CCND1|GENE_NO=101|TRANSCRIPT=ENST00000227507.3|STRAND=+|COSMIC=COSG100191|REGION=TSS_UPSTREAM500(+)	CCND1	101	ENST00000227507.3	+	COSG100191	TSS_UPSTREAM500(+)	500	4	35	2	y
102	GENE=CCND2|GENE_NO=102|TRANSCRIPT=ENST00000261254.8|STRAND=+|COSMIC=COSG114253|REGION=TSS_UPSTREAM500(+)	CCND2	102	ENST00000261254.8	+	COSG114253	TSS_UPSTREAM500(+)	500	2	77	4	y
103	GENE=CCND3|GENE_NO=103|TRANSCRIPT=ENST00000372991.9|STRAND=-|COSMIC=COSG73334|REGION=TSS_UPSTREAM500(-)	CCND3	103	ENST00000372991.9	-	COSG73334	TSS_UPSTREAM500(-)	500	2	62	3	y
104	GENE=CCNE1|GENE_NO=104|TRANSCRIPT=ENST00000262643.8|STRAND=+|COSMIC=COSG84408|REGION=TSS_UPSTREAM500(+)	CCNE1	104	ENST00000262643.8	+	COSG84408	TSS_UPSTREAM500(+)	500	3	80	4	y
105	GENE=CCR4|GENE_NO=105|TRANSCRIPT=ENST00000330953.6|STRAND=+|COSMIC=COSG64803|REGION=TSS_UPSTREAM500(+)	CCR4	105	ENST00000330953.6	+	COSG64803	TSS_UPSTREAM500(+)	500	2	32	2	y
106	GENE=CCR7|GENE_NO=106|TRANSCRIPT=ENST00000246657.2|STRAND=-|COSMIC=COSG64716|REGION=TSS_UPSTREAM500(-)	CCR7	106	ENST00000246657.2	-	COSG64716	TSS_UPSTREAM500(-)	500	3	63	3	y
107	GENE=CD209|GENE_NO=107|TRANSCRIPT=ENST00000315599.12|STRAND=-|COSMIC=COSG61611|REGION=TSS_UPSTREAM500(-)	CD209	107	ENST00000315599.12	-	COSG61611	TSS_UPSTREAM500(-)	500	2	32	2	y
108	GENE=CD274|GENE_NO=108|TRANSCRIPT=ENST00000381577.4|STRAND=+|COSMIC=COSG87130|REGION=TSS_UPSTREAM500(+)	CD274	108	ENST00000381577.4	+	COSG87130	TSS_UPSTREAM500(+)	500	2	57	3	y
109	GENE=CD28|GENE_NO=109|TRANSCRIPT=ENST00000324106.9|STRAND=+|COSMIC=COSG113949|REGION=TSS_UPSTREAM500(+)	CD28	109	ENST00000324106.9	+	COSG113949	TSS_UPSTREAM500(+)	500	2	36	2	y
110	GENE=CD74|GENE_NO=110|TRANSCRIPT=ENST00000009530.13|STRAND=-|COSMIC=COSG107983|REGION=TSS_UPSTREAM500(-)	CD74	110	ENST00000009530.13	-	COSG107983	TSS_UPSTREAM500(-)	500	3	34	2	y
111	GENE=CD79A|GENE_NO=111|TRANSCRIPT=ENST00000221972.8|STRAND=+|COSMIC=COSG64986|REGION=TSS_UPSTREAM500(+)	CD79A	111	ENST00000221972.8	+	COSG64986	TSS_UPSTREAM500(+)	500	4	63	3	y
112	GENE=CD79B|GENE_NO=112|TRANSCRIPT=ENST00000006750.8|STRAND=-|COSMIC=COSG93491|REGION=TSS_UPSTREAM500(-)	CD79B	112	ENST00000006750.8	-	COSG93491	TSS_UPSTREAM500(-)	500	3	36	2	y
113	GENE=CDC73|GENE_NO=113|TRANSCRIPT=ENST00000367435.5|STRAND=+|COSMIC=COSG72057|REGION=TSS_UPSTREAM500(+)	CDC73	113	ENST00000367435.5	+	COSG72057	TSS_UPSTREAM500(+)	500	4	35	2	y
114	GENE=CDH1|GENE_NO=114|TRANSCRIPT=ENST00000261769.10|STRAND=+|COSMIC=COSG106721|REGION=TSS_UPSTREAM500(+)	CDH1	114	ENST00000261769.10	+	COSG106721	TSS_UPSTREAM500(+)	500	3	55	3	y
115	GENE=CDH10|GENE_NO=115|TRANSCRIPT=ENST00000264463.8|STRAND=-|COSMIC=COSG68210|REGION=TSS_UPSTREAM500(-)	CDH10	115	ENST00000264463.8	-	COSG68210	TSS_UPSTREAM500(-)	500	4	35	2	y
116	GENE=CDH11|GENE_NO=116|TRANSCRIPT=ENST00000268603.9|STRAND=-|COSMIC=COSG67114|REGION=TSS_UPSTREAM500(-)	CDH11	116	ENST00000268603.9	-	COSG67114	TSS_UPSTREAM500(-)	500	2	73	4	y
117	GENE=CDH17|GENE_NO=117|TRANSCRIPT=ENST00000027335.8|STRAND=-|COSMIC=COSG84364|REGION=TSS_UPSTREAM500(-)	CDH17	117	ENST00000027335.8	-	COSG84364	TSS_UPSTREAM500(-)	500	1	60	3	y
118	GENE=CDK12|GENE_NO=118|TRANSCRIPT=ENST00000447079.6|STRAND=+|COSMIC=COSG101532|REGION=TSS_UPSTREAM500(+)	CDK12	118	ENST00000447079.6	+	COSG101532	TSS_UPSTREAM500(+)	500	3	36	2	y
119	GENE=CDK4|GENE_NO=119|TRANSCRIPT=ENST00000257904.11|STRAND=-|COSMIC=COSG58322|REGION=TSS_UPSTREAM500(-)	CDK4	119	ENST00000257904.11	-	COSG58322	TSS_UPSTREAM500(-)	500	3	36	2	y
120	GENE=CDK6|GENE_NO=120|TRANSCRIPT=ENST00000424848.3|STRAND=-|COSMIC=COSG96889|REGION=TSS_UPSTREAM500(-)	CDK6	120	ENST00000424848.3	-	COSG96889	TSS_UPSTREAM500(-)	500	2	49	3	y
121	GENE=CDKN1A|GENE_NO=121|TRANSCRIPT=ENST00000244741.10|STRAND=+|COSMIC=COSG75563|REGION=TSS_UPSTREAM500(+)	CDKN1A	121	ENST00000244741.10	+	COSG75563	TSS_UPSTREAM500(+)	500	3	62	3	y
122	GENE=CDKN1B|GENE_NO=122|TRANSCRIPT=ENST00000228872.9|STRAND=+|COSMIC=COSG61632|REGION=TSS_UPSTREAM500(+)	CDKN1B	122	ENST00000228872.9	+	COSG61632	TSS_UPSTREAM500(+)	500	2	60	3	y
123	GENE=CDKN2A|GENE_NO=123|TRANSCRIPT=ENST00000304494.10|STRAND=-|COSMIC=COSG84244|REGION=TSS_UPSTREAM500(-)	CDKN2A	123	ENST00000304494.10	-	COSG84244	TSS_UPSTREAM500(-)	500	3	63	3	y
124	GENE=CDKN2C|GENE_NO=124|TRANSCRIPT=ENST00000371761.4|STRAND=+|COSMIC=COSG85136|REGION=TSS_UPSTREAM500(+)	CDKN2C	124	ENST00000371761.4	+	COSG85136	TSS_UPSTREAM500(+)	500	3	34	2	y
125	GENE=CDX2|GENE_NO=125|TRANSCRIPT=ENST00000381020.8|STRAND=-|COSMIC=COSG61853|REGION=TSS_UPSTREAM500(-)	CDX2	125	ENST00000381020.8	-	COSG61853	TSS_UPSTREAM500(-)	500	2	51	3	y
126	GENE=CEBPA|GENE_NO=126|TRANSCRIPT=ENST00000498907.3|STRAND=-|COSMIC=COSG97270|REGION=TSS_UPSTREAM500(-)	CEBPA	126	ENST00000498907.3	-	COSG97270	TSS_UPSTREAM500(-)	500	2	61	3	y
127	GENE=CEP89|GENE_NO=127|TRANSCRIPT=ENST00000305768.10|STRAND=-|COSMIC=COSG106418|REGION=TSS_UPSTREAM500(-)	CEP89	127	ENST00000305768.10	-	COSG106418	TSS_UPSTREAM500(-)	500	2	32	2	y
128	GENE=CHCHD7|GENE_NO=128|TRANSCRIPT=ENST00000355315.8|STRAND=+|COSMIC=COSG94968|REGION=TSS_UPSTREAM500(+)	CHCHD7	128	ENST00000355315.8	+	COSG94968	TSS_UPSTREAM500(+)	500	3	82	4	y
129	GENE=CHD2|GENE_NO=129|TRANSCRIPT=ENST00000394196.9|STRAND=+|COSMIC=COSG83485|REGION=TSS_UPSTREAM500(+)	CHD2	129	ENST00000394196.9	+	COSG83485	TSS_UPSTREAM500(+)	500	2	78	4	y
130	GENE=CHD4|GENE_NO=130|TRANSCRIPT=ENST00000544040.7|STRAND=-|COSMIC=COSG85372|REGION=TSS_UPSTREAM500(-)	CHD4	130	ENST00000544040.7	-	COSG85372	TSS_UPSTREAM500(-)	500	3	63	3	y
131	GENE=CHEK2|GENE_NO=131|TRANSCRIPT=ENST00000404276.6|STRAND=-|COSMIC=COSG85276|REGION=TSS_UPSTREAM500(-)	CHEK2	131	ENST00000404276.6	-	COSG85276	TSS_UPSTREAM500(-)	500	4	60	3	y
132	GENE=CHIC2|GENE_NO=132|TRANSCRIPT=ENST00000263921.8|STRAND=-|COSMIC=COSG59473|REGION=TSS_UPSTREAM500(-)	CHIC2	132	ENST00000263921.8	-	COSG59473	TSS_UPSTREAM500(-)	500	2	48	3	y
133	GENE=CHST11|GENE_NO=133|TRANSCRIPT=ENST00000303694.6|STRAND=+|COSMIC=COSG107468|REGION=TSS_UPSTREAM500(+)	CHST11	133	ENST00000303694.6	+	COSG107468	TSS_UPSTREAM500(+)	500	2	62	3	y
134	GENE=CIC|GENE_NO=134|TRANSCRIPT=ENST00000681038.1|STRAND=+|COSMIC=COSG71296|REGION=TSS_UPSTREAM500(+)	CIC	134	ENST00000681038.1	+	COSG71296	TSS_UPSTREAM500(+)	500	2	35	2	y
135	GENE=CIITA|GENE_NO=135|TRANSCRIPT=ENST00000324288.14|STRAND=+|COSMIC=COSG86391|REGION=TSS_UPSTREAM500(+)	CIITA	135	ENST00000324288.14	+	COSG86391	TSS_UPSTREAM500(+)	500	3	54	3	y
136	GENE=CLIP1|GENE_NO=136|TRANSCRIPT=ENST00000620786.5|STRAND=-|COSMIC=COSG89876|REGION=TSS_UPSTREAM500(-)	CLIP1	136	ENST00000620786.5	-	COSG89876	TSS_UPSTREAM500(-)	500	3	62	3	y
137	GENE=CLP1|GENE_NO=137|TRANSCRIPT=ENST00000533682.2|STRAND=+|COSMIC=COSG71400|REGION=TSS_UPSTREAM500(+)	CLP1	137	ENST00000533682.2	+	COSG71400	TSS_UPSTREAM500(+)	500	3	36	2	y
138	GENE=CLTC|GENE_NO=138|TRANSCRIPT=ENST00000269122.8|STRAND=+|COSMIC=COSG66844|REGION=TSS_UPSTREAM500(+)	CLTC	138	ENST00000269122.8	+	COSG66844	TSS_UPSTREAM500(+)	500	5	36	2	y
139	GENE=CLTCL1|GENE_NO=139|TRANSCRIPT=ENST00000427926.6|STRAND=-|COSMIC=COSG84449|REGION=TSS_UPSTREAM500(-)	CLTCL1	139	ENST00000427926.6	-	COSG84449	TSS_UPSTREAM500(-)	500	3	84	4	y
140	GENE=CNBD1|GENE_NO=140|TRANSCRIPT=ENST00000518476.6|STRAND=+|COSMIC=COSG111140|REGION=TSS_UPSTREAM500(+)	CNBD1	140	ENST00000518476.6	+	COSG111140	TSS_UPSTREAM500(+)	500	2	35	2	y
141	GENE=CNBP|GENE_NO=141|TRANSCRIPT=ENST00000422453.7|STRAND=-|COSMIC=COSG98835|REGION=TSS_UPSTREAM500(-)	CNBP	141	ENST00000422453.7	-	COSG98835	TSS_UPSTREAM500(-)	500	3	35	2	y
142	GENE=CNOT3|GENE_NO=142|TRANSCRIPT=ENST00000221232.11|STRAND=+|COSMIC=COSG61227|REGION=TSS_UPSTREAM500(+)	CNOT3	142	ENST00000221232.11	+	COSG61227	TSS_UPSTREAM500(+)	500	3	52	3	y
143	GENE=CNTNAP2|GENE_NO=143|TRANSCRIPT=ENST00000361727.8|STRAND=+|COSMIC=COSG62503|REGION=TSS_UPSTREAM500(+)	CNTNAP2	143	ENST00000361727.8	+	COSG62503	TSS_UPSTREAM500(+)	500	3	57	3	y
144	GENE=CNTRL|GENE_NO=144|TRANSCRIPT=ENST00000373855.7|STRAND=+|COSMIC=COSG105745|REGION=TSS_UPSTREAM500(+)	CNTRL	144	ENST00000373855.7	+	COSG105745	TSS_UPSTREAM500(+)	500	3	36	2	y
145	GENE=COL1A1|GENE_NO=145|TRANSCRIPT=ENST00000225964.10|STRAND=-|COSMIC=COSG58498|REGION=TSS_UPSTREAM500(-)	COL1A1	145	ENST00000225964.10	-	COSG58498	TSS_UPSTREAM500(-)	500	3	75	4	y
146	GENE=COL2A1|GENE_NO=146|TRANSCRIPT=ENST00000380518.8|STRAND=-|COSMIC=COSG77932|REGION=TSS_UPSTREAM500(-)	COL2A1	146	ENST00000380518.8	-	COSG77932	TSS_UPSTREAM500(-)	500	1	63	3	y
147	GENE=COL3A1|GENE_NO=147|TRANSCRIPT=ENST00000304636.9|STRAND=+|COSMIC=COSG86912|REGION=TSS_UPSTREAM500(+)	COL3A1	147	ENST00000304636.9	+	COSG86912	TSS_UPSTREAM500(+)	500	2	34	2	y
148	GENE=COX6C|GENE_NO=148|TRANSCRIPT=ENST00000520468.7|STRAND=-|COSMIC=COSG66350|REGION=TSS_UPSTREAM500(-)	COX6C	148	ENST00000520468.7	-	COSG66350	TSS_UPSTREAM500(-)	500	4	30	2	y
149	GENE=CPEB3|GENE_NO=149|TRANSCRIPT=ENST00000265997.5|STRAND=-|COSMIC=COSG87217|REGION=TSS_UPSTREAM500(-)	CPEB3	149	ENST00000265997.5	-	COSG87217	TSS_UPSTREAM500(-)	500	3	36	2	y
150	GENE=CREB1|GENE_NO=150|TRANSCRIPT=ENST00000353267.8|STRAND=+|COSMIC=COSG102379|REGION=TSS_UPSTREAM500(+)	CREB1	150	ENST00000353267.8	+	COSG102379	TSS_UPSTREAM500(+)	500	4	35	2	y
151	GENE=CREB3L1|GENE_NO=151|TRANSCRIPT=ENST00000621158.5|STRAND=+|COSMIC=COSG64988|REGION=TSS_UPSTREAM500(+)	CREB3L1	151	ENST00000621158.5	+	COSG64988	TSS_UPSTREAM500(+)	500	2	36	2	y
152	GENE=CREB3L2|GENE_NO=152|TRANSCRIPT=ENST00000330387.11|STRAND=-|COSMIC=COSG70393|REGION=TSS_UPSTREAM500(-)	CREB3L2	152	ENST00000330387.11	-	COSG70393	TSS_UPSTREAM500(-)	500	2	36	2	y
153	GENE=CREBBP|GENE_NO=153|TRANSCRIPT=ENST00000262367.10|STRAND=-|COSMIC=COSG105038|REGION=TSS_UPSTREAM500(-)	CREBBP	153	ENST00000262367.10	-	COSG105038	TSS_UPSTREAM500(-)	500	2	72	4	y
154	GENE=CRLF2|GENE_NO=154|TRANSCRIPT=ENST00000400841.8|STRAND=-|COSMIC=COSG87150|REGION=TSS_UPSTREAM500(-)	CRLF2	154	ENST00000400841.8	-	COSG87150	TSS_UPSTREAM500(-)	500	1	84	4	y
155	GENE=CRNKL1|GENE_NO=155|TRANSCRIPT=ENST00000536226.2|STRAND=-|COSMIC=COSG82052|REGION=TSS_UPSTREAM500(-)	CRNKL1	155	ENST00000536226.2	-	COSG82052	TSS_UPSTREAM500(-)	500	4	34	2	y
156	GENE=CRTC1|GENE_NO=156|TRANSCRIPT=ENST00000321949.13|STRAND=+|COSMIC=COSG85402|REGION=TSS_UPSTREAM500(+)	CRTC1	156	ENST00000321949.13	+	COSG85402	TSS_UPSTREAM500(+)	500	2	49	3	y
157	GENE=CRTC3|GENE_NO=157|TRANSCRIPT=ENST00000268184.11|STRAND=+|COSMIC=COSG71600|REGION=TSS_UPSTREAM500(+)	CRTC3	157	ENST00000268184.11	+	COSG71600	TSS_UPSTREAM500(+)	500	2	64	3	y
158	GENE=CSF1R|GENE_NO=158|TRANSCRIPT=ENST00000675795.1|STRAND=-|COSMIC=COSG99554|REGION=TSS_UPSTREAM500(-)	CSF1R	158	ENST00000675795.1	-	COSG99554	TSS_UPSTREAM500(-)	500	2	35	2	y
159	GENE=CSF3R|GENE_NO=159|TRANSCRIPT=ENST00000373106.6|STRAND=-|COSMIC=COSG99846|REGION=TSS_UPSTREAM500(-)	CSF3R	159	ENST00000373106.6	-	COSG99846	TSS_UPSTREAM500(-)	500	3	50	3	y
160	GENE=CSMD3|GENE_NO=160|TRANSCRIPT=ENST00000297405.10|STRAND=-|COSMIC=COSG81894|REGION=TSS_UPSTREAM500(-)	CSMD3	160	ENST00000297405.10	-	COSG81894	TSS_UPSTREAM500(-)	500	3	35	2	y
161	GENE=CTCF|GENE_NO=161|TRANSCRIPT=ENST00000264010.10|STRAND=+|COSMIC=COSG77622|REGION=TSS_UPSTREAM500(+)	CTCF	161	ENST00000264010.10	+	COSG77622	TSS_UPSTREAM500(+)	500	2	63	3	y
162	GENE=CTNNA1|GENE_NO=162|TRANSCRIPT=ENST00000302763.12|STRAND=+|COSMIC=COSG89685|REGION=TSS_UPSTREAM500(+)	CTNNA1	162	ENST00000302763.12	+	COSG89685	TSS_UPSTREAM500(+)	500	2	91	5	y
163	GENE=CTNNA2|GENE_NO=163|TRANSCRIPT=ENST00000402739.9|STRAND=+|COSMIC=COSG58363|REGION=TSS_UPSTREAM500(+)	CTNNA2	163	ENST00000402739.9	+	COSG58363	TSS_UPSTREAM500(+)	500	2	63	3	y
164	GENE=CTNNB1|GENE_NO=164|TRANSCRIPT=ENST00000349496.11|STRAND=+|COSMIC=COSG100985|REGION=TSS_UPSTREAM500(+)	CTNNB1	164	ENST00000349496.11	+	COSG100985	TSS_UPSTREAM500(+)	500	3	63	3	y
165	GENE=CTNND1|GENE_NO=165|TRANSCRIPT=ENST00000399050.10|STRAND=+|COSMIC=COSG61803|REGION=TSS_UPSTREAM500(+)	CTNND1	165	ENST00000399050.10	+	COSG61803	TSS_UPSTREAM500(+)	500	2	34	2	y
166	GENE=CTNND2|GENE_NO=166|TRANSCRIPT=ENST00000304623.13|STRAND=-|COSMIC=COSG98798|REGION=TSS_UPSTREAM500(-)	CTNND2	166	ENST00000304623.13	-	COSG98798	TSS_UPSTREAM500(-)	500	5	34	2	y
167	GENE=CUL3|GENE_NO=167|TRANSCRIPT=ENST00000264414.9|STRAND=-|COSMIC=COSG110820|REGION=TSS_UPSTREAM500(-)	CUL3	167	ENST00000264414.9	-	COSG110820	TSS_UPSTREAM500(-)	500	2	36	2	y
168	GENE=CUX1|GENE_NO=168|TRANSCRIPT=ENST00000292535.12|STRAND=+|COSMIC=COSG83270|REGION=TSS_UPSTREAM500(+)	CUX1	168	ENST00000292535.12	+	COSG83270	TSS_UPSTREAM500(+)	500	2	52	3	y
169	GENE=CXCR4|GENE_NO=169|TRANSCRIPT=ENST00000241393.4|STRAND=-|COSMIC=COSG106895|REGION=TSS_UPSTREAM500(-)	CXCR4	169	ENST00000241393.4	-	COSG106895	TSS_UPSTREAM500(-)	500	3	34	2	y
170	GENE=CYLD|GENE_NO=170|TRANSCRIPT=ENST00000427738.8|STRAND=+|COSMIC=COSG70548|REGION=TSS_UPSTREAM500(+)	CYLD	170	ENST00000427738.8	+	COSG70548	TSS_UPSTREAM500(+)	500	3	36	2	y
171	GENE=CYP2C8|GENE_NO=171|TRANSCRIPT=ENST00000371270.6|STRAND=-|COSMIC=COSG86945|REGION=TSS_UPSTREAM500(-)	CYP2C8	171	ENST00000371270.6	-	COSG86945	TSS_UPSTREAM500(-)	500	1	34	2	y
172	GENE=CYSLTR2|GENE_NO=172|TRANSCRIPT=ENST00000682523.1|STRAND=+|COSMIC=COSG61204|REGION=TSS_UPSTREAM500(+)	CYSLTR2	172	ENST00000682523.1	+	COSG61204	TSS_UPSTREAM500(+)	500	2	30	2	y
173	GENE=DAXX|GENE_NO=173|TRANSCRIPT=ENST00000374542.10|STRAND=-|COSMIC=COSG105937|REGION=TSS_UPSTREAM500(-)	DAXX	173	ENST00000374542.10	-	COSG105937	TSS_UPSTREAM500(-)	500	1	34	2	y
174	GENE=DCAF12L2|GENE_NO=174|TRANSCRIPT=ENST00000360028.4|STRAND=-|COSMIC=COSG81265|REGION=TSS_UPSTREAM500(-)	DCAF12L2	174	ENST00000360028.4	-	COSG81265	TSS_UPSTREAM500(-)	500	3	36	2	y
175	GENE=DCC|GENE_NO=175|TRANSCRIPT=ENST00000442544.7|STRAND=+|COSMIC=COSG87705|REGION=TSS_UPSTREAM500(+)	DCC	175	ENST00000442544.7	+	COSG87705	TSS_UPSTREAM500(+)	500	1	21	2	y
176	GENE=DCTN1|GENE_NO=176|TRANSCRIPT=ENST00000628224.3|STRAND=-|COSMIC=COSG63863|REGION=TSS_UPSTREAM500(-)	DCTN1	176	ENST00000628224.3	-	COSG63863	TSS_UPSTREAM500(-)	500	4	36	2	y
177	GENE=DDB2|GENE_NO=177|TRANSCRIPT=ENST00000256996.9|STRAND=+|COSMIC=COSG102518|REGION=TSS_UPSTREAM500(+)	DDB2	177	ENST00000256996.9	+	COSG102518	TSS_UPSTREAM500(+)	500	3	58	3	y
178	GENE=DDIT3|GENE_NO=178|TRANSCRIPT=ENST00000346473.8|STRAND=-|COSMIC=COSG112333|REGION=TSS_UPSTREAM500(-)	DDIT3	178	ENST00000346473.8	-	COSG112333	TSS_UPSTREAM500(-)	500	2	52	3	y
179	GENE=DDR2|GENE_NO=179|TRANSCRIPT=ENST00000367921.8|STRAND=+|COSMIC=COSG97097|REGION=TSS_UPSTREAM500(+)	DDR2	179	ENST00000367921.8	+	COSG97097	TSS_UPSTREAM500(+)	500	3	80	4	y
180	GENE=DDX10|GENE_NO=180|TRANSCRIPT=ENST00000322536.8|STRAND=+|COSMIC=COSG72683|REGION=TSS_UPSTREAM500(+)	DDX10	180	ENST00000322536.8	+	COSG72683	TSS_UPSTREAM500(+)	500	3	31	2	y
181	GENE=DDX3X|GENE_NO=181|TRANSCRIPT=ENST00000644876.2|STRAND=+|COSMIC=COSG92927|REGION=TSS_UPSTREAM500(+)	DDX3X	181	ENST00000644876.2	+	COSG92927	TSS_UPSTREAM500(+)	500	4	53	3	y
182	GENE=DDX5|GENE_NO=182|TRANSCRIPT=ENST00000225792.10|STRAND=-|COSMIC=COSG107505|REGION=TSS_UPSTREAM500(-)	DDX5	182	ENST00000225792.10	-	COSG107505	TSS_UPSTREAM500(-)	500	3	64	3	y
183	GENE=DDX6|GENE_NO=183|TRANSCRIPT=ENST00000534980.7|STRAND=-|COSMIC=COSG88326|REGION=TSS_UPSTREAM500(-)	DDX6	183	ENST00000534980.7	-	COSG88326	TSS_UPSTREAM500(-)	500	3	62	3	y
184	GENE=DEK|GENE_NO=184|TRANSCRIPT=ENST00000652689.1|STRAND=-|COSMIC=COSG88864|REGION=TSS_UPSTREAM500(-)	DEK	184	ENST00000652689.1	-	COSG88864	TSS_UPSTREAM500(-)	500	3	25	2	y
185	GENE=DGCR8|GENE_NO=185|TRANSCRIPT=ENST00000351989.8|STRAND=+|COSMIC=COSG115698|REGION=TSS_UPSTREAM500(+)	DGCR8	185	ENST00000351989.8	+	COSG115698	TSS_UPSTREAM500(+)	500	2	35	2	y
186	GENE=DICER1|GENE_NO=186|TRANSCRIPT=ENST00000343455.8|STRAND=-|COSMIC=COSG73310|REGION=TSS_UPSTREAM500(-)	DICER1	186	ENST00000343455.8	-	COSG73310	TSS_UPSTREAM500(-)	500	3	60	3	y
187	GENE=DNAJB1|GENE_NO=187|TRANSCRIPT=ENST00000254322.3|STRAND=-|COSMIC=COSG101410|REGION=TSS_UPSTREAM500(-)	DNAJB1	187	ENST00000254322.3	-	COSG101410	TSS_UPSTREAM500(-)	500	1	61	3	y
188	GENE=DNM2|GENE_NO=188|TRANSCRIPT=ENST00000389253.9|STRAND=+|COSMIC=COSG110939|REGION=TSS_UPSTREAM500(+)	DNM2	188	ENST00000389253.9	+	COSG110939	TSS_UPSTREAM500(+)	500	3	62	3	y
189	GENE=DNMT3A|GENE_NO=189|TRANSCRIPT=ENST00000321117.10|STRAND=-|COSMIC=COSG110899|REGION=TSS_UPSTREAM500(-)	DNMT3A	189	ENST00000321117.10	-	COSG110899	TSS_UPSTREAM500(-)	500	1	64	3	y
190	GENE=DROSHA|GENE_NO=190|TRANSCRIPT=ENST00000344624.8|STRAND=-|COSMIC=COSG93909|REGION=TSS_UPSTREAM500(-)	DROSHA	190	ENST00000344624.8	-	COSG93909	TSS_UPSTREAM500(-)	500	4	62	3	y
191	GENE=EBF1|GENE_NO=191|TRANSCRIPT=ENST00000313708.11|STRAND=-|COSMIC=COSG87583|REGION=TSS_UPSTREAM500(-)	EBF1	191	ENST00000313708.11	-	COSG87583	TSS_UPSTREAM500(-)	500	2	54	3	y
192	GENE=ECT2L|GENE_NO=192|TRANSCRIPT=ENST00000541398.7|STRAND=+|COSMIC=COSG112583|REGION=TSS_UPSTREAM500(+)	ECT2L	192	ENST00000541398.7	+	COSG112583	TSS_UPSTREAM500(+)	500	2	63	3	y
193	GENE=EED|GENE_NO=193|TRANSCRIPT=ENST00000263360.11|STRAND=+|COSMIC=COSG72252|REGION=TSS_UPSTREAM500(+)	EED	193	ENST00000263360.11	+	COSG72252	TSS_UPSTREAM500(+)	500	3	36	2	y
194	GENE=EGFR|GENE_NO=194|TRANSCRIPT=ENST00000275493.7|STRAND=+|COSMIC=COSG73399|REGION=TSS_UPSTREAM500(+)	EGFR	194	ENST00000275493.7	+	COSG73399	TSS_UPSTREAM500(+)	500	2	62	3	y
195	GENE=EIF1AX|GENE_NO=195|TRANSCRIPT=ENST00000379607.10|STRAND=-|COSMIC=COSG111079|REGION=TSS_UPSTREAM500(-)	EIF1AX	195	ENST00000379607.10	-	COSG111079	TSS_UPSTREAM500(-)	500	2	57	3	y
196	GENE=EIF3E|GENE_NO=196|TRANSCRIPT=ENST00000220849.10|STRAND=-|COSMIC=COSG72882|REGION=TSS_UPSTREAM500(-)	EIF3E	196	ENST00000220849.10	-	COSG72882	TSS_UPSTREAM500(-)	500	0	0	0	n
197	GENE=EIF4A2|GENE_NO=197|TRANSCRIPT=ENST00000323963.10|STRAND=+|COSMIC=COSG63203|REGION=TSS_UPSTREAM500(+)	EIF4A2	197	ENST00000323963.10	+	COSG63203	TSS_UPSTREAM500(+)	500	3	50	3	y
198	GENE=ELF3|GENE_NO=198|TRANSCRIPT=ENST00000367284.10|STRAND=+|COSMIC=COSG85943|REGION=TSS_UPSTREAM500(+)	ELF3	198	ENST00000367284.10	+	COSG85943	TSS_UPSTREAM500(+)	500	4	34	2	y
199	GENE=ELF4|GENE_NO=199|TRANSCRIPT=ENST00000308167.10|STRAND=-|COSMIC=COSG89309|REGION=TSS_UPSTREAM500(-)	ELF4	199	ENST00000308167.10	-	COSG89309	TSS_UPSTREAM500(-)	500	2	78	4	y
200	GENE=ELK4|GENE_NO=200|TRANSCRIPT=ENST00000357992.9|STRAND=-|COSMIC=COSG106299|REGION=TSS_UPSTREAM500(-)	ELK4	200	ENST00000357992.9	-	COSG106299	TSS_UPSTREAM500(-)	500	2	63	3	y
201	GENE=ELL|GENE_NO=201|TRANSCRIPT=ENST00000262809.9|STRAND=-|COSMIC=COSG79844|REGION=TSS_UPSTREAM500(-)	ELL	201	ENST00000262809.9	-	COSG79844	TSS_UPSTREAM500(-)	500	4	62	3	y
202	GENE=ELN|GENE_NO=202|TRANSCRIPT=ENST00000252034.12|STRAND=+|COSMIC=COSG68285|REGION=TSS_UPSTREAM500(+)	ELN	202	ENST00000252034.12	+	COSG68285	TSS_UPSTREAM500(+)	500	3	60	3	y
203	GENE=EML4|GENE_NO=203|TRANSCRIPT=ENST00000318522.10|STRAND=+|COSMIC=COSG113468|REGION=TSS_UPSTREAM500(+)	EML4	203	ENST00000318522.10	+	COSG113468	TSS_UPSTREAM500(+)	500	3	71	4	y
204	GENE=EP300|GENE_NO=204|TRANSCRIPT=ENST00000263253.9|STRAND=+|COSMIC=COSG106033|REGION=TSS_UPSTREAM500(+)	EP300	204	ENST00000263253.9	+	COSG106033	TSS_UPSTREAM500(+)	500	2	63	3	y
205	GENE=EPAS1|GENE_NO=205|TRANSCRIPT=ENST00000263734.5|STRAND=+|COSMIC=COSG87984|REGION=TSS_UPSTREAM500(+)	EPAS1	205	ENST00000263734.5	+	COSG87984	TSS_UPSTREAM500(+)	500	4	64	3	y
206	GENE=EPHA3|GENE_NO=206|TRANSCRIPT=ENST00000336596.7|STRAND=+|COSMIC=COSG75387|REGION=TSS_UPSTREAM500(+)	EPHA3	206	ENST00000336596.7	+	COSG75387	TSS_UPSTREAM500(+)	500	1	35	2	y
207	GENE=EPHA7|GENE_NO=207|TRANSCRIPT=ENST00000369303.9|STRAND=-|COSMIC=COSG72926|REGION=TSS_UPSTREAM500(-)	EPHA7	207	ENST00000369303.9	-	COSG72926	TSS_UPSTREAM500(-)	500	2	34	2	y
208	GENE=EPS15|GENE_NO=208|TRANSCRIPT=ENST00000371733.8|STRAND=-|COSMIC=COSG98494|REGION=TSS_UPSTREAM500(-)	EPS15	208	ENST00000371733.8	-	COSG98494	TSS_UPSTREAM500(-)	500	2	80	4	y
209	GENE=ERBB2|GENE_NO=209|TRANSCRIPT=ENST00000269571.10|STRAND=+|COSMIC=COSG89395|REGION=TSS_UPSTREAM500(+)	ERBB2	209	ENST00000269571.10	+	COSG89395	TSS_UPSTREAM500(+)	500	3	36	2	y
210	GENE=ERBB3|GENE_NO=210|TRANSCRIPT=ENST00000267101.8|STRAND=+|COSMIC=COSG83414|REGION=TSS_UPSTREAM500(+)	ERBB3	210	ENST00000267101.8	+	COSG83414	TSS_UPSTREAM500(+)	500	4	36	2	y
211	GENE=ERBB4|GENE_NO=211|TRANSCRIPT=ENST00000342788.9|STRAND=-|COSMIC=COSG86121|REGION=TSS_UPSTREAM500(-)	ERBB4	211	ENST00000342788.9	-	COSG86121	TSS_UPSTREAM500(-)	500	5	58	3	y
212	GENE=ERC1|GENE_NO=212|TRANSCRIPT=ENST00000360905.9|STRAND=+|COSMIC=COSG81477|REGION=TSS_UPSTREAM500(+)	ERC1	212	ENST00000360905.9	+	COSG81477	TSS_UPSTREAM500(+)	500	2	74	4	y
213	GENE=ERCC2|GENE_NO=213|TRANSCRIPT=ENST00000391945.10|STRAND=-|COSMIC=COSG97421|REGION=TSS_UPSTREAM500(-)	ERCC2	213	ENST00000391945.10	-	COSG97421	TSS_UPSTREAM500(-)	500	3	35	2	y
214	GENE=ERCC3|GENE_NO=214|TRANSCRIPT=ENST00000285398.7|STRAND=-|COSMIC=COSG106100|REGION=TSS_UPSTREAM500(-)	ERCC3	214	ENST00000285398.7	-	COSG106100	TSS_UPSTREAM500(-)	500	2	35	2	y
215	GENE=ERCC4|GENE_NO=215|TRANSCRIPT=ENST00000311895.8|STRAND=+|COSMIC=COSG61416|REGION=TSS_UPSTREAM500(+)	ERCC4	215	ENST00000311895.8	+	COSG61416	TSS_UPSTREAM500(+)	500	4	35	2	y
216	GENE=ERCC5|GENE_NO=216|TRANSCRIPT=ENST00000652225.2|STRAND=+|COSMIC=COSG85514|REGION=TSS_UPSTREAM500(+)	ERCC5	216	ENST00000652225.2	+	COSG85514	TSS_UPSTREAM500(+)	500	1	36	2	y
217	GENE=ERG|GENE_NO=217|TRANSCRIPT=ENST00000288319.12|STRAND=-|COSMIC=COSG60964|REGION=TSS_UPSTREAM500(-)	ERG	217	ENST00000288319.12	-	COSG60964	TSS_UPSTREAM500(-)	500	3	60	3	y
218	GENE=ESR1|GENE_NO=218|TRANSCRIPT=ENST00000206249.8|STRAND=+|COSMIC=COSG61326|REGION=TSS_UPSTREAM500(+)	ESR1	218	ENST00000206249.8	+	COSG61326	TSS_UPSTREAM500(+)	500	3	34	2	y
219	GENE=ETNK1|GENE_NO=219|TRANSCRIPT=ENST00000266517.9|STRAND=+|COSMIC=COSG90071|REGION=TSS_UPSTREAM500(+)	ETNK1	219	ENST00000266517.9	+	COSG90071	TSS_UPSTREAM500(+)	500	3	36	2	y
220	GENE=ETV1|GENE_NO=220|TRANSCRIPT=ENST00000430479.6|STRAND=-|COSMIC=COSG94966|REGION=TSS_UPSTREAM500(-)	ETV1	220	ENST00000430479.6	-	COSG94966	TSS_UPSTREAM500(-)	500	4	61	3	y
221	GENE=ETV4|GENE_NO=221|TRANSCRIPT=ENST00000319349.10|STRAND=-|COSMIC=COSG95406|REGION=TSS_UPSTREAM500(-)	ETV4	221	ENST00000319349.10	-	COSG95406	TSS_UPSTREAM500(-)	500	2	61	3	y
222	GENE=ETV5|GENE_NO=222|TRANSCRIPT=ENST00000306376.10|STRAND=-|COSMIC=COSG94466|REGION=TSS_UPSTREAM500(-)	ETV5	222	ENST00000306376.10	-	COSG94466	TSS_UPSTREAM500(-)	500	2	62	3	y
223	GENE=ETV6|GENE_NO=223|TRANSCRIPT=ENST00000396373.9|STRAND=+|COSMIC=COSG88065|REGION=TSS_UPSTREAM500(+)	ETV6	223	ENST00000396373.9	+	COSG88065	TSS_UPSTREAM500(+)	500	2	58	3	y
224	GENE=EWSR1|GENE_NO=224|TRANSCRIPT=ENST00000397938.7|STRAND=+|COSMIC=COSG80325|REGION=TSS_UPSTREAM500(+)	EWSR1	224	ENST00000397938.7	+	COSG80325	TSS_UPSTREAM500(+)	500	3	34	2	y
225	GENE=EXT1|GENE_NO=225|TRANSCRIPT=ENST00000378204.7|STRAND=-|COSMIC=COSG91391|REGION=TSS_UPSTREAM500(-)	EXT1	225	ENST00000378204.7	-	COSG91391	TSS_UPSTREAM500(-)	500	2	62	3	y
226	GENE=EXT2|GENE_NO=226|TRANSCRIPT=ENST00000533608.7|STRAND=+|COSMIC=COSG109806|REGION=TSS_UPSTREAM500(+)	EXT2	226	ENST00000533608.7	+	COSG109806	TSS_UPSTREAM500(+)	500	2	34	2	y
227	GENE=EZH2|GENE_NO=227|TRANSCRIPT=ENST00000320356.7|STRAND=-|COSMIC=COSG109206|REGION=TSS_UPSTREAM500(-)	EZH2	227	ENST00000320356.7	-	COSG109206	TSS_UPSTREAM500(-)	500	4	56	3	y
228	GENE=EZR|GENE_NO=228|TRANSCRIPT=ENST00000367075.4|STRAND=-|COSMIC=COSG78273|REGION=TSS_UPSTREAM500(-)	EZR	228	ENST00000367075.4	-	COSG78273	TSS_UPSTREAM500(-)	500	2	62	3	y
229	GENE=FADD|GENE_NO=229|TRANSCRIPT=ENST00000301838.5|STRAND=+|COSMIC=COSG88220|REGION=TSS_UPSTREAM500(+)	FADD	229	ENST00000301838.5	+	COSG88220	TSS_UPSTREAM500(+)	500	1	35	2	y
230	GENE=FAM131B|GENE_NO=230|TRANSCRIPT=ENST00000443739.7|STRAND=-|COSMIC=COSG98719|REGION=TSS_UPSTREAM500(-)	FAM131B	230	ENST00000443739.7	-	COSG98719	TSS_UPSTREAM500(-)	500	2	61	3	y
231	GENE=FAM135B|GENE_NO=231|TRANSCRIPT=ENST00000395297.6|STRAND=-|COSMIC=COSG92822|REGION=TSS_UPSTREAM500(-)	FAM135B	231	ENST00000395297.6	-	COSG92822	TSS_UPSTREAM500(-)	500	2	62	3	y
232	GENE=FAM47C|GENE_NO=232|TRANSCRIPT=ENST00000358047.5|STRAND=+|COSMIC=COSG61751|REGION=TSS_UPSTREAM500(+)	FAM47C	232	ENST00000358047.5	+	COSG61751	TSS_UPSTREAM500(+)	500	2	34	2	y
233	GENE=FANCA|GENE_NO=233|TRANSCRIPT=ENST00000389301.8|STRAND=-|COSMIC=COSG82650|REGION=TSS_UPSTREAM500(-)	FANCA	233	ENST00000389301.8	-	COSG82650	TSS_UPSTREAM500(-)	500	2	35	2	y
234	GENE=FANCC|GENE_NO=234|TRANSCRIPT=ENST00000289081.8|STRAND=-|COSMIC=COSG73016|REGION=TSS_UPSTREAM500(-)	FANCC	234	ENST00000289081.8	-	COSG73016	TSS_UPSTREAM500(-)	500	4	29	2	y
235	GENE=FANCD2|GENE_NO=235|TRANSCRIPT=ENST00000675286.1|STRAND=+|COSMIC=COSG111784|REGION=TSS_UPSTREAM500(+)	FANCD2	235	ENST00000675286.1	+	COSG111784	TSS_UPSTREAM500(+)	500	2	47	3	y
236	GENE=FANCE|GENE_NO=236|TRANSCRIPT=ENST00000229769.3|STRAND=+|COSMIC=COSG112045|REGION=TSS_UPSTREAM500(+)	FANCE	236	ENST00000229769.3	+	COSG112045	TSS_UPSTREAM500(+)	500	3	57	3	y
237	GENE=FANCF|GENE_NO=237|TRANSCRIPT=ENST00000327470.6|STRAND=-|COSMIC=COSG111782|REGION=TSS_UPSTREAM500(-)	FANCF	237	ENST00000327470.6	-	COSG111782	TSS_UPSTREAM500(-)	500	2	32	2	y
238	GENE=FANCG|GENE_NO=238|TRANSCRIPT=ENST00000378643.8|STRAND=-|COSMIC=COSG78051|REGION=TSS_UPSTREAM500(-)	FANCG	238	ENST00000378643.8	-	COSG78051	TSS_UPSTREAM500(-)	500	3	36	2	y
239	GENE=FANCI|GENE_NO=239|TRANSCRIPT=ENST00000310775.12|STRAND=+|COSMIC=COSG110279|REGION=TSS_UPSTREAM500(+)	FANCI	239	ENST00000310775.12	+	COSG110279	TSS_UPSTREAM500(+)	500	4	33	2	y
240	GENE=FANCM|GENE_NO=240|TRANSCRIPT=ENST00000267430.10|STRAND=+|COSMIC=COSG61011|REGION=TSS_UPSTREAM500(+)	FANCM	240	ENST00000267430.10	+	COSG61011	TSS_UPSTREAM500(+)	500	1	33	2	y
241	GENE=FAS|GENE_NO=241|TRANSCRIPT=ENST00000652046.1|STRAND=+|COSMIC=COSG73953|REGION=TSS_UPSTREAM500(+)	FAS	241	ENST00000652046.1	+	COSG73953	TSS_UPSTREAM500(+)	500	2	35	2	y
242	GENE=FAT1|GENE_NO=242|TRANSCRIPT=ENST00000441802.7|STRAND=-|COSMIC=COSG73476|REGION=TSS_UPSTREAM500(-)	FAT1	242	ENST00000441802.7	-	COSG73476	TSS_UPSTREAM500(-)	500	3	62	3	y
243	GENE=FAT3|GENE_NO=243|TRANSCRIPT=ENST00000525166.6|STRAND=+|COSMIC=COSG114528|REGION=TSS_UPSTREAM500(+)	FAT3	243	ENST00000525166.6	+	COSG114528	TSS_UPSTREAM500(+)	500	3	35	2	y
244	GENE=FAT4|GENE_NO=244|TRANSCRIPT=ENST00000394329.9|STRAND=+|COSMIC=COSG107228|REGION=TSS_UPSTREAM500(+)	FAT4	244	ENST00000394329.9	+	COSG107228	TSS_UPSTREAM500(+)	500	1	63	3	y
245	GENE=FBLN2|GENE_NO=245|TRANSCRIPT=ENST00000404922.8|STRAND=+|COSMIC=COSG115621|REGION=TSS_UPSTREAM500(+)	FBLN2	245	ENST00000404922.8	+	COSG115621	TSS_UPSTREAM500(+)	500	1	62	3	y
246	GENE=FBXO11|GENE_NO=246|TRANSCRIPT=ENST00000403359.8|STRAND=-|COSMIC=COSG86840|REGION=TSS_UPSTREAM500(-)	FBXO11	246	ENST00000403359.8	-	COSG86840	TSS_UPSTREAM500(-)	500	3	58	3	y
247	GENE=FBXW7|GENE_NO=247|TRANSCRIPT=ENST00000281708.10|STRAND=-|COSMIC=COSG70576|REGION=TSS_UPSTREAM500(-)	FBXW7	247	ENST00000281708.10	-	COSG70576	TSS_UPSTREAM500(-)	500	4	36	2	y
248	GENE=FCGR2B|GENE_NO=248|TRANSCRIPT=ENST00000358671.10|STRAND=+|COSMIC=COSG76068|REGION=TSS_UPSTREAM500(+)	FCGR2B	248	ENST00000358671.10	+	COSG76068	TSS_UPSTREAM500(+)	500	4	35	2	y
249	GENE=FCRL4|GENE_NO=249|TRANSCRIPT=ENST00000271532.2|STRAND=-|COSMIC=COSG68560|REGION=TSS_UPSTREAM500(-)	FCRL4	249	ENST00000271532.2	-	COSG68560	TSS_UPSTREAM500(-)	500	3	34	2	y
250	GENE=FEN1|GENE_NO=250|TRANSCRIPT=ENST00000305885.3|STRAND=+|COSMIC=COSG72232|REGION=TSS_UPSTREAM500(+)	FEN1	250	ENST00000305885.3	+	COSG72232	TSS_UPSTREAM500(+)	500	2	63	3	y
251	GENE=FES|GENE_NO=251|TRANSCRIPT=ENST00000328850.8|STRAND=+|COSMIC=COSG94613|REGION=TSS_UPSTREAM500(+)	FES	251	ENST00000328850.8	+	COSG94613	TSS_UPSTREAM500(+)	500	2	63	3	y
252	GENE=FEV|GENE_NO=252|TRANSCRIPT=ENST00000295727.2|STRAND=-|COSMIC=COSG106712|REGION=TSS_UPSTREAM500(-)	FEV	252	ENST00000295727.2	-	COSG106712	TSS_UPSTREAM500(-)	500	3	82	4	y
253	GENE=FGFR1|GENE_NO=253|TRANSCRIPT=ENST00000447712.7|STRAND=-|COSMIC=COSG114519|REGION=TSS_UPSTREAM500(-)	FGFR1	253	ENST00000447712.7	-	COSG114519	TSS_UPSTREAM500(-)	500	2	56	3	y
254	GENE=FGFR1OP|GENE_NO=254|TRANSCRIPT=ENST00000366847.9|STRAND=+|COSMIC=COSG60450|REGION=TSS_UPSTREAM500(+)	FGFR1OP	254	ENST00000366847.9	+	COSG60450	TSS_UPSTREAM500(+)	500	4	54	3	y
255	GENE=FGFR2|GENE_NO=255|TRANSCRIPT=ENST00000358487.10|STRAND=-|COSMIC=COSG61759|REGION=TSS_UPSTREAM500(-)	FGFR2	255	ENST00000358487.10	-	COSG61759	TSS_UPSTREAM500(-)	500	2	62	3	y
256	GENE=FGFR3|GENE_NO=256|TRANSCRIPT=ENST00000440486.8|STRAND=+|COSMIC=COSG66931|REGION=TSS_UPSTREAM500(+)	FGFR3	256	ENST00000440486.8	+	COSG66931	TSS_UPSTREAM500(+)	500	3	83	4	y
257	GENE=FGFR4|GENE_NO=257|TRANSCRIPT=ENST00000292408.9|STRAND=+|COSMIC=COSG98910|REGION=TSS_UPSTREAM500(+)	FGFR4	257	ENST00000292408.9	+	COSG98910	TSS_UPSTREAM500(+)	500	1	78	4	y
258	GENE=FH|GENE_NO=258|TRANSCRIPT=ENST00000366560.4|STRAND=-|COSMIC=COSG94388|REGION=TSS_UPSTREAM500(-)	FH	258	ENST00000366560.4	-	COSG94388	TSS_UPSTREAM500(-)	500	1	35	2	y
259	GENE=FHIT|GENE_NO=259|TRANSCRIPT=ENST00000492590.6|STRAND=-|COSMIC=COSG72343|REGION=TSS_UPSTREAM500(-)	FHIT	259	ENST00000492590.6	-	COSG72343	TSS_UPSTREAM500(-)	500	4	33	2	y
260	GENE=FIP1L1|GENE_NO=260|TRANSCRIPT=ENST00000337488.11|STRAND=+|COSMIC=COSG62967|REGION=TSS_UPSTREAM500(+)	FIP1L1	260	ENST00000337488.11	+	COSG62967	TSS_UPSTREAM500(+)	500	3	56	3	y
261	GENE=FKBP9|GENE_NO=261|TRANSCRIPT=ENST00000242209.9|STRAND=+|COSMIC=COSG81566|REGION=TSS_UPSTREAM500(+)	FKBP9	261	ENST00000242209.9	+	COSG81566	TSS_UPSTREAM500(+)	500	3	61	3	y
262	GENE=FLCN|GENE_NO=262|TRANSCRIPT=ENST00000285071.9|STRAND=-|COSMIC=COSG83404|REGION=TSS_UPSTREAM500(-)	FLCN	262	ENST00000285071.9	-	COSG83404	TSS_UPSTREAM500(-)	500	3	62	3	y
263	GENE=FLI1|GENE_NO=263|TRANSCRIPT=ENST00000527786.7|STRAND=+|COSMIC=COSG104312|REGION=TSS_UPSTREAM500(+)	FLI1	263	ENST00000527786.7	+	COSG104312	TSS_UPSTREAM500(+)	500	2	79	4	y
264	GENE=FLNA|GENE_NO=264|TRANSCRIPT=ENST00000369850.10|STRAND=-|COSMIC=COSG74753|REGION=TSS_UPSTREAM500(-)	FLNA	264	ENST00000369850.10	-	COSG74753	TSS_UPSTREAM500(-)	500	4	63	3	y
265	GENE=FLT3|GENE_NO=265|TRANSCRIPT=ENST00000241453.12|STRAND=-|COSMIC=COSG64752|REGION=TSS_UPSTREAM500(-)	FLT3	265	ENST00000241453.12	-	COSG64752	TSS_UPSTREAM500(-)	500	3	36	2	y
266	GENE=FLT4|GENE_NO=266|TRANSCRIPT=ENST00000261937.11|STRAND=-|COSMIC=COSG95485|REGION=TSS_UPSTREAM500(-)	FLT4	266	ENST00000261937.11	-	COSG95485	TSS_UPSTREAM500(-)	500	1	64	3	y
267	GENE=FNBP1|GENE_NO=267|TRANSCRIPT=ENST00000446176.7|STRAND=-|COSMIC=COSG106586|REGION=TSS_UPSTREAM500(-)	FNBP1	267	ENST00000446176.7	-	COSG106586	TSS_UPSTREAM500(-)	500	4	81	4	y
268	GENE=FOXA1|GENE_NO=268|TRANSCRIPT=ENST00000250448.5|STRAND=-|COSMIC=COSG106486|REGION=TSS_UPSTREAM500(-)	FOXA1	268	ENST00000250448.5	-	COSG106486	TSS_UPSTREAM500(-)	500	2	82	4	y
269	GENE=FOXL2|GENE_NO=269|TRANSCRIPT=ENST00000648323.1|STRAND=-|COSMIC=COSG66822|REGION=TSS_UPSTREAM500(-)	FOXL2	269	ENST00000648323.1	-	COSG66822	TSS_UPSTREAM500(-)	500	2	58	3	y
270	GENE=FOXO1|GENE_NO=270|TRANSCRIPT=ENST00000379561.6|STRAND=-|COSMIC=COSG102574|REGION=TSS_UPSTREAM500(-)	FOXO1	270	ENST00000379561.6	-	COSG102574	TSS_UPSTREAM500(-)	500	2	52	3	y
271	GENE=FOXO3|GENE_NO=271|TRANSCRIPT=ENST00000406360.2|STRAND=+|COSMIC=COSG76666|REGION=TSS_UPSTREAM500(+)	FOXO3	271	ENST00000406360.2	+	COSG76666	TSS_UPSTREAM500(+)	500	4	61	3	y
272	GENE=FOXO4|GENE_NO=272|TRANSCRIPT=ENST00000374259.8|STRAND=+|COSMIC=COSG58773|REGION=TSS_UPSTREAM500(+)	FOXO4	272	ENST00000374259.8	+	COSG58773	TSS_UPSTREAM500(+)	500	3	61	3	y
273	GENE=FOXP1|GENE_NO=273|TRANSCRIPT=ENST00000649528.3|STRAND=-|COSMIC=COSG71217|REGION=TSS_UPSTREAM500(-)	FOXP1	273	ENST00000649528.3	-	COSG71217	TSS_UPSTREAM500(-)	500	3	64	3	y
274	GENE=FOXR1|GENE_NO=274|TRANSCRIPT=ENST00000317011.8|STRAND=+|COSMIC=COSG107615|REGION=TSS_UPSTREAM500(+)	FOXR1	274	ENST00000317011.8	+	COSG107615	TSS_UPSTREAM500(+)	500	1	50	3	y
275	GENE=FSTL3|GENE_NO=275|TRANSCRIPT=ENST00000166139.9|STRAND=+|COSMIC=COSG114579|REGION=TSS_UPSTREAM500(+)	FSTL3	275	ENST00000166139.9	+	COSG114579	TSS_UPSTREAM500(+)	500	3	62	3	y
276	GENE=FUBP1|GENE_NO=276|TRANSCRIPT=ENST00000370768.7|STRAND=-|COSMIC=COSG70617|REGION=TSS_UPSTREAM500(-)	FUBP1	276	ENST00000370768.7	-	COSG70617	TSS_UPSTREAM500(-)	500	1	31	2	y
277	GENE=FUS|GENE_NO=277|TRANSCRIPT=ENST00000254108.12|STRAND=+|COSMIC=COSG115221|REGION=TSS_UPSTREAM500(+)	FUS	277	ENST00000254108.12	+	COSG115221	TSS_UPSTREAM500(+)	500	4	55	3	y
278	GENE=GAS7|GENE_NO=278|TRANSCRIPT=ENST00000432992.7|STRAND=-|COSMIC=COSG96511|REGION=TSS_UPSTREAM500(-)	GAS7	278	ENST00000432992.7	-	COSG96511	TSS_UPSTREAM500(-)	500	3	36	2	y
279	GENE=GATA1|GENE_NO=279|TRANSCRIPT=ENST00000376670.9|STRAND=+|COSMIC=COSG87468|REGION=TSS_UPSTREAM500(+)	GATA1	279	ENST00000376670.9	+	COSG87468	TSS_UPSTREAM500(+)	500	1	64	3	y
280	GENE=GATA2|GENE_NO=280|TRANSCRIPT=ENST00000341105.7|STRAND=-|COSMIC=COSG113001|REGION=TSS_UPSTREAM500(-)	GATA2	280	ENST00000341105.7	-	COSG113001	TSS_UPSTREAM500(-)	500	4	36	2	y
281	GENE=GATA3|GENE_NO=281|TRANSCRIPT=ENST00000379328.9|STRAND=+|COSMIC=COSG76073|REGION=TSS_UPSTREAM500(+)	GATA3	281	ENST00000379328.9	+	COSG76073	TSS_UPSTREAM500(+)	500	2	82	4	y
282	GENE=GLI1|GENE_NO=282|TRANSCRIPT=ENST00000228682.7|STRAND=+|COSMIC=COSG60145|REGION=TSS_UPSTREAM500(+)	GLI1	282	ENST00000228682.7	+	COSG60145	TSS_UPSTREAM500(+)	500	4	64	3	y
283	GENE=GMPS|GENE_NO=283|TRANSCRIPT=ENST00000496455.7|STRAND=+|COSMIC=COSG90794|REGION=TSS_UPSTREAM500(+)	GMPS	283	ENST00000496455.7	+	COSG90794	TSS_UPSTREAM500(+)	500	1	64	3	y
284	GENE=GNA11|GENE_NO=284|TRANSCRIPT=ENST00000078429.9|STRAND=+|COSMIC=COSG111894|REGION=TSS_UPSTREAM500(+)	GNA11	284	ENST00000078429.9	+	COSG111894	TSS_UPSTREAM500(+)	500	3	36	2	y
285	GENE=GNAQ|GENE_NO=285|TRANSCRIPT=ENST00000286548.9|STRAND=-|COSMIC=COSG98291|REGION=TSS_UPSTREAM500(-)	GNAQ	285	ENST00000286548.9	-	COSG98291	TSS_UPSTREAM500(-)	500	2	78	4	y
286	GENE=GNAS|GENE_NO=286|TRANSCRIPT=ENST00000371085.8|STRAND=+|COSMIC=COSG82860|REGION=TSS_UPSTREAM500(+)	GNAS	286	ENST00000371085.8	+	COSG82860	TSS_UPSTREAM500(+)	500	2	62	3	y
287	GENE=GOLGA5|GENE_NO=287|TRANSCRIPT=ENST00000163416.7|STRAND=+|COSMIC=COSG65089|REGION=TSS_UPSTREAM500(+)	GOLGA5	287	ENST00000163416.7	+	COSG65089	TSS_UPSTREAM500(+)	500	1	36	2	y
288	GENE=GOLPH3|GENE_NO=288|TRANSCRIPT=ENST00000265070.7|STRAND=-|COSMIC=COSG112121|REGION=TSS_UPSTREAM500(-)	GOLPH3	288	ENST00000265070.7	-	COSG112121	TSS_UPSTREAM500(-)	500	1	61	3	y
289	GENE=GOPC|GENE_NO=289|TRANSCRIPT=ENST00000368498.7|STRAND=-|COSMIC=COSG62335|REGION=TSS_UPSTREAM500(-)	GOPC	289	ENST00000368498.7	-	COSG62335	TSS_UPSTREAM500(-)	500	5	36	2	y
290	GENE=GPC3|GENE_NO=290|TRANSCRIPT=ENST00000370818.8|STRAND=-|COSMIC=COSG62939|REGION=TSS_UPSTREAM500(-)	GPC3	290	ENST00000370818.8	-	COSG62939	TSS_UPSTREAM500(-)	500	3	60	3	y
291	GENE=GPC5|GENE_NO=291|TRANSCRIPT=ENST00000377067.9|STRAND=+|COSMIC=COSG92536|REGION=TSS_UPSTREAM500(+)	GPC5	291	ENST00000377067.9	+	COSG92536	TSS_UPSTREAM500(+)	500	2	81	4	y
292	GENE=GPHN|GENE_NO=292|TRANSCRIPT=ENST00000478722.6|STRAND=+|COSMIC=COSG100626|REGION=TSS_UPSTREAM500(+)	GPHN	292	ENST00000478722.6	+	COSG100626	TSS_UPSTREAM500(+)	500	3	34	2	y
293	GENE=GRIN2A|GENE_NO=293|TRANSCRIPT=ENST00000330684.4|STRAND=-|COSMIC=COSG108203|REGION=TSS_UPSTREAM500(-)	GRIN2A	293	ENST00000330684.4	-	COSG108203	TSS_UPSTREAM500(-)	500	1	62	3	y
294	GENE=GRM3|GENE_NO=294|TRANSCRIPT=ENST00000361669.7|STRAND=+|COSMIC=COSG74476|REGION=TSS_UPSTREAM500(+)	GRM3	294	ENST00000361669.7	+	COSG74476	TSS_UPSTREAM500(+)	500	2	36	2	y
295	GENE=GSK3B|GENE_NO=295|TRANSCRIPT=ENST00000264235.13|STRAND=-|COSMIC=COSG78014|REGION=TSS_UPSTREAM500(-)	GSK3B	295	ENST00000264235.13	-	COSG78014	TSS_UPSTREAM500(-)	500	1	58	3	y
296	GENE=GTF2I|GENE_NO=296|TRANSCRIPT=ENST00000573035.6|STRAND=+|COSMIC=COSG103299|REGION=TSS_UPSTREAM500(+)	GTF2I	296	ENST00000573035.6	+	COSG103299	TSS_UPSTREAM500(+)	500	6	51	3	y
297	GENE=H3F3A|GENE_NO=297|TRANSCRIPT=ENST00000366815.10|STRAND=+|COSMIC=COSG83297|REGION=TSS_UPSTREAM500(+)	H3F3A	297	ENST00000366815.10	+	COSG83297	TSS_UPSTREAM500(+)	500	3	75	4	y
298	GENE=H3F3B|GENE_NO=298|TRANSCRIPT=ENST00000254810.8|STRAND=-|COSMIC=COSG91461|REGION=TSS_UPSTREAM500(-)	H3F3B	298	ENST00000254810.8	-	COSG91461	TSS_UPSTREAM500(-)	500	2	32	2	y
299	GENE=HERPUD1|GENE_NO=299|TRANSCRIPT=ENST00000439977.7|STRAND=+|COSMIC=COSG102009|REGION=TSS_UPSTREAM500(+)	HERPUD1	299	ENST00000439977.7	+	COSG102009	TSS_UPSTREAM500(+)	500	2	60	3	y
300	GENE=HEY1|GENE_NO=300|TRANSCRIPT=ENST00000354724.8|STRAND=-|COSMIC=COSG65409|REGION=TSS_UPSTREAM500(-)	HEY1	300	ENST00000354724.8	-	COSG65409	TSS_UPSTREAM500(-)	500	3	61	3	y
301	GENE=HGF|GENE_NO=301|TRANSCRIPT=ENST00000222390.11|STRAND=-|COSMIC=COSG65657|REGION=TSS_UPSTREAM500(-)	HGF	301	ENST00000222390.11	-	COSG65657	TSS_UPSTREAM500(-)	500	3	84	4	y
302	GENE=HIF1A|GENE_NO=302|TRANSCRIPT=ENST00000337138.9|STRAND=+|COSMIC=COSG84346|REGION=TSS_UPSTREAM500(+)	HIF1A	302	ENST00000337138.9	+	COSG84346	TSS_UPSTREAM500(+)	500	2	57	3	y
303	GENE=HIP1|GENE_NO=303|TRANSCRIPT=ENST00000336926.11|STRAND=-|COSMIC=COSG87160|REGION=TSS_UPSTREAM500(-)	HIP1	303	ENST00000336926.11	-	COSG87160	TSS_UPSTREAM500(-)	500	3	80	4	y
304	GENE=HIST1H4I|GENE_NO=305|TRANSCRIPT=ENST00000615353.2|STRAND=+|COSMIC=COSG99670|REGION=TSS_UPSTREAM500(+)	HIST1H4I	305	ENST00000615353.2	+	COSG99670	TSS_UPSTREAM500(+)	500	1	34	2	y
305	GENE=HLA-A|GENE_NO=306|TRANSCRIPT=ENST00000376809.10|STRAND=+|COSMIC=COSG104170|REGION=TSS_UPSTREAM500(+)	HLA-A	306	ENST00000376809.10	+	COSG104170	TSS_UPSTREAM500(+)	500	2	60	3	y
306	GENE=HLF|GENE_NO=307|TRANSCRIPT=ENST00000226067.10|STRAND=+|COSMIC=COSG74351|REGION=TSS_UPSTREAM500(+)	HLF	307	ENST00000226067.10	+	COSG74351	TSS_UPSTREAM500(+)	500	3	36	2	y
307	GENE=HMGA1|GENE_NO=308|TRANSCRIPT=ENST00000311487.9|STRAND=+|COSMIC=COSG100629|REGION=TSS_UPSTREAM500(+)	HMGA1	308	ENST00000311487.9	+	COSG100629	TSS_UPSTREAM500(+)	500	4	62	3	y
308	GENE=HMGA2|GENE_NO=309|TRANSCRIPT=ENST00000403681.7|STRAND=+|COSMIC=COSG69442|REGION=TSS_UPSTREAM500(+)	HMGA2	309	ENST00000403681.7	+	COSG69442	TSS_UPSTREAM500(+)	500	2	60	3	y
309	GENE=HMGN2P46|GENE_NO=310|TRANSCRIPT=ENST00000598619.1|STRAND=+|COSMIC=COSG91008|REGION=TSS_UPSTREAM500(+)	HMGN2P46	310	ENST00000598619.1	+	COSG91008	TSS_UPSTREAM500(+)	500	1	26	2	y
310	GENE=HNF1A|GENE_NO=311|TRANSCRIPT=ENST00000257555.11|STRAND=+|COSMIC=COSG70564|REGION=TSS_UPSTREAM500(+)	HNF1A	311	ENST00000257555.11	+	COSG70564	TSS_UPSTREAM500(+)	500	2	55	3	y
311	GENE=HNRNPA2B1|GENE_NO=312|TRANSCRIPT=ENST00000618183.5|STRAND=-|COSMIC=COSG88183|REGION=TSS_UPSTREAM500(-)	HNRNPA2B1	312	ENST00000618183.5	-	COSG88183	TSS_UPSTREAM500(-)	500	3	36	2	y
312	GENE=HOOK3|GENE_NO=313|TRANSCRIPT=ENST00000307602.9|STRAND=+|COSMIC=COSG101512|REGION=TSS_UPSTREAM500(+)	HOOK3	313	ENST00000307602.9	+	COSG101512	TSS_UPSTREAM500(+)	500	2	72	4	y
313	GENE=HOXA11|GENE_NO=314|TRANSCRIPT=ENST00000006015.4|STRAND=-|COSMIC=COSG65276|REGION=TSS_UPSTREAM500(-)	HOXA11	314	ENST00000006015.4	-	COSG65276	TSS_UPSTREAM500(-)	500	3	60	3	y
314	GENE=HOXA13|GENE_NO=315|TRANSCRIPT=ENST00000649031.1|STRAND=-|COSMIC=COSG98272|REGION=TSS_UPSTREAM500(-)	HOXA13	315	ENST00000649031.1	-	COSG98272	TSS_UPSTREAM500(-)	500	2	63	3	y
315	GENE=HOXA9|GENE_NO=316|TRANSCRIPT=ENST00000343483.7|STRAND=-|COSMIC=COSG109289|REGION=TSS_UPSTREAM500(-)	HOXA9	316	ENST00000343483.7	-	COSG109289	TSS_UPSTREAM500(-)	500	3	35	2	y
316	GENE=HOXC11|GENE_NO=317|TRANSCRIPT=ENST00000546378.1|STRAND=+|COSMIC=COSG63604|REGION=TSS_UPSTREAM500(+)	HOXC11	317	ENST00000546378.1	+	COSG63604	TSS_UPSTREAM500(+)	500	2	32	2	y
317	GENE=HOXC13|GENE_NO=318|TRANSCRIPT=ENST00000243056.5|STRAND=+|COSMIC=COSG58815|REGION=TSS_UPSTREAM500(+)	HOXC13	318	ENST00000243056.5	+	COSG58815	TSS_UPSTREAM500(+)	500	3	77	4	y
318	GENE=HOXD11|GENE_NO=319|TRANSCRIPT=ENST00000249504.7|STRAND=+|COSMIC=COSG102737|REGION=TSS_UPSTREAM500(+)	HOXD11	319	ENST00000249504.7	+	COSG102737	TSS_UPSTREAM500(+)	500	5	60	3	y
319	GENE=HOXD13|GENE_NO=320|TRANSCRIPT=ENST00000392539.4|STRAND=+|COSMIC=COSG60623|REGION=TSS_UPSTREAM500(+)	HOXD13	320	ENST00000392539.4	+	COSG60623	TSS_UPSTREAM500(+)	500	1	64	3	y
320	GENE=HRAS|GENE_NO=321|TRANSCRIPT=ENST00000311189.8|STRAND=-|COSMIC=COSG113788|REGION=TSS_UPSTREAM500(-)	HRAS	321	ENST00000311189.8	-	COSG113788	TSS_UPSTREAM500(-)	500	2	56	3	y
321	GENE=HSP90AA1|GENE_NO=322|TRANSCRIPT=ENST00000216281.13|STRAND=-|COSMIC=COSG94795|REGION=TSS_UPSTREAM500(-)	HSP90AA1	322	ENST00000216281.13	-	COSG94795	TSS_UPSTREAM500(-)	500	1	63	3	y
322	GENE=HSP90AB1|GENE_NO=323|TRANSCRIPT=ENST00000371646.10|STRAND=+|COSMIC=COSG103171|REGION=TSS_UPSTREAM500(+)	HSP90AB1	323	ENST00000371646.10	+	COSG103171	TSS_UPSTREAM500(+)	500	3	36	2	y
323	GENE=ID3|GENE_NO=324|TRANSCRIPT=ENST00000374561.6|STRAND=-|COSMIC=COSG96223|REGION=TSS_UPSTREAM500(-)	ID3	324	ENST00000374561.6	-	COSG96223	TSS_UPSTREAM500(-)	500	3	62	3	y
324	GENE=IDH1|GENE_NO=325|TRANSCRIPT=ENST00000345146.7|STRAND=-|COSMIC=COSG108257|REGION=TSS_UPSTREAM500(-)	IDH1	325	ENST00000345146.7	-	COSG108257	TSS_UPSTREAM500(-)	500	3	74	4	y
325	GENE=IDH2|GENE_NO=326|TRANSCRIPT=ENST00000330062.8|STRAND=-|COSMIC=COSG106830|REGION=TSS_UPSTREAM500(-)	IDH2	326	ENST00000330062.8	-	COSG106830	TSS_UPSTREAM500(-)	500	4	36	2	y
326	GENE=IGF2BP2|GENE_NO=327|TRANSCRIPT=ENST00000382199.7|STRAND=-|COSMIC=COSG84546|REGION=TSS_UPSTREAM500(-)	IGF2BP2	327	ENST00000382199.7	-	COSG84546	TSS_UPSTREAM500(-)	500	3	77	4	y
327	GENE=IKBKB|GENE_NO=331|TRANSCRIPT=ENST00000520810.6|STRAND=+|COSMIC=COSG112543|REGION=TSS_UPSTREAM500(+)	IKBKB	331	ENST00000520810.6	+	COSG112543	TSS_UPSTREAM500(+)	500	4	50	3	y
328	GENE=IKZF1|GENE_NO=332|TRANSCRIPT=ENST00000331340.8|STRAND=+|COSMIC=COSG89430|REGION=TSS_UPSTREAM500(+)	IKZF1	332	ENST00000331340.8	+	COSG89430	TSS_UPSTREAM500(+)	500	2	60	3	y
329	GENE=IKZF3|GENE_NO=333|TRANSCRIPT=ENST00000346872.8|STRAND=-|COSMIC=COSG116030|REGION=TSS_UPSTREAM500(-)	IKZF3	333	ENST00000346872.8	-	COSG116030	TSS_UPSTREAM500(-)	500	2	35	2	y
330	GENE=IL2|GENE_NO=334|TRANSCRIPT=ENST00000226730.5|STRAND=-|COSMIC=COSG70981|REGION=TSS_UPSTREAM500(-)	IL2	334	ENST00000226730.5	-	COSG70981	TSS_UPSTREAM500(-)	500	0	0	0	n
331	GENE=IL21R|GENE_NO=335|TRANSCRIPT=ENST00000337929.8|STRAND=+|COSMIC=COSG111352|REGION=TSS_UPSTREAM500(+)	IL21R	335	ENST00000337929.8	+	COSG111352	TSS_UPSTREAM500(+)	500	3	61	3	y
332	GENE=IL6ST|GENE_NO=336|TRANSCRIPT=ENST00000381298.7|STRAND=-|COSMIC=COSG71872|REGION=TSS_UPSTREAM500(-)	IL6ST	336	ENST00000381298.7	-	COSG71872	TSS_UPSTREAM500(-)	500	2	63	3	y
333	GENE=IL7R|GENE_NO=337|TRANSCRIPT=ENST00000303115.8|STRAND=+|COSMIC=COSG64472|REGION=TSS_UPSTREAM500(+)	IL7R	337	ENST00000303115.8	+	COSG64472	TSS_UPSTREAM500(+)	500	2	34	2	y
334	GENE=IRF4|GENE_NO=338|TRANSCRIPT=ENST00000380956.9|STRAND=+|COSMIC=COSG105639|REGION=TSS_UPSTREAM500(+)	IRF4	338	ENST00000380956.9	+	COSG105639	TSS_UPSTREAM500(+)	500	3	57	3	y
335	GENE=IRS4|GENE_NO=339|TRANSCRIPT=ENST00000372129.4|STRAND=-|COSMIC=COSG76787|REGION=TSS_UPSTREAM500(-)	IRS4	339	ENST00000372129.4	-	COSG76787	TSS_UPSTREAM500(-)	500	3	34	2	y
336	GENE=ISX|GENE_NO=340|TRANSCRIPT=ENST00000404699.7|STRAND=+|COSMIC=COSG92515|REGION=TSS_UPSTREAM500(+)	ISX	340	ENST00000404699.7	+	COSG92515	TSS_UPSTREAM500(+)	500	2	28	2	y
337	GENE=ITGAV|GENE_NO=341|TRANSCRIPT=ENST00000261023.8|STRAND=+|COSMIC=COSG89546|REGION=TSS_UPSTREAM500(+)	ITGAV	341	ENST00000261023.8	+	COSG89546	TSS_UPSTREAM500(+)	500	3	50	3	y
338	GENE=ITGB1|GENE_NO=342|TRANSCRIPT=ENST00000302278.8|STRAND=-|COSMIC=COSG60418|REGION=TSS_UPSTREAM500(-)	ITGB1	342	ENST00000302278.8	-	COSG60418	TSS_UPSTREAM500(-)	500	2	57	3	y
339	GENE=ITK|GENE_NO=343|TRANSCRIPT=ENST00000422843.8|STRAND=+|COSMIC=COSG90766|REGION=TSS_UPSTREAM500(+)	ITK	343	ENST00000422843.8	+	COSG90766	TSS_UPSTREAM500(+)	500	1	29	2	y
340	GENE=JAK1|GENE_NO=344|TRANSCRIPT=ENST00000342505.5|STRAND=-|COSMIC=COSG63689|REGION=TSS_UPSTREAM500(-)	JAK1	344	ENST00000342505.5	-	COSG63689	TSS_UPSTREAM500(-)	500	3	80	4	y
341	GENE=JAK2|GENE_NO=345|TRANSCRIPT=ENST00000381652.4|STRAND=+|COSMIC=COSG58883|REGION=TSS_UPSTREAM500(+)	JAK2	345	ENST00000381652.4	+	COSG58883	TSS_UPSTREAM500(+)	500	3	35	2	y
342	GENE=JAK3|GENE_NO=346|TRANSCRIPT=ENST00000458235.7|STRAND=-|COSMIC=COSG84587|REGION=TSS_UPSTREAM500(-)	JAK3	346	ENST00000458235.7	-	COSG84587	TSS_UPSTREAM500(-)	500	4	34	2	y
343	GENE=JAZF1|GENE_NO=347|TRANSCRIPT=ENST00000283928.10|STRAND=-|COSMIC=COSG79452|REGION=TSS_UPSTREAM500(-)	JAZF1	347	ENST00000283928.10	-	COSG79452	TSS_UPSTREAM500(-)	500	2	34	2	y
344	GENE=JUN|GENE_NO=348|TRANSCRIPT=ENST00000371222.4|STRAND=-|COSMIC=COSG84672|REGION=TSS_UPSTREAM500(-)	JUN	348	ENST00000371222.4	-	COSG84672	TSS_UPSTREAM500(-)	500	2	64	3	y
345	GENE=KAT6A|GENE_NO=349|TRANSCRIPT=ENST00000265713.8|STRAND=-|COSMIC=COSG110810|REGION=TSS_UPSTREAM500(-)	KAT6A	349	ENST00000265713.8	-	COSG110810	TSS_UPSTREAM500(-)	500	3	34	2	y
346	GENE=KAT6B|GENE_NO=350|TRANSCRIPT=ENST00000287239.10|STRAND=+|COSMIC=COSG100264|REGION=TSS_UPSTREAM500(+)	KAT6B	350	ENST00000287239.10	+	COSG100264	TSS_UPSTREAM500(+)	500	2	81	4	y
347	GENE=KAT7|GENE_NO=351|TRANSCRIPT=ENST00000259021.9|STRAND=+|COSMIC=COSG90061|REGION=TSS_UPSTREAM500(+)	KAT7	351	ENST00000259021.9	+	COSG90061	TSS_UPSTREAM500(+)	500	3	30	2	y
348	GENE=KCNJ5|GENE_NO=352|TRANSCRIPT=ENST00000529694.6|STRAND=+|COSMIC=COSG80472|REGION=TSS_UPSTREAM500(+)	KCNJ5	352	ENST00000529694.6	+	COSG80472	TSS_UPSTREAM500(+)	500	1	92	5	y
349	GENE=KDM5A|GENE_NO=353|TRANSCRIPT=ENST00000399788.7|STRAND=-|COSMIC=COSG94857|REGION=TSS_UPSTREAM500(-)	KDM5A	353	ENST00000399788.7	-	COSG94857	TSS_UPSTREAM500(-)	500	3	36	2	y
350	GENE=KDM5C|GENE_NO=354|TRANSCRIPT=ENST00000375401.8|STRAND=-|COSMIC=COSG86736|REGION=TSS_UPSTREAM500(-)	KDM5C	354	ENST00000375401.8	-	COSG86736	TSS_UPSTREAM500(-)	500	3	36	2	y
351	GENE=KDM6A|GENE_NO=355|TRANSCRIPT=ENST00000611820.5|STRAND=+|COSMIC=COSG88842|REGION=TSS_UPSTREAM500(+)	KDM6A	355	ENST00000611820.5	+	COSG88842	TSS_UPSTREAM500(+)	500	3	63	3	y
352	GENE=KDR|GENE_NO=356|TRANSCRIPT=ENST00000263923.5|STRAND=-|COSMIC=COSG106784|REGION=TSS_UPSTREAM500(-)	KDR	356	ENST00000263923.5	-	COSG106784	TSS_UPSTREAM500(-)	500	4	62	3	y
353	GENE=KDSR|GENE_NO=357|TRANSCRIPT=ENST00000645214.2|STRAND=-|COSMIC=COSG71181|REGION=TSS_UPSTREAM500(-)	KDSR	357	ENST00000645214.2	-	COSG71181	TSS_UPSTREAM500(-)	500	2	54	3	y
354	GENE=KEAP1|GENE_NO=358|TRANSCRIPT=ENST00000171111.10|STRAND=-|COSMIC=COSG96808|REGION=TSS_UPSTREAM500(-)	KEAP1	358	ENST00000171111.10	-	COSG96808	TSS_UPSTREAM500(-)	500	3	62	3	y
355	GENE=KIAA1549|GENE_NO=359|TRANSCRIPT=ENST00000422774.2|STRAND=-|COSMIC=COSG104988|REGION=TSS_UPSTREAM500(-)	KIAA1549	359	ENST00000422774.2	-	COSG104988	TSS_UPSTREAM500(-)	500	2	64	3	y
356	GENE=KIF5B|GENE_NO=360|TRANSCRIPT=ENST00000302418.5|STRAND=-|COSMIC=COSG69778|REGION=TSS_UPSTREAM500(-)	KIF5B	360	ENST00000302418.5	-	COSG69778	TSS_UPSTREAM500(-)	500	1	54	3	y
357	GENE=KIT|GENE_NO=361|TRANSCRIPT=ENST00000288135.6|STRAND=+|COSMIC=COSG63709|REGION=TSS_UPSTREAM500(+)	KIT	361	ENST00000288135.6	+	COSG63709	TSS_UPSTREAM500(+)	500	2	62	3	y
358	GENE=KLF4|GENE_NO=362|TRANSCRIPT=ENST00000374672.5|STRAND=-|COSMIC=COSG110029|REGION=TSS_UPSTREAM500(-)	KLF4	362	ENST00000374672.5	-	COSG110029	TSS_UPSTREAM500(-)	500	4	72	4	y
359	GENE=KLF6|GENE_NO=363|TRANSCRIPT=ENST00000497571.6|STRAND=-|COSMIC=COSG63910|REGION=TSS_UPSTREAM500(-)	KLF6	363	ENST00000497571.6	-	COSG63910	TSS_UPSTREAM500(-)	500	2	93	5	y
360	GENE=KLK2|GENE_NO=364|TRANSCRIPT=ENST00000325321.8|STRAND=+|COSMIC=COSG112026|REGION=TSS_UPSTREAM500(+)	KLK2	364	ENST00000325321.8	+	COSG112026	TSS_UPSTREAM500(+)	500	2	52	3	y
361	GENE=KMT2A|GENE_NO=365|TRANSCRIPT=ENST00000534358.8|STRAND=+|COSMIC=COSG86533|REGION=TSS_UPSTREAM500(+)	KMT2A	365	ENST00000534358.8	+	COSG86533	TSS_UPSTREAM500(+)	500	2	56	3	y
362	GENE=KMT2C|GENE_NO=366|TRANSCRIPT=ENST00000262189.11|STRAND=-|COSMIC=COSG85495|REGION=TSS_UPSTREAM500(-)	KMT2C	366	ENST00000262189.11	-	COSG85495	TSS_UPSTREAM500(-)	500	3	62	3	y
363	GENE=KMT2D|GENE_NO=367|TRANSCRIPT=ENST00000301067.12|STRAND=-|COSMIC=COSG107783|REGION=TSS_UPSTREAM500(-)	KMT2D	367	ENST00000301067.12	-	COSG107783	TSS_UPSTREAM500(-)	500	3	36	2	y
364	GENE=KNL1|GENE_NO=368|TRANSCRIPT=ENST00000399668.7|STRAND=+|COSMIC=COSG107147|REGION=TSS_UPSTREAM500(+)	KNL1	368	ENST00000399668.7	+	COSG107147	TSS_UPSTREAM500(+)	500	2	34	2	y
365	GENE=KNSTRN|GENE_NO=369|TRANSCRIPT=ENST00000249776.13|STRAND=+|COSMIC=COSG111763|REGION=TSS_UPSTREAM500(+)	KNSTRN	369	ENST00000249776.13	+	COSG111763	TSS_UPSTREAM500(+)	500	1	32	2	y
366	GENE=KRAS|GENE_NO=370|TRANSCRIPT=ENST00000311936.8|STRAND=-|COSMIC=COSG86962|REGION=TSS_UPSTREAM500(-)	KRAS	370	ENST00000311936.8	-	COSG86962	TSS_UPSTREAM500(-)	500	3	53	3	y
367	GENE=KTN1|GENE_NO=371|TRANSCRIPT=ENST00000395314.8|STRAND=+|COSMIC=COSG63135|REGION=TSS_UPSTREAM500(+)	KTN1	371	ENST00000395314.8	+	COSG63135	TSS_UPSTREAM500(+)	500	3	58	3	y
368	GENE=LARP4B|GENE_NO=372|TRANSCRIPT=ENST00000316157.8|STRAND=-|COSMIC=COSG101167|REGION=TSS_UPSTREAM500(-)	LARP4B	372	ENST00000316157.8	-	COSG101167	TSS_UPSTREAM500(-)	500	2	81	4	y
369	GENE=LASP1|GENE_NO=373|TRANSCRIPT=ENST00000318008.11|STRAND=+|COSMIC=COSG73683|REGION=TSS_UPSTREAM500(+)	LASP1	373	ENST00000318008.11	+	COSG73683	TSS_UPSTREAM500(+)	500	4	63	3	y
370	GENE=LATS1|GENE_NO=374|TRANSCRIPT=ENST00000543571.6|STRAND=-|COSMIC=COSG78588|REGION=TSS_UPSTREAM500(-)	LATS1	374	ENST00000543571.6	-	COSG78588	TSS_UPSTREAM500(-)	500	3	62	3	y
371	GENE=LATS2|GENE_NO=375|TRANSCRIPT=ENST00000382592.5|STRAND=-|COSMIC=COSG64660|REGION=TSS_UPSTREAM500(-)	LATS2	375	ENST00000382592.5	-	COSG64660	TSS_UPSTREAM500(-)	500	2	51	3	y
372	GENE=LCK|GENE_NO=376|TRANSCRIPT=ENST00000336890.10|STRAND=+|COSMIC=COSG82227|REGION=TSS_UPSTREAM500(+)	LCK	376	ENST00000336890.10	+	COSG82227	TSS_UPSTREAM500(+)	500	3	62	3	y
373	GENE=LCP1|GENE_NO=377|TRANSCRIPT=ENST00000323076.7|STRAND=-|COSMIC=COSG88254|REGION=TSS_UPSTREAM500(-)	LCP1	377	ENST00000323076.7	-	COSG88254	TSS_UPSTREAM500(-)	500	2	35	2	y
374	GENE=LEF1|GENE_NO=378|TRANSCRIPT=ENST00000265165.6|STRAND=-|COSMIC=COSG73617|REGION=TSS_UPSTREAM500(-)	LEF1	378	ENST00000265165.6	-	COSG73617	TSS_UPSTREAM500(-)	500	3	54	3	y
375	GENE=LEPROTL1|GENE_NO=379|TRANSCRIPT=ENST00000321250.13|STRAND=+|COSMIC=COSG59675|REGION=TSS_UPSTREAM500(+)	LEPROTL1	379	ENST00000321250.13	+	COSG59675	TSS_UPSTREAM500(+)	500	2	62	3	y
376	GENE=LHFPL6|GENE_NO=380|TRANSCRIPT=ENST00000379589.4|STRAND=-|COSMIC=COSG81838|REGION=TSS_UPSTREAM500(-)	LHFPL6	380	ENST00000379589.4	-	COSG81838	TSS_UPSTREAM500(-)	500	3	82	4	y
377	GENE=LIFR|GENE_NO=381|TRANSCRIPT=ENST00000453190.7|STRAND=-|COSMIC=COSG108001|REGION=TSS_UPSTREAM500(-)	LIFR	381	ENST00000453190.7	-	COSG108001	TSS_UPSTREAM500(-)	500	2	83	4	y
378	GENE=LMNA|GENE_NO=382|TRANSCRIPT=ENST00000368300.9|STRAND=+|COSMIC=COSG61379|REGION=TSS_UPSTREAM500(+)	LMNA	382	ENST00000368300.9	+	COSG61379	TSS_UPSTREAM500(+)	500	3	56	3	y
379	GENE=LMO1|GENE_NO=383|TRANSCRIPT=ENST00000335790.8|STRAND=-|COSMIC=COSG58772|REGION=TSS_UPSTREAM500(-)	LMO1	383	ENST00000335790.8	-	COSG58772	TSS_UPSTREAM500(-)	500	5	35	2	y
380	GENE=LMO2|GENE_NO=384|TRANSCRIPT=ENST00000257818.3|STRAND=-|COSMIC=COSG66206|REGION=TSS_UPSTREAM500(-)	LMO2	384	ENST00000257818.3	-	COSG66206	TSS_UPSTREAM500(-)	500	1	57	3	y
381	GENE=LPP|GENE_NO=385|TRANSCRIPT=ENST00000617246.5|STRAND=+|COSMIC=COSG108197|REGION=TSS_UPSTREAM500(+)	LPP	385	ENST00000617246.5	+	COSG108197	TSS_UPSTREAM500(+)	500	3	82	4	y
382	GENE=LRIG3|GENE_NO=386|TRANSCRIPT=ENST00000320743.8|STRAND=-|COSMIC=COSG77544|REGION=TSS_UPSTREAM500(-)	LRIG3	386	ENST00000320743.8	-	COSG77544	TSS_UPSTREAM500(-)	500	4	35	2	y
383	GENE=LRP1B|GENE_NO=387|TRANSCRIPT=ENST00000389484.8|STRAND=-|COSMIC=COSG104741|REGION=TSS_UPSTREAM500(-)	LRP1B	387	ENST00000389484.8	-	COSG104741	TSS_UPSTREAM500(-)	500	4	34	2	y
384	GENE=LSM14A|GENE_NO=388|TRANSCRIPT=ENST00000544216.8|STRAND=+|COSMIC=COSG71888|REGION=TSS_UPSTREAM500(+)	LSM14A	388	ENST00000544216.8	+	COSG71888	TSS_UPSTREAM500(+)	500	3	61	3	y
385	GENE=LYL1|GENE_NO=389|TRANSCRIPT=ENST00000264824.5|STRAND=-|COSMIC=COSG61746|REGION=TSS_UPSTREAM500(-)	LYL1	389	ENST00000264824.5	-	COSG61746	TSS_UPSTREAM500(-)	500	3	58	3	y
386	GENE=LYN|GENE_NO=390|TRANSCRIPT=ENST00000519728.6|STRAND=+|COSMIC=COSG98294|REGION=TSS_UPSTREAM500(+)	LYN	390	ENST00000519728.6	+	COSG98294	TSS_UPSTREAM500(+)	500	3	35	2	y
387	GENE=LZTR1|GENE_NO=391|TRANSCRIPT=ENST00000646124.2|STRAND=+|COSMIC=COSG108978|REGION=TSS_UPSTREAM500(+)	LZTR1	391	ENST00000646124.2	+	COSG108978	TSS_UPSTREAM500(+)	500	2	62	3	y
388	GENE=MACC1|GENE_NO=392|TRANSCRIPT=ENST00000400331.10|STRAND=-|COSMIC=COSG59645|REGION=TSS_UPSTREAM500(-)	MACC1	392	ENST00000400331.10	-	COSG59645	TSS_UPSTREAM500(-)	500	3	35	2	y
389	GENE=MAF|GENE_NO=393|TRANSCRIPT=ENST00000326043.5|STRAND=-|COSMIC=COSG112125|REGION=TSS_UPSTREAM500(-)	MAF	393	ENST00000326043.5	-	COSG112125	TSS_UPSTREAM500(-)	500	3	62	3	y
390	GENE=MAFB|GENE_NO=394|TRANSCRIPT=ENST00000373313.3|STRAND=-|COSMIC=COSG61544|REGION=TSS_UPSTREAM500(-)	MAFB	394	ENST00000373313.3	-	COSG61544	TSS_UPSTREAM500(-)	500	1	63	3	y
391	GENE=MALAT1|GENE_NO=395|TRANSCRIPT=ENST00000534336.3|STRAND=+|COSMIC=COSG99097|REGION=TSS_UPSTREAM500(+)	MALAT1	395	ENST00000534336.3	+	COSG99097	TSS_UPSTREAM500(+)	500	3	35	2	y
392	GENE=MALT1|GENE_NO=396|TRANSCRIPT=ENST00000649217.2|STRAND=+|COSMIC=COSG103261|REGION=TSS_UPSTREAM500(+)	MALT1	396	ENST00000649217.2	+	COSG103261	TSS_UPSTREAM500(+)	500	3	62	3	y
393	GENE=MAML2|GENE_NO=397|TRANSCRIPT=ENST00000524717.6|STRAND=-|COSMIC=COSG108970|REGION=TSS_UPSTREAM500(-)	MAML2	397	ENST00000524717.6	-	COSG108970	TSS_UPSTREAM500(-)	500	2	32	2	y
394	GENE=MAP2K1|GENE_NO=398|TRANSCRIPT=ENST00000307102.10|STRAND=+|COSMIC=COSG59287|REGION=TSS_UPSTREAM500(+)	MAP2K1	398	ENST00000307102.10	+	COSG59287	TSS_UPSTREAM500(+)	500	4	36	2	y
395	GENE=MAP2K2|GENE_NO=399|TRANSCRIPT=ENST00000262948.10|STRAND=-|COSMIC=COSG59865|REGION=TSS_UPSTREAM500(-)	MAP2K2	399	ENST00000262948.10	-	COSG59865	TSS_UPSTREAM500(-)	500	4	54	3	y
396	GENE=MAP2K4|GENE_NO=400|TRANSCRIPT=ENST00000353533.10|STRAND=+|COSMIC=COSG96219|REGION=TSS_UPSTREAM500(+)	MAP2K4	400	ENST00000353533.10	+	COSG96219	TSS_UPSTREAM500(+)	500	2	36	2	y
397	GENE=MAP3K1|GENE_NO=401|TRANSCRIPT=ENST00000399503.4|STRAND=+|COSMIC=COSG73783|REGION=TSS_UPSTREAM500(+)	MAP3K1	401	ENST00000399503.4	+	COSG73783	TSS_UPSTREAM500(+)	500	2	34	2	y
398	GENE=MAP3K13|GENE_NO=402|TRANSCRIPT=ENST00000265026.8|STRAND=+|COSMIC=COSG59626|REGION=TSS_UPSTREAM500(+)	MAP3K13	402	ENST00000265026.8	+	COSG59626	TSS_UPSTREAM500(+)	500	2	28	2	y
399	GENE=MAPK1|GENE_NO=403|TRANSCRIPT=ENST00000215832.11|STRAND=-|COSMIC=COSG103824|REGION=TSS_UPSTREAM500(-)	MAPK1	403	ENST00000215832.11	-	COSG103824	TSS_UPSTREAM500(-)	500	2	35	2	y
400	GENE=MAX|GENE_NO=404|TRANSCRIPT=ENST00000358664.9|STRAND=-|COSMIC=COSG102148|REGION=TSS_UPSTREAM500(-)	MAX	404	ENST00000358664.9	-	COSG102148	TSS_UPSTREAM500(-)	500	4	34	2	y
401	GENE=MB21D2|GENE_NO=405|TRANSCRIPT=ENST00000392452.3|STRAND=-|COSMIC=COSG110450|REGION=TSS_UPSTREAM500(-)	MB21D2	405	ENST00000392452.3	-	COSG110450	TSS_UPSTREAM500(-)	500	3	84	4	y
402	GENE=MDM2|GENE_NO=406|TRANSCRIPT=ENST00000258149.11|STRAND=+|COSMIC=COSG71043|REGION=TSS_UPSTREAM500(+)	MDM2	406	ENST00000258149.11	+	COSG71043	TSS_UPSTREAM500(+)	500	2	35	2	y
403	GENE=MDM4|GENE_NO=407|TRANSCRIPT=ENST00000367182.8|STRAND=+|COSMIC=COSG62931|REGION=TSS_UPSTREAM500(+)	MDM4	407	ENST00000367182.8	+	COSG62931	TSS_UPSTREAM500(+)	500	4	36	2	y
404	GENE=MDS2|GENE_NO=408|TRANSCRIPT=ENST00000477916.5|STRAND=+|COSMIC=COSG80166|REGION=TSS_UPSTREAM500(+)	MDS2	408	ENST00000477916.5	+	COSG80166	TSS_UPSTREAM500(+)	500	3	34	2	y
405	GENE=MECOM|GENE_NO=409|TRANSCRIPT=ENST00000651503.2|STRAND=-|COSMIC=COSG112625|REGION=TSS_UPSTREAM500(-)	MECOM	409	ENST00000651503.2	-	COSG112625	TSS_UPSTREAM500(-)	500	0	0	0	n
406	GENE=MED12|GENE_NO=410|TRANSCRIPT=ENST00000374080.8|STRAND=+|COSMIC=COSG113013|REGION=TSS_UPSTREAM500(+)	MED12	410	ENST00000374080.8	+	COSG113013	TSS_UPSTREAM500(+)	500	2	34	2	y
407	GENE=MEN1|GENE_NO=411|TRANSCRIPT=ENST00000450708.7|STRAND=-|COSMIC=COSG70965|REGION=TSS_UPSTREAM500(-)	MEN1	411	ENST00000450708.7	-	COSG70965	TSS_UPSTREAM500(-)	500	2	52	3	y
408	GENE=MET|GENE_NO=412|TRANSCRIPT=ENST00000397752.8|STRAND=+|COSMIC=COSG91620|REGION=TSS_UPSTREAM500(+)	MET	412	ENST00000397752.8	+	COSG91620	TSS_UPSTREAM500(+)	500	2	54	3	y
409	GENE=MGMT|GENE_NO=413|TRANSCRIPT=ENST00000651593.1|STRAND=+|COSMIC=COSG64570|REGION=TSS_UPSTREAM500(+)	MGMT	413	ENST00000651593.1	+	COSG64570	TSS_UPSTREAM500(+)	500	1	35	2	y
410	GENE=MITF|GENE_NO=414|TRANSCRIPT=ENST00000352241.9|STRAND=+|COSMIC=COSG60330|REGION=TSS_UPSTREAM500(+)	MITF	414	ENST00000352241.9	+	COSG60330	TSS_UPSTREAM500(+)	500	3	34	2	y
411	GENE=MLF1|GENE_NO=415|TRANSCRIPT=ENST00000466246.7|STRAND=+|COSMIC=COSG93816|REGION=TSS_UPSTREAM500(+)	MLF1	415	ENST00000466246.7	+	COSG93816	TSS_UPSTREAM500(+)	500	4	35	2	y
412	GENE=MLH1|GENE_NO=416|TRANSCRIPT=ENST00000231790.8|STRAND=+|COSMIC=COSG61713|REGION=TSS_UPSTREAM500(+)	MLH1	416	ENST00000231790.8	+	COSG61713	TSS_UPSTREAM500(+)	500	4	35	2	y
413	GENE=MLLT1|GENE_NO=417|TRANSCRIPT=ENST00000252674.9|STRAND=-|COSMIC=COSG68573|REGION=TSS_UPSTREAM500(-)	MLLT1	417	ENST00000252674.9	-	COSG68573	TSS_UPSTREAM500(-)	500	3	57	3	y
414	GENE=MLLT10|GENE_NO=418|TRANSCRIPT=ENST00000307729.12|STRAND=+|COSMIC=COSG111142|REGION=TSS_UPSTREAM500(+)	MLLT10	418	ENST00000307729.12	+	COSG111142	TSS_UPSTREAM500(+)	500	2	75	4	y
415	GENE=MLLT11|GENE_NO=419|TRANSCRIPT=ENST00000368921.5|STRAND=+|COSMIC=COSG113048|REGION=TSS_UPSTREAM500(+)	MLLT11	419	ENST00000368921.5	+	COSG113048	TSS_UPSTREAM500(+)	500	3	50	3	y
416	GENE=MLLT3|GENE_NO=420|TRANSCRIPT=ENST00000380338.9|STRAND=-|COSMIC=COSG76560|REGION=TSS_UPSTREAM500(-)	MLLT3	420	ENST00000380338.9	-	COSG76560	TSS_UPSTREAM500(-)	500	3	36	2	y
417	GENE=MLLT6|GENE_NO=421|TRANSCRIPT=ENST00000621332.5|STRAND=+|COSMIC=COSG94026|REGION=TSS_UPSTREAM500(+)	MLLT6	421	ENST00000621332.5	+	COSG94026	TSS_UPSTREAM500(+)	500	3	63	3	y
418	GENE=MN1|GENE_NO=422|TRANSCRIPT=ENST00000302326.5|STRAND=-|COSMIC=COSG93089|REGION=TSS_UPSTREAM500(-)	MN1	422	ENST00000302326.5	-	COSG93089	TSS_UPSTREAM500(-)	500	4	61	3	y
419	GENE=MNX1|GENE_NO=423|TRANSCRIPT=ENST00000252971.11|STRAND=-|COSMIC=COSG97814|REGION=TSS_UPSTREAM500(-)	MNX1	423	ENST00000252971.11	-	COSG97814	TSS_UPSTREAM500(-)	500	2	63	3	y
420	GENE=MPL|GENE_NO=424|TRANSCRIPT=ENST00000372470.9|STRAND=+|COSMIC=COSG91606|REGION=TSS_UPSTREAM500(+)	MPL	424	ENST00000372470.9	+	COSG91606	TSS_UPSTREAM500(+)	500	1	63	3	y
421	GENE=MRTFA|GENE_NO=425|TRANSCRIPT=ENST00000355630.10|STRAND=-|COSMIC=COSG105252|REGION=TSS_UPSTREAM500(-)	MRTFA	425	ENST00000355630.10	-	COSG105252	TSS_UPSTREAM500(-)	500	2	49	3	y
422	GENE=MSH2|GENE_NO=426|TRANSCRIPT=ENST00000233146.7|STRAND=+|COSMIC=COSG105361|REGION=TSS_UPSTREAM500(+)	MSH2	426	ENST00000233146.7	+	COSG105361	TSS_UPSTREAM500(+)	500	5	62	3	y
423	GENE=MSH6|GENE_NO=427|TRANSCRIPT=ENST00000234420.11|STRAND=+|COSMIC=COSG85949|REGION=TSS_UPSTREAM500(+)	MSH6	427	ENST00000234420.11	+	COSG85949	TSS_UPSTREAM500(+)	500	4	35	2	y
424	GENE=MSI2|GENE_NO=428|TRANSCRIPT=ENST00000284073.7|STRAND=+|COSMIC=COSG62555|REGION=TSS_UPSTREAM500(+)	MSI2	428	ENST00000284073.7	+	COSG62555	TSS_UPSTREAM500(+)	500	3	84	4	y
425	GENE=MSN|GENE_NO=429|TRANSCRIPT=ENST00000360270.7|STRAND=+|COSMIC=COSG88623|REGION=TSS_UPSTREAM500(+)	MSN	429	ENST00000360270.7	+	COSG88623	TSS_UPSTREAM500(+)	500	2	62	3	y
426	GENE=MTCP1|GENE_NO=430|TRANSCRIPT=ENST00000369476.8|STRAND=-|COSMIC=COSG88748|REGION=TSS_UPSTREAM500(-)	MTCP1	430	ENST00000369476.8	-	COSG88748	TSS_UPSTREAM500(-)	500	2	82	4	y
427	GENE=MTOR|GENE_NO=431|TRANSCRIPT=ENST00000361445.9|STRAND=-|COSMIC=COSG77957|REGION=TSS_UPSTREAM500(-)	MTOR	431	ENST00000361445.9	-	COSG77957	TSS_UPSTREAM500(-)	500	1	31	2	y
428	GENE=MUC1|GENE_NO=432|TRANSCRIPT=ENST00000620103.4|STRAND=-|COSMIC=COSG69593|REGION=TSS_UPSTREAM500(-)	MUC1	432	ENST00000620103.4	-	COSG69593	TSS_UPSTREAM500(-)	500	3	68	4	y
429	GENE=MUC16|GENE_NO=433|TRANSCRIPT=ENST00000711672.1|STRAND=-|COSMIC=COSG72822|REGION=TSS_UPSTREAM500(-)	MUC16	433	ENST00000711672.1	-	COSG72822	TSS_UPSTREAM500(-)	500	2	58	3	y
430	GENE=MUC4|GENE_NO=434|TRANSCRIPT=ENST00000463781.8|STRAND=-|COSMIC=COSG97438|REGION=TSS_UPSTREAM500(-)	MUC4	434	ENST00000463781.8	-	COSG97438	TSS_UPSTREAM500(-)	500	2	60	3	y
431	GENE=MUC6|GENE_NO=435|TRANSCRIPT=ENST00000421673.7|STRAND=-|COSMIC=COSG58094|REGION=TSS_UPSTREAM500(-)	MUC6	435	ENST00000421673.7	-	COSG58094	TSS_UPSTREAM500(-)	500	2	63	3	y
432	GENE=MUTYH|GENE_NO=436|TRANSCRIPT=ENST00000456914.7|STRAND=-|COSMIC=COSG107077|REGION=TSS_UPSTREAM500(-)	MUTYH	436	ENST00000456914.7	-	COSG107077	TSS_UPSTREAM500(-)	500	3	62	3	y
433	GENE=MYB|GENE_NO=437|TRANSCRIPT=ENST00000341911.10|STRAND=+|COSMIC=COSG76382|REGION=TSS_UPSTREAM500(+)	MYB	437	ENST00000341911.10	+	COSG76382	TSS_UPSTREAM500(+)	500	1	61	3	y
434	GENE=MYC|GENE_NO=438|TRANSCRIPT=ENST00000621592.8|STRAND=+|COSMIC=COSG111896|REGION=TSS_UPSTREAM500(+)	MYC	438	ENST00000621592.8	+	COSG111896	TSS_UPSTREAM500(+)	500	3	54	3	y
435	GENE=MYCL|GENE_NO=439|TRANSCRIPT=ENST00000372816.3|STRAND=-|COSMIC=COSG62582|REGION=TSS_UPSTREAM500(-)	MYCL	439	ENST00000372816.3	-	COSG62582	TSS_UPSTREAM500(-)	500	3	72	4	y
436	GENE=MYCN|GENE_NO=440|TRANSCRIPT=ENST00000281043.4|STRAND=+|COSMIC=COSG83025|REGION=TSS_UPSTREAM500(+)	MYCN	440	ENST00000281043.4	+	COSG83025	TSS_UPSTREAM500(+)	500	3	56	3	y
437	GENE=MYD88|GENE_NO=441|TRANSCRIPT=ENST00000650905.2|STRAND=+|COSMIC=COSG74574|REGION=TSS_UPSTREAM500(+)	MYD88	441	ENST00000650905.2	+	COSG74574	TSS_UPSTREAM500(+)	500	3	46	3	y
438	GENE=MYH11|GENE_NO=442|TRANSCRIPT=ENST00000300036.6|STRAND=-|COSMIC=COSG71408|REGION=TSS_UPSTREAM500(-)	MYH11	442	ENST00000300036.6	-	COSG71408	TSS_UPSTREAM500(-)	500	5	62	3	y
439	GENE=MYH9|GENE_NO=443|TRANSCRIPT=ENST00000216181.11|STRAND=-|COSMIC=COSG99603|REGION=TSS_UPSTREAM500(-)	MYH9	443	ENST00000216181.11	-	COSG99603	TSS_UPSTREAM500(-)	500	3	53	3	y
440	GENE=MYO5A|GENE_NO=444|TRANSCRIPT=ENST00000399233.7|STRAND=-|COSMIC=COSG82675|REGION=TSS_UPSTREAM500(-)	MYO5A	444	ENST00000399233.7	-	COSG82675	TSS_UPSTREAM500(-)	500	2	76	4	y
441	GENE=MYOD1|GENE_NO=445|TRANSCRIPT=ENST00000250003.4|STRAND=+|COSMIC=COSG76774|REGION=TSS_UPSTREAM500(+)	MYOD1	445	ENST00000250003.4	+	COSG76774	TSS_UPSTREAM500(+)	500	3	36	2	y
442	GENE=N4BP2|GENE_NO=446|TRANSCRIPT=ENST00000261435.11|STRAND=+|COSMIC=COSG74686|REGION=TSS_UPSTREAM500(+)	N4BP2	446	ENST00000261435.11	+	COSG74686	TSS_UPSTREAM500(+)	500	2	63	3	y
443	GENE=NAB2|GENE_NO=447|TRANSCRIPT=ENST00000300131.8|STRAND=+|COSMIC=COSG115963|REGION=TSS_UPSTREAM500(+)	NAB2	447	ENST00000300131.8	+	COSG115963	TSS_UPSTREAM500(+)	500	3	64	3	y
444	GENE=NACA|GENE_NO=448|TRANSCRIPT=ENST00000454682.6|STRAND=-|COSMIC=COSG63264|REGION=TSS_UPSTREAM500(-)	NACA	448	ENST00000454682.6	-	COSG63264	TSS_UPSTREAM500(-)	500	4	52	3	y
445	GENE=NBEA|GENE_NO=449|TRANSCRIPT=ENST00000379939.7|STRAND=+|COSMIC=COSG78133|REGION=TSS_UPSTREAM500(+)	NBEA	449	ENST00000379939.7	+	COSG78133	TSS_UPSTREAM500(+)	500	2	81	4	y
446	GENE=NBN|GENE_NO=450|TRANSCRIPT=ENST00000265433.8|STRAND=-|COSMIC=COSG81202|REGION=TSS_UPSTREAM500(-)	NBN	450	ENST00000265433.8	-	COSG81202	TSS_UPSTREAM500(-)	500	1	35	2	y
447	GENE=NCKIPSD|GENE_NO=451|TRANSCRIPT=ENST00000294129.7|STRAND=-|COSMIC=COSG97371|REGION=TSS_UPSTREAM500(-)	NCKIPSD	451	ENST00000294129.7	-	COSG97371	TSS_UPSTREAM500(-)	500	3	62	3	y
448	GENE=NCOA1|GENE_NO=452|TRANSCRIPT=ENST00000348332.8|STRAND=+|COSMIC=COSG74320|REGION=TSS_UPSTREAM500(+)	NCOA1	452	ENST00000348332.8	+	COSG74320	TSS_UPSTREAM500(+)	500	2	80	4	y
449	GENE=NCOA2|GENE_NO=453|TRANSCRIPT=ENST00000452400.7|STRAND=-|COSMIC=COSG79853|REGION=TSS_UPSTREAM500(-)	NCOA2	453	ENST00000452400.7	-	COSG79853	TSS_UPSTREAM500(-)	500	3	36	2	y
450	GENE=NCOA4|GENE_NO=454|TRANSCRIPT=ENST00000581486.6|STRAND=-|COSMIC=COSG112601|REGION=TSS_UPSTREAM500(-)	NCOA4	454	ENST00000581486.6	-	COSG112601	TSS_UPSTREAM500(-)	500	4	44	3	y
451	GENE=NCOR1|GENE_NO=455|TRANSCRIPT=ENST00000268712.8|STRAND=-|COSMIC=COSG82654|REGION=TSS_UPSTREAM500(-)	NCOR1	455	ENST00000268712.8	-	COSG82654	TSS_UPSTREAM500(-)	500	1	64	3	y
452	GENE=NCOR2|GENE_NO=456|TRANSCRIPT=ENST00000405201.6|STRAND=-|COSMIC=COSG59133|REGION=TSS_UPSTREAM500(-)	NCOR2	456	ENST00000405201.6	-	COSG59133	TSS_UPSTREAM500(-)	500	2	62	3	y
453	GENE=NDRG1|GENE_NO=457|TRANSCRIPT=ENST00000323851.13|STRAND=-|COSMIC=COSG109165|REGION=TSS_UPSTREAM500(-)	NDRG1	457	ENST00000323851.13	-	COSG109165	TSS_UPSTREAM500(-)	500	3	64	3	y
454	GENE=NF1|GENE_NO=458|TRANSCRIPT=ENST00000358273.9|STRAND=+|COSMIC=COSG113820|REGION=TSS_UPSTREAM500(+)	NF1	458	ENST00000358273.9	+	COSG113820	TSS_UPSTREAM500(+)	500	2	79	4	y
455	GENE=NF2|GENE_NO=459|TRANSCRIPT=ENST00000338641.10|STRAND=+|COSMIC=COSG66613|REGION=TSS_UPSTREAM500(+)	NF2	459	ENST00000338641.10	+	COSG66613	TSS_UPSTREAM500(+)	500	3	62	3	y
456	GENE=NFATC2|GENE_NO=460|TRANSCRIPT=ENST00000371564.8|STRAND=-|COSMIC=COSG102348|REGION=TSS_UPSTREAM500(-)	NFATC2	460	ENST00000371564.8	-	COSG102348	TSS_UPSTREAM500(-)	500	2	35	2	y
457	GENE=NFE2L2|GENE_NO=461|TRANSCRIPT=ENST00000397062.8|STRAND=-|COSMIC=COSG108145|REGION=TSS_UPSTREAM500(-)	NFE2L2	461	ENST00000397062.8	-	COSG108145	TSS_UPSTREAM500(-)	500	3	59	3	y
458	GENE=NFIB|GENE_NO=462|TRANSCRIPT=ENST00000380953.6|STRAND=-|COSMIC=COSG89976|REGION=TSS_UPSTREAM500(-)	NFIB	462	ENST00000380953.6	-	COSG89976	TSS_UPSTREAM500(-)	500	2	63	3	y
459	GENE=NFKB2|GENE_NO=463|TRANSCRIPT=ENST00000661543.1|STRAND=+|COSMIC=COSG64880|REGION=TSS_UPSTREAM500(+)	NFKB2	463	ENST00000661543.1	+	COSG64880	TSS_UPSTREAM500(+)	500	2	36	2	y
460	GENE=NFKBIE|GENE_NO=464|TRANSCRIPT=ENST00000619360.6|STRAND=-|COSMIC=COSG91546|REGION=TSS_UPSTREAM500(-)	NFKBIE	464	ENST00000619360.6	-	COSG91546	TSS_UPSTREAM500(-)	500	3	83	4	y
461	GENE=NIN|GENE_NO=465|TRANSCRIPT=ENST00000530997.7|STRAND=-|COSMIC=COSG85374|REGION=TSS_UPSTREAM500(-)	NIN	465	ENST00000530997.7	-	COSG85374	TSS_UPSTREAM500(-)	500	3	57	3	y
462	GENE=NKX2-1|GENE_NO=466|TRANSCRIPT=ENST00000354822.7|STRAND=-|COSMIC=COSG92746|REGION=TSS_UPSTREAM500(-)	NKX2-1	466	ENST00000354822.7	-	COSG92746	TSS_UPSTREAM500(-)	500	4	92	5	y
463	GENE=NONO|GENE_NO=467|TRANSCRIPT=ENST00000276079.13|STRAND=+|COSMIC=COSG106782|REGION=TSS_UPSTREAM500(+)	NONO	467	ENST00000276079.13	+	COSG106782	TSS_UPSTREAM500(+)	500	1	25	2	y
464	GENE=NOTCH1|GENE_NO=468|TRANSCRIPT=ENST00000651671.1|STRAND=-|COSMIC=COSG79338|REGION=TSS_UPSTREAM500(-)	NOTCH1	468	ENST00000651671.1	-	COSG79338	TSS_UPSTREAM500(-)	500	2	82	4	y
465	GENE=NOTCH2|GENE_NO=469|TRANSCRIPT=ENST00000256646.7|STRAND=-|COSMIC=COSG91716|REGION=TSS_UPSTREAM500(-)	NOTCH2	469	ENST00000256646.7	-	COSG91716	TSS_UPSTREAM500(-)	500	3	53	3	y
466	GENE=NPM1|GENE_NO=470|TRANSCRIPT=ENST00000296930.10|STRAND=+|COSMIC=COSG103724|REGION=TSS_UPSTREAM500(+)	NPM1	470	ENST00000296930.10	+	COSG103724	TSS_UPSTREAM500(+)	500	2	51	3	y
467	GENE=NR2F2|GENE_NO=471|TRANSCRIPT=ENST00000394166.8|STRAND=+|COSMIC=COSG60087|REGION=TSS_UPSTREAM500(+)	NR2F2	471	ENST00000394166.8	+	COSG60087	TSS_UPSTREAM500(+)	500	2	59	3	y
468	GENE=NR4A3|GENE_NO=472|TRANSCRIPT=ENST00000395097.7|STRAND=+|COSMIC=COSG89778|REGION=TSS_UPSTREAM500(+)	NR4A3	472	ENST00000395097.7	+	COSG89778	TSS_UPSTREAM500(+)	500	4	60	3	y
469	GENE=NRAS|GENE_NO=473|TRANSCRIPT=ENST00000369535.5|STRAND=-|COSMIC=COSG95814|REGION=TSS_UPSTREAM500(-)	NRAS	473	ENST00000369535.5	-	COSG95814	TSS_UPSTREAM500(-)	500	2	62	3	y
470	GENE=NRG1|GENE_NO=474|TRANSCRIPT=ENST00000405005.8|STRAND=+|COSMIC=COSG74798|REGION=TSS_UPSTREAM500(+)	NRG1	474	ENST00000405005.8	+	COSG74798	TSS_UPSTREAM500(+)	500	2	82	4	y
471	GENE=NSD1|GENE_NO=475|TRANSCRIPT=ENST00000439151.7|STRAND=+|COSMIC=COSG113851|REGION=TSS_UPSTREAM500(+)	NSD1	475	ENST00000439151.7	+	COSG113851	TSS_UPSTREAM500(+)	500	2	62	3	y
472	GENE=NSD2|GENE_NO=476|TRANSCRIPT=ENST00000508803.6|STRAND=+|COSMIC=COSG91695|REGION=TSS_UPSTREAM500(+)	NSD2	476	ENST00000508803.6	+	COSG91695	TSS_UPSTREAM500(+)	500	2	62	3	y
473	GENE=NSD3|GENE_NO=477|TRANSCRIPT=ENST00000317025.13|STRAND=-|COSMIC=COSG105269|REGION=TSS_UPSTREAM500(-)	NSD3	477	ENST00000317025.13	-	COSG105269	TSS_UPSTREAM500(-)	500	3	36	2	y
474	GENE=NT5C2|GENE_NO=478|TRANSCRIPT=ENST00000404739.8|STRAND=-|COSMIC=COSG109595|REGION=TSS_UPSTREAM500(-)	NT5C2	478	ENST00000404739.8	-	COSG109595	TSS_UPSTREAM500(-)	500	3	76	4	y
475	GENE=NTHL1|GENE_NO=479|TRANSCRIPT=ENST00000651570.2|STRAND=-|COSMIC=COSG76849|REGION=TSS_UPSTREAM500(-)	NTHL1	479	ENST00000651570.2	-	COSG76849	TSS_UPSTREAM500(-)	500	2	64	3	y
476	GENE=NTRK1|GENE_NO=480|TRANSCRIPT=ENST00000524377.7|STRAND=+|COSMIC=COSG99947|REGION=TSS_UPSTREAM500(+)	NTRK1	480	ENST00000524377.7	+	COSG99947	TSS_UPSTREAM500(+)	500	2	81	4	y
477	GENE=NTRK2|GENE_NO=481|TRANSCRIPT=ENST00000277120.8|STRAND=+|COSMIC=COSG88009|REGION=TSS_UPSTREAM500(+)	NTRK2	481	ENST00000277120.8	+	COSG88009	TSS_UPSTREAM500(+)	500	3	62	3	y
478	GENE=NTRK3|GENE_NO=482|TRANSCRIPT=ENST00000629765.3|STRAND=-|COSMIC=COSG72654|REGION=TSS_UPSTREAM500(-)	NTRK3	482	ENST00000629765.3	-	COSG72654	TSS_UPSTREAM500(-)	500	2	75	4	y
479	GENE=NUMA1|GENE_NO=483|TRANSCRIPT=ENST00000393695.8|STRAND=-|COSMIC=COSG96943|REGION=TSS_UPSTREAM500(-)	NUMA1	483	ENST00000393695.8	-	COSG96943	TSS_UPSTREAM500(-)	500	3	58	3	y
480	GENE=NUP214|GENE_NO=484|TRANSCRIPT=ENST00000359428.10|STRAND=+|COSMIC=COSG89278|REGION=TSS_UPSTREAM500(+)	NUP214	484	ENST00000359428.10	+	COSG89278	TSS_UPSTREAM500(+)	500	1	36	2	y
481	GENE=NUP98|GENE_NO=485|TRANSCRIPT=ENST00000324932.12|STRAND=-|COSMIC=COSG101334|REGION=TSS_UPSTREAM500(-)	NUP98	485	ENST00000324932.12	-	COSG101334	TSS_UPSTREAM500(-)	500	3	36	2	y
482	GENE=NUTM1|GENE_NO=486|TRANSCRIPT=ENST00000537011.6|STRAND=+|COSMIC=COSG103408|REGION=TSS_UPSTREAM500(+)	NUTM1	486	ENST00000537011.6	+	COSG103408	TSS_UPSTREAM500(+)	500	2	34	2	y
483	GENE=NUTM2B|GENE_NO=487|TRANSCRIPT=ENST00000429828.7|STRAND=+|COSMIC=COSG100150|REGION=TSS_UPSTREAM500(+)	NUTM2B	487	ENST00000429828.7	+	COSG100150	TSS_UPSTREAM500(+)	500	2	36	2	y
484	GENE=NUTM2D|GENE_NO=488|TRANSCRIPT=ENST00000381697.7|STRAND=+|COSMIC=COSG61484|REGION=TSS_UPSTREAM500(+)	NUTM2D	488	ENST00000381697.7	+	COSG61484	TSS_UPSTREAM500(+)	500	3	36	2	y
485	GENE=OLIG2|GENE_NO=489|TRANSCRIPT=ENST00000382357.4|STRAND=+|COSMIC=COSG58216|REGION=TSS_UPSTREAM500(+)	OLIG2	489	ENST00000382357.4	+	COSG58216	TSS_UPSTREAM500(+)	500	2	33	2	y
486	GENE=OMD|GENE_NO=490|TRANSCRIPT=ENST00000375550.5|STRAND=-|COSMIC=COSG113070|REGION=TSS_UPSTREAM500(-)	OMD	490	ENST00000375550.5	-	COSG113070	TSS_UPSTREAM500(-)	500	2	36	2	y
487	GENE=P2RY8|GENE_NO=491|TRANSCRIPT=ENST00000381297.10|STRAND=-|COSMIC=COSG63457|REGION=TSS_UPSTREAM500(-)	P2RY8	491	ENST00000381297.10	-	COSG63457	TSS_UPSTREAM500(-)	500	3	35	2	y
488	GENE=PABPC1|GENE_NO=492|TRANSCRIPT=ENST00000318607.10|STRAND=-|COSMIC=COSG65621|REGION=TSS_UPSTREAM500(-)	PABPC1	492	ENST00000318607.10	-	COSG65621	TSS_UPSTREAM500(-)	500	3	60	3	y
489	GENE=PAFAH1B2|GENE_NO=493|TRANSCRIPT=ENST00000527958.6|STRAND=+|COSMIC=COSG80684|REGION=TSS_UPSTREAM500(+)	PAFAH1B2	493	ENST00000527958.6	+	COSG80684	TSS_UPSTREAM500(+)	500	3	62	3	y
490	GENE=PALB2|GENE_NO=494|TRANSCRIPT=ENST00000261584.9|STRAND=-|COSMIC=COSG88841|REGION=TSS_UPSTREAM500(-)	PALB2	494	ENST00000261584.9	-	COSG88841	TSS_UPSTREAM500(-)	500	2	63	3	y
491	GENE=PATZ1|GENE_NO=495|TRANSCRIPT=ENST00000266269.10|STRAND=-|COSMIC=COSG93407|REGION=TSS_UPSTREAM500(-)	PATZ1	495	ENST00000266269.10	-	COSG93407	TSS_UPSTREAM500(-)	500	2	89	5	y
492	GENE=PAX3|GENE_NO=496|TRANSCRIPT=ENST00000392070.7|STRAND=-|COSMIC=COSG99941|REGION=TSS_UPSTREAM500(-)	PAX3	496	ENST00000392070.7	-	COSG99941	TSS_UPSTREAM500(-)	500	2	61	3	y
493	GENE=PAX5|GENE_NO=497|TRANSCRIPT=ENST00000358127.9|STRAND=-|COSMIC=COSG90817|REGION=TSS_UPSTREAM500(-)	PAX5	497	ENST00000358127.9	-	COSG90817	TSS_UPSTREAM500(-)	500	3	36	2	y
494	GENE=PAX7|GENE_NO=498|TRANSCRIPT=ENST00000420770.7|STRAND=+|COSMIC=COSG77467|REGION=TSS_UPSTREAM500(+)	PAX7	498	ENST00000420770.7	+	COSG77467	TSS_UPSTREAM500(+)	500	2	56	3	y
495	GENE=PAX8|GENE_NO=499|TRANSCRIPT=ENST00000429538.8|STRAND=-|COSMIC=COSG64987|REGION=TSS_UPSTREAM500(-)	PAX8	499	ENST00000429538.8	-	COSG64987	TSS_UPSTREAM500(-)	500	2	34	2	y
496	GENE=PBRM1|GENE_NO=500|TRANSCRIPT=ENST00000707071.1|STRAND=-|COSMIC=COSG76325|REGION=TSS_UPSTREAM500(-)	PBRM1	500	ENST00000707071.1	-	COSG76325	TSS_UPSTREAM500(-)	500	3	34	2	y
497	GENE=PBX1|GENE_NO=501|TRANSCRIPT=ENST00000420696.7|STRAND=+|COSMIC=COSG64184|REGION=TSS_UPSTREAM500(+)	PBX1	501	ENST00000420696.7	+	COSG64184	TSS_UPSTREAM500(+)	500	2	36	2	y
498	GENE=PCBP1|GENE_NO=502|TRANSCRIPT=ENST00000303577.7|STRAND=+|COSMIC=COSG91935|REGION=TSS_UPSTREAM500(+)	PCBP1	502	ENST00000303577.7	+	COSG91935	TSS_UPSTREAM500(+)	500	3	62	3	y
499	GENE=PCM1|GENE_NO=503|TRANSCRIPT=ENST00000325083.13|STRAND=+|COSMIC=COSG110669|REGION=TSS_UPSTREAM500(+)	PCM1	503	ENST00000325083.13	+	COSG110669	TSS_UPSTREAM500(+)	500	3	56	3	y
500	GENE=PDCD1LG2|GENE_NO=504|TRANSCRIPT=ENST00000397747.5|STRAND=+|COSMIC=COSG62946|REGION=TSS_UPSTREAM500(+)	PDCD1LG2	504	ENST00000397747.5	+	COSG62946	TSS_UPSTREAM500(+)	500	2	28	2	y
501	GENE=PDE4DIP|GENE_NO=505|TRANSCRIPT=ENST00000695795.1|STRAND=+|COSMIC=COSG70412|REGION=TSS_UPSTREAM500(+)	PDE4DIP	505	ENST00000695795.1	+	COSG70412	TSS_UPSTREAM500(+)	500	4	63	3	y
502	GENE=PDGFB|GENE_NO=506|TRANSCRIPT=ENST00000331163.11|STRAND=-|COSMIC=COSG86049|REGION=TSS_UPSTREAM500(-)	PDGFB	506	ENST00000331163.11	-	COSG86049	TSS_UPSTREAM500(-)	500	3	49	3	y
503	GENE=PDGFRA|GENE_NO=507|TRANSCRIPT=ENST00000257290.10|STRAND=+|COSMIC=COSG95745|REGION=TSS_UPSTREAM500(+)	PDGFRA	507	ENST00000257290.10	+	COSG95745	TSS_UPSTREAM500(+)	500	3	36	2	y
504	GENE=PDGFRB|GENE_NO=508|TRANSCRIPT=ENST00000261799.9|STRAND=-|COSMIC=COSG64110|REGION=TSS_UPSTREAM500(-)	PDGFRB	508	ENST00000261799.9	-	COSG64110	TSS_UPSTREAM500(-)	500	4	55	3	y
505	GENE=PER1|GENE_NO=509|TRANSCRIPT=ENST00000317276.9|STRAND=-|COSMIC=COSG77832|REGION=TSS_UPSTREAM500(-)	PER1	509	ENST00000317276.9	-	COSG77832	TSS_UPSTREAM500(-)	500	3	35	2	y
506	GENE=PHF6|GENE_NO=510|TRANSCRIPT=ENST00000370803.8|STRAND=+|COSMIC=COSG104198|REGION=TSS_UPSTREAM500(+)	PHF6	510	ENST00000370803.8	+	COSG104198	TSS_UPSTREAM500(+)	500	2	52	3	y
507	GENE=PHOX2B|GENE_NO=511|TRANSCRIPT=ENST00000226382.4|STRAND=-|COSMIC=COSG85171|REGION=TSS_UPSTREAM500(-)	PHOX2B	511	ENST00000226382.4	-	COSG85171	TSS_UPSTREAM500(-)	500	4	57	3	y
508	GENE=PICALM|GENE_NO=512|TRANSCRIPT=ENST00000393346.8|STRAND=-|COSMIC=COSG93214|REGION=TSS_UPSTREAM500(-)	PICALM	512	ENST00000393346.8	-	COSG93214	TSS_UPSTREAM500(-)	500	3	63	3	y
509	GENE=PIK3CA|GENE_NO=513|TRANSCRIPT=ENST00000263967.4|STRAND=+|COSMIC=COSG95525|REGION=TSS_UPSTREAM500(+)	PIK3CA	513	ENST00000263967.4	+	COSG95525	TSS_UPSTREAM500(+)	500	2	82	4	y
510	GENE=PIK3CB|GENE_NO=514|TRANSCRIPT=ENST00000674063.1|STRAND=-|COSMIC=COSG82958|REGION=TSS_UPSTREAM500(-)	PIK3CB	514	ENST00000674063.1	-	COSG82958	TSS_UPSTREAM500(-)	500	4	63	3	y
511	GENE=PIK3R1|GENE_NO=515|TRANSCRIPT=ENST00000521381.6|STRAND=+|COSMIC=COSG108408|REGION=TSS_UPSTREAM500(+)	PIK3R1	515	ENST00000521381.6	+	COSG108408	TSS_UPSTREAM500(+)	500	3	76	4	y
512	GENE=PIK3R2|GENE_NO=516|TRANSCRIPT=ENST00000222254.13|STRAND=+|COSMIC=COSG111839|REGION=TSS_UPSTREAM500(+)	PIK3R2	516	ENST00000222254.13	+	COSG111839	TSS_UPSTREAM500(+)	500	2	36	2	y
513	GENE=PIK3R3|GENE_NO=517|TRANSCRIPT=ENST00000262741.10|STRAND=-|COSMIC=COSG112760|REGION=TSS_UPSTREAM500(-)	PIK3R3	517	ENST00000262741.10	-	COSG112760	TSS_UPSTREAM500(-)	500	3	61	3	y
514	GENE=PIM1|GENE_NO=518|TRANSCRIPT=ENST00000373509.6|STRAND=+|COSMIC=COSG108733|REGION=TSS_UPSTREAM500(+)	PIM1	518	ENST00000373509.6	+	COSG108733	TSS_UPSTREAM500(+)	500	3	73	4	y
515	GENE=PLAG1|GENE_NO=519|TRANSCRIPT=ENST00000316981.8|STRAND=-|COSMIC=COSG90949|REGION=TSS_UPSTREAM500(-)	PLAG1	519	ENST00000316981.8	-	COSG90949	TSS_UPSTREAM500(-)	500	2	63	3	y
516	GENE=PLCG1|GENE_NO=520|TRANSCRIPT=ENST00000685551.1|STRAND=+|COSMIC=COSG115578|REGION=TSS_UPSTREAM500(+)	PLCG1	520	ENST00000685551.1	+	COSG115578	TSS_UPSTREAM500(+)	500	3	63	3	y
517	GENE=PLEC|GENE_NO=521|TRANSCRIPT=ENST00000345136.8|STRAND=-|COSMIC=COSG69599|REGION=TSS_UPSTREAM500(-)	PLEC	521	ENST00000345136.8	-	COSG69599	TSS_UPSTREAM500(-)	500	2	62	3	y
518	GENE=PML|GENE_NO=522|TRANSCRIPT=ENST00000268058.8|STRAND=+|COSMIC=COSG62005|REGION=TSS_UPSTREAM500(+)	PML	522	ENST00000268058.8	+	COSG62005	TSS_UPSTREAM500(+)	500	2	34	2	y
519	GENE=PMS1|GENE_NO=523|TRANSCRIPT=ENST00000441310.7|STRAND=+|COSMIC=COSG101002|REGION=TSS_UPSTREAM500(+)	PMS1	523	ENST00000441310.7	+	COSG101002	TSS_UPSTREAM500(+)	500	2	35	2	y
520	GENE=PMS2|GENE_NO=524|TRANSCRIPT=ENST00000265849.12|STRAND=-|COSMIC=COSG60293|REGION=TSS_UPSTREAM500(-)	PMS2	524	ENST00000265849.12	-	COSG60293	TSS_UPSTREAM500(-)	500	2	34	2	y
521	GENE=POLD1|GENE_NO=525|TRANSCRIPT=ENST00000440232.7|STRAND=+|COSMIC=COSG73728|REGION=TSS_UPSTREAM500(+)	POLD1	525	ENST00000440232.7	+	COSG73728	TSS_UPSTREAM500(+)	500	1	58	3	y
522	GENE=POLE|GENE_NO=526|TRANSCRIPT=ENST00000320574.10|STRAND=-|COSMIC=COSG102542|REGION=TSS_UPSTREAM500(-)	POLE	526	ENST00000320574.10	-	COSG102542	TSS_UPSTREAM500(-)	500	2	62	3	y
523	GENE=POLG|GENE_NO=527|TRANSCRIPT=ENST00000268124.11|STRAND=-|COSMIC=COSG75256|REGION=TSS_UPSTREAM500(-)	POLG	527	ENST00000268124.11	-	COSG75256	TSS_UPSTREAM500(-)	500	3	34	2	y
524	GENE=POLQ|GENE_NO=528|TRANSCRIPT=ENST00000264233.6|STRAND=-|COSMIC=COSG60282|REGION=TSS_UPSTREAM500(-)	POLQ	528	ENST00000264233.6	-	COSG60282	TSS_UPSTREAM500(-)	500	4	36	2	y
525	GENE=POLR2A|GENE_NO=529|TRANSCRIPT=ENST00000674977.2|STRAND=+|COSMIC=COSG86798|REGION=TSS_UPSTREAM500(+)	POLR2A	529	ENST00000674977.2	+	COSG86798	TSS_UPSTREAM500(+)	500	4	61	3	y
526	GENE=POT1|GENE_NO=530|TRANSCRIPT=ENST00000357628.8|STRAND=-|COSMIC=COSG80008|REGION=TSS_UPSTREAM500(-)	POT1	530	ENST00000357628.8	-	COSG80008	TSS_UPSTREAM500(-)	500	3	55	3	y
527	GENE=POU2AF1|GENE_NO=531|TRANSCRIPT=ENST00000393067.8|STRAND=-|COSMIC=COSG103372|REGION=TSS_UPSTREAM500(-)	POU2AF1	531	ENST00000393067.8	-	COSG103372	TSS_UPSTREAM500(-)	500	4	59	3	y
528	GENE=POU5F1|GENE_NO=532|TRANSCRIPT=ENST00000259915.13|STRAND=-|COSMIC=COSG82677|REGION=TSS_UPSTREAM500(-)	POU5F1	532	ENST00000259915.13	-	COSG82677	TSS_UPSTREAM500(-)	500	4	62	3	y
529	GENE=PPARG|GENE_NO=533|TRANSCRIPT=ENST00000651735.1|STRAND=+|COSMIC=COSG111010|REGION=TSS_UPSTREAM500(+)	PPARG	533	ENST00000651735.1	+	COSG111010	TSS_UPSTREAM500(+)	500	1	78	4	y
530	GENE=PPFIBP1|GENE_NO=534|TRANSCRIPT=ENST00000228425.11|STRAND=+|COSMIC=COSG71462|REGION=TSS_UPSTREAM500(+)	PPFIBP1	534	ENST00000228425.11	+	COSG71462	TSS_UPSTREAM500(+)	500	3	60	3	y
531	GENE=PPM1D|GENE_NO=535|TRANSCRIPT=ENST00000305921.8|STRAND=+|COSMIC=COSG59012|REGION=TSS_UPSTREAM500(+)	PPM1D	535	ENST00000305921.8	+	COSG59012	TSS_UPSTREAM500(+)	500	3	61	3	y
532	GENE=PPP2R1A|GENE_NO=536|TRANSCRIPT=ENST00000322088.11|STRAND=+|COSMIC=COSG92966|REGION=TSS_UPSTREAM500(+)	PPP2R1A	536	ENST00000322088.11	+	COSG92966	TSS_UPSTREAM500(+)	500	4	34	2	y
533	GENE=PPP6C|GENE_NO=537|TRANSCRIPT=ENST00000373547.9|STRAND=-|COSMIC=COSG91311|REGION=TSS_UPSTREAM500(-)	PPP6C	537	ENST00000373547.9	-	COSG91311	TSS_UPSTREAM500(-)	500	4	62	3	y
534	GENE=PRCC|GENE_NO=538|TRANSCRIPT=ENST00000271526.9|STRAND=+|COSMIC=COSG63162|REGION=TSS_UPSTREAM500(+)	PRCC	538	ENST00000271526.9	+	COSG63162	TSS_UPSTREAM500(+)	500	3	36	2	y
535	GENE=PRDM1|GENE_NO=539|TRANSCRIPT=ENST00000369096.9|STRAND=+|COSMIC=COSG106092|REGION=TSS_UPSTREAM500(+)	PRDM1	539	ENST00000369096.9	+	COSG106092	TSS_UPSTREAM500(+)	500	4	63	3	y
536	GENE=PRDM16|GENE_NO=540|TRANSCRIPT=ENST00000270722.10|STRAND=+|COSMIC=COSG80881|REGION=TSS_UPSTREAM500(+)	PRDM16	540	ENST00000270722.10	+	COSG80881	TSS_UPSTREAM500(+)	500	1	62	3	y
537	GENE=PRDM2|GENE_NO=541|TRANSCRIPT=ENST00000311066.10|STRAND=+|COSMIC=COSG82063|REGION=TSS_UPSTREAM500(+)	PRDM2	541	ENST00000311066.10	+	COSG82063	TSS_UPSTREAM500(+)	500	3	62	3	y
538	GENE=PREX2|GENE_NO=542|TRANSCRIPT=ENST00000288368.5|STRAND=+|COSMIC=COSG89056|REGION=TSS_UPSTREAM500(+)	PREX2	542	ENST00000288368.5	+	COSG89056	TSS_UPSTREAM500(+)	500	3	34	2	y
539	GENE=PRF1|GENE_NO=543|TRANSCRIPT=ENST00000441259.2|STRAND=-|COSMIC=COSG63548|REGION=TSS_UPSTREAM500(-)	PRF1	543	ENST00000441259.2	-	COSG63548	TSS_UPSTREAM500(-)	500	3	63	3	y
540	GENE=PRKACA|GENE_NO=544|TRANSCRIPT=ENST00000308677.9|STRAND=-|COSMIC=COSG77801|REGION=TSS_UPSTREAM500(-)	PRKACA	544	ENST00000308677.9	-	COSG77801	TSS_UPSTREAM500(-)	500	3	59	3	y
541	GENE=PRKAR1A|GENE_NO=545|TRANSCRIPT=ENST00000589228.6|STRAND=+|COSMIC=COSG89125|REGION=TSS_UPSTREAM500(+)	PRKAR1A	545	ENST00000589228.6	+	COSG89125	TSS_UPSTREAM500(+)	500	1	60	3	y
542	GENE=PRKCB|GENE_NO=546|TRANSCRIPT=ENST00000643927.1|STRAND=+|COSMIC=COSG108035|REGION=TSS_UPSTREAM500(+)	PRKCB	546	ENST00000643927.1	+	COSG108035	TSS_UPSTREAM500(+)	500	2	79	4	y
543	GENE=PRKD1|GENE_NO=547|TRANSCRIPT=ENST00000331968.11|STRAND=-|COSMIC=COSG100846|REGION=TSS_UPSTREAM500(-)	PRKD1	547	ENST00000331968.11	-	COSG100846	TSS_UPSTREAM500(-)	500	1	62	3	y
544	GENE=PRPF40B|GENE_NO=548|TRANSCRIPT=ENST00000548825.7|STRAND=+|COSMIC=COSG58505|REGION=TSS_UPSTREAM500(+)	PRPF40B	548	ENST00000548825.7	+	COSG58505	TSS_UPSTREAM500(+)	500	1	74	4	y
545	GENE=PRRX1|GENE_NO=549|TRANSCRIPT=ENST00000239461.11|STRAND=+|COSMIC=COSG107040|REGION=TSS_UPSTREAM500(+)	PRRX1	549	ENST00000239461.11	+	COSG107040	TSS_UPSTREAM500(+)	500	2	35	2	y
546	GENE=PSIP1|GENE_NO=550|TRANSCRIPT=ENST00000380733.9|STRAND=-|COSMIC=COSG99785|REGION=TSS_UPSTREAM500(-)	PSIP1	550	ENST00000380733.9	-	COSG99785	TSS_UPSTREAM500(-)	500	3	50	3	y
547	GENE=PTCH1|GENE_NO=551|TRANSCRIPT=ENST00000331920.11|STRAND=-|COSMIC=COSG110583|REGION=TSS_UPSTREAM500(-)	PTCH1	551	ENST00000331920.11	-	COSG110583	TSS_UPSTREAM500(-)	500	2	33	2	y
548	GENE=PTEN|GENE_NO=552|TRANSCRIPT=ENST00000371953.8|STRAND=+|COSMIC=COSG93969|REGION=TSS_UPSTREAM500(+)	PTEN	552	ENST00000371953.8	+	COSG93969	TSS_UPSTREAM500(+)	500	3	58	3	y
549	GENE=PTK6|GENE_NO=553|TRANSCRIPT=ENST00000542869.3|STRAND=-|COSMIC=COSG110739|REGION=TSS_UPSTREAM500(-)	PTK6	553	ENST00000542869.3	-	COSG110739	TSS_UPSTREAM500(-)	500	3	62	3	y
550	GENE=PTPN11|GENE_NO=554|TRANSCRIPT=ENST00000351677.7|STRAND=+|COSMIC=COSG69144|REGION=TSS_UPSTREAM500(+)	PTPN11	554	ENST00000351677.7	+	COSG69144	TSS_UPSTREAM500(+)	500	2	54	3	y
551	GENE=PTPN13|GENE_NO=555|TRANSCRIPT=ENST00000411767.7|STRAND=+|COSMIC=COSG99040|REGION=TSS_UPSTREAM500(+)	PTPN13	555	ENST00000411767.7	+	COSG99040	TSS_UPSTREAM500(+)	500	2	56	3	y
552	GENE=PTPN6|GENE_NO=556|TRANSCRIPT=ENST00000318974.14|STRAND=+|COSMIC=COSG79566|REGION=TSS_UPSTREAM500(+)	PTPN6	556	ENST00000318974.14	+	COSG79566	TSS_UPSTREAM500(+)	500	2	48	3	y
553	GENE=PTPRB|GENE_NO=557|TRANSCRIPT=ENST00000334414.11|STRAND=-|COSMIC=COSG95132|REGION=TSS_UPSTREAM500(-)	PTPRB	557	ENST00000334414.11	-	COSG95132	TSS_UPSTREAM500(-)	500	2	35	2	y
554	GENE=PTPRC|GENE_NO=558|TRANSCRIPT=ENST00000442510.8|STRAND=+|COSMIC=COSG68417|REGION=TSS_UPSTREAM500(+)	PTPRC	558	ENST00000442510.8	+	COSG68417	TSS_UPSTREAM500(+)	500	1	32	2	y
555	GENE=PTPRD|GENE_NO=559|TRANSCRIPT=ENST00000381196.9|STRAND=-|COSMIC=COSG115052|REGION=TSS_UPSTREAM500(-)	PTPRD	559	ENST00000381196.9	-	COSG115052	TSS_UPSTREAM500(-)	500	3	36	2	y
556	GENE=PTPRK|GENE_NO=560|TRANSCRIPT=ENST00000368226.9|STRAND=-|COSMIC=COSG115981|REGION=TSS_UPSTREAM500(-)	PTPRK	560	ENST00000368226.9	-	COSG115981	TSS_UPSTREAM500(-)	500	4	36	2	y
557	GENE=PTPRT|GENE_NO=561|TRANSCRIPT=ENST00000373187.6|STRAND=-|COSMIC=COSG59352|REGION=TSS_UPSTREAM500(-)	PTPRT	561	ENST00000373187.6	-	COSG59352	TSS_UPSTREAM500(-)	500	1	36	2	y
558	GENE=PWWP2A|GENE_NO=562|TRANSCRIPT=ENST00000307063.9|STRAND=-|COSMIC=COSG109642|REGION=TSS_UPSTREAM500(-)	PWWP2A	562	ENST00000307063.9	-	COSG109642	TSS_UPSTREAM500(-)	500	2	59	3	y
559	GENE=QKI|GENE_NO=563|TRANSCRIPT=ENST00000361752.8|STRAND=+|COSMIC=COSG84239|REGION=TSS_UPSTREAM500(+)	QKI	563	ENST00000361752.8	+	COSG84239	TSS_UPSTREAM500(+)	500	3	59	3	y
560	GENE=RABEP1|GENE_NO=564|TRANSCRIPT=ENST00000537505.6|STRAND=+|COSMIC=COSG92649|REGION=TSS_UPSTREAM500(+)	RABEP1	564	ENST00000537505.6	+	COSG92649	TSS_UPSTREAM500(+)	500	2	34	2	y
561	GENE=RAC1|GENE_NO=565|TRANSCRIPT=ENST00000348035.9|STRAND=+|COSMIC=COSG96249|REGION=TSS_UPSTREAM500(+)	RAC1	565	ENST00000348035.9	+	COSG96249	TSS_UPSTREAM500(+)	500	3	59	3	y
562	GENE=RAD17|GENE_NO=566|TRANSCRIPT=ENST00000354868.10|STRAND=+|COSMIC=COSG91280|REGION=TSS_UPSTREAM500(+)	RAD17	566	ENST00000354868.10	+	COSG91280	TSS_UPSTREAM500(+)	500	2	58	3	y
563	GENE=RAD21|GENE_NO=567|TRANSCRIPT=ENST00000297338.7|STRAND=-|COSMIC=COSG63146|REGION=TSS_UPSTREAM500(-)	RAD21	567	ENST00000297338.7	-	COSG63146	TSS_UPSTREAM500(-)	500	3	63	3	y
564	GENE=RAD50|GENE_NO=568|TRANSCRIPT=ENST00000378823.8|STRAND=+|COSMIC=COSG82484|REGION=TSS_UPSTREAM500(+)	RAD50	568	ENST00000378823.8	+	COSG82484	TSS_UPSTREAM500(+)	500	2	35	2	y
565	GENE=RAD51|GENE_NO=569|TRANSCRIPT=ENST00000267868.8|STRAND=+|COSMIC=COSG99649|REGION=TSS_UPSTREAM500(+)	RAD51	569	ENST00000267868.8	+	COSG99649	TSS_UPSTREAM500(+)	500	3	61	3	y
566	GENE=RAD51B|GENE_NO=570|TRANSCRIPT=ENST00000471583.6|STRAND=+|COSMIC=COSG94271|REGION=TSS_UPSTREAM500(+)	RAD51B	570	ENST00000471583.6	+	COSG94271	TSS_UPSTREAM500(+)	500	3	36	2	y
567	GENE=RAD51C|GENE_NO=571|TRANSCRIPT=ENST00000337432.9|STRAND=+|COSMIC=COSG61292|REGION=TSS_UPSTREAM500(+)	RAD51C	571	ENST00000337432.9	+	COSG61292	TSS_UPSTREAM500(+)	500	4	61	3	y
568	GENE=RAD51D|GENE_NO=572|TRANSCRIPT=ENST00000345365.11|STRAND=-|COSMIC=COSG100674|REGION=TSS_UPSTREAM500(-)	RAD51D	572	ENST00000345365.11	-	COSG100674	TSS_UPSTREAM500(-)	500	2	54	3	y
569	GENE=RAF1|GENE_NO=573|TRANSCRIPT=ENST00000251849.9|STRAND=-|COSMIC=COSG112523|REGION=TSS_UPSTREAM500(-)	RAF1	573	ENST00000251849.9	-	COSG112523	TSS_UPSTREAM500(-)	500	3	35	2	y
570	GENE=RALGDS|GENE_NO=574|TRANSCRIPT=ENST00000372050.8|STRAND=-|COSMIC=COSG102669|REGION=TSS_UPSTREAM500(-)	RALGDS	574	ENST00000372050.8	-	COSG102669	TSS_UPSTREAM500(-)	500	4	56	3	y
571	GENE=RANBP2|GENE_NO=575|TRANSCRIPT=ENST00000283195.11|STRAND=+|COSMIC=COSG59445|REGION=TSS_UPSTREAM500(+)	RANBP2	575	ENST00000283195.11	+	COSG59445	TSS_UPSTREAM500(+)	500	1	33	2	y
572	GENE=RAP1B|GENE_NO=576|TRANSCRIPT=ENST00000250559.14|STRAND=+|COSMIC=COSG66550|REGION=TSS_UPSTREAM500(+)	RAP1B	576	ENST00000250559.14	+	COSG66550	TSS_UPSTREAM500(+)	500	4	36	2	y
573	GENE=RAP1GDS1|GENE_NO=577|TRANSCRIPT=ENST00000408927.8|STRAND=+|COSMIC=COSG102103|REGION=TSS_UPSTREAM500(+)	RAP1GDS1	577	ENST00000408927.8	+	COSG102103	TSS_UPSTREAM500(+)	500	3	63	3	y
574	GENE=RARA|GENE_NO=578|TRANSCRIPT=ENST00000254066.10|STRAND=+|COSMIC=COSG68638|REGION=TSS_UPSTREAM500(+)	RARA	578	ENST00000254066.10	+	COSG68638	TSS_UPSTREAM500(+)	500	3	60	3	y
575	GENE=RASA1|GENE_NO=579|TRANSCRIPT=ENST00000274376.11|STRAND=+|COSMIC=COSG93250|REGION=TSS_UPSTREAM500(+)	RASA1	579	ENST00000274376.11	+	COSG93250	TSS_UPSTREAM500(+)	500	2	34	2	y
576	GENE=RB1|GENE_NO=580|TRANSCRIPT=ENST00000267163.6|STRAND=+|COSMIC=COSG77480|REGION=TSS_UPSTREAM500(+)	RB1	580	ENST00000267163.6	+	COSG77480	TSS_UPSTREAM500(+)	500	3	58	3	y
577	GENE=RBM10|GENE_NO=581|TRANSCRIPT=ENST00000377604.8|STRAND=+|COSMIC=COSG114440|REGION=TSS_UPSTREAM500(+)	RBM10	581	ENST00000377604.8	+	COSG114440	TSS_UPSTREAM500(+)	500	3	35	2	y
578	GENE=RBM15|GENE_NO=582|TRANSCRIPT=ENST00000369784.9|STRAND=+|COSMIC=COSG93845|REGION=TSS_UPSTREAM500(+)	RBM15	582	ENST00000369784.9	+	COSG93845	TSS_UPSTREAM500(+)	500	4	52	3	y
579	GENE=RECQL4|GENE_NO=583|TRANSCRIPT=ENST00000617875.6|STRAND=-|COSMIC=COSG81638|REGION=TSS_UPSTREAM500(-)	RECQL4	583	ENST00000617875.6	-	COSG81638	TSS_UPSTREAM500(-)	500	2	36	2	y
580	GENE=REL|GENE_NO=584|TRANSCRIPT=ENST00000394479.4|STRAND=+|COSMIC=COSG73340|REGION=TSS_UPSTREAM500(+)	REL	584	ENST00000394479.4	+	COSG73340	TSS_UPSTREAM500(+)	500	3	82	4	y
581	GENE=RELA|GENE_NO=585|TRANSCRIPT=ENST00000406246.8|STRAND=-|COSMIC=COSG110394|REGION=TSS_UPSTREAM500(-)	RELA	585	ENST00000406246.8	-	COSG110394	TSS_UPSTREAM500(-)	500	4	55	3	y
582	GENE=RET|GENE_NO=586|TRANSCRIPT=ENST00000355710.8|STRAND=+|COSMIC=COSG68325|REGION=TSS_UPSTREAM500(+)	RET	586	ENST00000355710.8	+	COSG68325	TSS_UPSTREAM500(+)	500	2	63	3	y
583	GENE=RFWD3|GENE_NO=587|TRANSCRIPT=ENST00000361070.9|STRAND=-|COSMIC=COSG70379|REGION=TSS_UPSTREAM500(-)	RFWD3	587	ENST00000361070.9	-	COSG70379	TSS_UPSTREAM500(-)	500	2	35	2	y
584	GENE=RGPD3|GENE_NO=588|TRANSCRIPT=ENST00000409886.4|STRAND=-|COSMIC=COSG61420|REGION=TSS_UPSTREAM500(-)	RGPD3	588	ENST00000409886.4	-	COSG61420	TSS_UPSTREAM500(-)	500	3	34	2	y
585	GENE=RGS7|GENE_NO=589|TRANSCRIPT=ENST00000440928.6|STRAND=-|COSMIC=COSG77034|REGION=TSS_UPSTREAM500(-)	RGS7	589	ENST00000440928.6	-	COSG77034	TSS_UPSTREAM500(-)	500	2	64	3	y
586	GENE=RHOA|GENE_NO=590|TRANSCRIPT=ENST00000418115.6|STRAND=-|COSMIC=COSG65553|REGION=TSS_UPSTREAM500(-)	RHOA	590	ENST00000418115.6	-	COSG65553	TSS_UPSTREAM500(-)	500	4	32	2	y
587	GENE=RHOH|GENE_NO=591|TRANSCRIPT=ENST00000381799.10|STRAND=+|COSMIC=COSG100969|REGION=TSS_UPSTREAM500(+)	RHOH	591	ENST00000381799.10	+	COSG100969	TSS_UPSTREAM500(+)	500	3	51	3	y
588	GENE=RICTOR|GENE_NO=592|TRANSCRIPT=ENST00000357387.8|STRAND=-|COSMIC=COSG71764|REGION=TSS_UPSTREAM500(-)	RICTOR	592	ENST00000357387.8	-	COSG71764	TSS_UPSTREAM500(-)	500	4	76	4	y
589	GENE=RMI2|GENE_NO=593|TRANSCRIPT=ENST00000312499.6|STRAND=+|COSMIC=COSG114685|REGION=TSS_UPSTREAM500(+)	RMI2	593	ENST00000312499.6	+	COSG114685	TSS_UPSTREAM500(+)	500	1	36	2	y
590	GENE=RNF213|GENE_NO=594|TRANSCRIPT=ENST00000582970.6|STRAND=+|COSMIC=COSG79337|REGION=TSS_UPSTREAM500(+)	RNF213	594	ENST00000582970.6	+	COSG79337	TSS_UPSTREAM500(+)	500	1	62	3	y
591	GENE=RNF43|GENE_NO=595|TRANSCRIPT=ENST00000407977.7|STRAND=-|COSMIC=COSG77343|REGION=TSS_UPSTREAM500(-)	RNF43	595	ENST00000407977.7	-	COSG77343	TSS_UPSTREAM500(-)	500	2	62	3	y
592	GENE=ROBO2|GENE_NO=596|TRANSCRIPT=ENST00000696593.1|STRAND=+|COSMIC=COSG87597|REGION=TSS_UPSTREAM500(+)	ROBO2	596	ENST00000696593.1	+	COSG87597	TSS_UPSTREAM500(+)	500	4	36	2	y
593	GENE=ROCK1|GENE_NO=597|TRANSCRIPT=ENST00000399799.3|STRAND=-|COSMIC=COSG89530|REGION=TSS_UPSTREAM500(-)	ROCK1	597	ENST00000399799.3	-	COSG89530	TSS_UPSTREAM500(-)	500	4	34	2	y
594	GENE=ROS1|GENE_NO=598|TRANSCRIPT=ENST00000368507.8|STRAND=-|COSMIC=COSG103633|REGION=TSS_UPSTREAM500(-)	ROS1	598	ENST00000368507.8	-	COSG103633	TSS_UPSTREAM500(-)	500	1	36	2	y
595	GENE=RPL10|GENE_NO=599|TRANSCRIPT=ENST00000369817.7|STRAND=+|COSMIC=COSG112537|REGION=TSS_UPSTREAM500(+)	RPL10	599	ENST00000369817.7	+	COSG112537	TSS_UPSTREAM500(+)	500	2	35	2	y
596	GENE=RPL22|GENE_NO=600|TRANSCRIPT=ENST00000234875.9|STRAND=-|COSMIC=COSG73509|REGION=TSS_UPSTREAM500(-)	RPL22	600	ENST00000234875.9	-	COSG73509	TSS_UPSTREAM500(-)	500	3	36	2	y
597	GENE=RPL5|GENE_NO=601|TRANSCRIPT=ENST00000370321.8|STRAND=+|COSMIC=COSG101735|REGION=TSS_UPSTREAM500(+)	RPL5	601	ENST00000370321.8	+	COSG101735	TSS_UPSTREAM500(+)	500	2	62	3	y
598	GENE=RPN1|GENE_NO=602|TRANSCRIPT=ENST00000296255.8|STRAND=-|COSMIC=COSG77777|REGION=TSS_UPSTREAM500(-)	RPN1	602	ENST00000296255.8	-	COSG77777	TSS_UPSTREAM500(-)	500	4	57	3	y
599	GENE=RRAS2|GENE_NO=603|TRANSCRIPT=ENST00000256196.9|STRAND=-|COSMIC=COSG70136|REGION=TSS_UPSTREAM500(-)	RRAS2	603	ENST00000256196.9	-	COSG70136	TSS_UPSTREAM500(-)	500	1	34	2	y
600	GENE=RSPO2|GENE_NO=604|TRANSCRIPT=ENST00000276659.10|STRAND=-|COSMIC=COSG86313|REGION=TSS_UPSTREAM500(-)	RSPO2	604	ENST00000276659.10	-	COSG86313	TSS_UPSTREAM500(-)	500	2	57	3	y
601	GENE=RSPO3|GENE_NO=605|TRANSCRIPT=ENST00000356698.9|STRAND=+|COSMIC=COSG61346|REGION=TSS_UPSTREAM500(+)	RSPO3	605	ENST00000356698.9	+	COSG61346	TSS_UPSTREAM500(+)	500	1	62	3	y
602	GENE=RUNX1|GENE_NO=606|TRANSCRIPT=ENST00000675419.1|STRAND=-|COSMIC=COSG64498|REGION=TSS_UPSTREAM500(-)	RUNX1	606	ENST00000675419.1	-	COSG64498	TSS_UPSTREAM500(-)	500	2	60	3	y
603	GENE=RUNX1T1|GENE_NO=607|TRANSCRIPT=ENST00000523629.7|STRAND=-|COSMIC=COSG111690|REGION=TSS_UPSTREAM500(-)	RUNX1T1	607	ENST00000523629.7	-	COSG111690	TSS_UPSTREAM500(-)	500	3	60	3	y
604	GENE=RXRA|GENE_NO=608|TRANSCRIPT=ENST00000481739.2|STRAND=+|COSMIC=COSG75470|REGION=TSS_UPSTREAM500(+)	RXRA	608	ENST00000481739.2	+	COSG75470	TSS_UPSTREAM500(+)	500	3	63	3	y
605	GENE=S100A7|GENE_NO=609|TRANSCRIPT=ENST00000368723.4|STRAND=-|COSMIC=COSG80247|REGION=TSS_UPSTREAM500(-)	S100A7	609	ENST00000368723.4	-	COSG80247	TSS_UPSTREAM500(-)	500	4	57	3	y
606	GENE=SALL4|GENE_NO=610|TRANSCRIPT=ENST00000217086.9|STRAND=-|COSMIC=COSG110233|REGION=TSS_UPSTREAM500(-)	SALL4	610	ENST00000217086.9	-	COSG110233	TSS_UPSTREAM500(-)	500	4	55	3	y
607	GENE=SBDS|GENE_NO=611|TRANSCRIPT=ENST00000246868.7|STRAND=-|COSMIC=COSG90100|REGION=TSS_UPSTREAM500(-)	SBDS	611	ENST00000246868.7	-	COSG90100	TSS_UPSTREAM500(-)	500	3	30	2	y
608	GENE=SDC4|GENE_NO=612|TRANSCRIPT=ENST00000372733.3|STRAND=-|COSMIC=COSG77983|REGION=TSS_UPSTREAM500(-)	SDC4	612	ENST00000372733.3	-	COSG77983	TSS_UPSTREAM500(-)	500	2	80	4	y
609	GENE=SDHA|GENE_NO=613|TRANSCRIPT=ENST00000264932.11|STRAND=+|COSMIC=COSG76340|REGION=TSS_UPSTREAM500(+)	SDHA	613	ENST00000264932.11	+	COSG76340	TSS_UPSTREAM500(+)	500	4	34	2	y
610	GENE=SDHAF2|GENE_NO=614|TRANSCRIPT=ENST00000301761.7|STRAND=+|COSMIC=COSG70475|REGION=TSS_UPSTREAM500(+)	SDHAF2	614	ENST00000301761.7	+	COSG70475	TSS_UPSTREAM500(+)	500	3	36	2	y
611	GENE=SDHB|GENE_NO=615|TRANSCRIPT=ENST00000375499.8|STRAND=-|COSMIC=COSG111326|REGION=TSS_UPSTREAM500(-)	SDHB	615	ENST00000375499.8	-	COSG111326	TSS_UPSTREAM500(-)	500	4	52	3	y
612	GENE=SDHC|GENE_NO=616|TRANSCRIPT=ENST00000367975.7|STRAND=+|COSMIC=COSG99638|REGION=TSS_UPSTREAM500(+)	SDHC	616	ENST00000367975.7	+	COSG99638	TSS_UPSTREAM500(+)	500	3	36	2	y
613	GENE=SDHD|GENE_NO=617|TRANSCRIPT=ENST00000375549.8|STRAND=+|COSMIC=COSG95892|REGION=TSS_UPSTREAM500(+)	SDHD	617	ENST00000375549.8	+	COSG95892	TSS_UPSTREAM500(+)	500	2	30	2	y
614	GENE=SEPT5|GENE_NO=618|TRANSCRIPT=ENST00000455784.7|STRAND=+|COSMIC=COSG61422|REGION=TSS_UPSTREAM500(+)	SEPT5	618	ENST00000455784.7	+	COSG61422	TSS_UPSTREAM500(+)	500	1	64	3	y
615	GENE=SEPT6|GENE_NO=619|TRANSCRIPT=ENST00000394610.7|STRAND=-|COSMIC=COSG70569|REGION=TSS_UPSTREAM500(-)	SEPT6	619	ENST00000394610.7	-	COSG70569	TSS_UPSTREAM500(-)	500	3	75	4	y
616	GENE=SEPT9|GENE_NO=620|TRANSCRIPT=ENST00000427177.6|STRAND=+|COSMIC=COSG86979|REGION=TSS_UPSTREAM500(+)	SEPT9	620	ENST00000427177.6	+	COSG86979	TSS_UPSTREAM500(+)	500	1	84	4	y
617	GENE=SET|GENE_NO=621|TRANSCRIPT=ENST00000322030.13|STRAND=+|COSMIC=COSG104989|REGION=TSS_UPSTREAM500(+)	SET	621	ENST00000322030.13	+	COSG104989	TSS_UPSTREAM500(+)	500	3	79	4	y
618	GENE=SETBP1|GENE_NO=622|TRANSCRIPT=ENST00000649279.2|STRAND=+|COSMIC=COSG82137|REGION=TSS_UPSTREAM500(+)	SETBP1	622	ENST00000649279.2	+	COSG82137	TSS_UPSTREAM500(+)	500	3	63	3	y
619	GENE=SETD1B|GENE_NO=623|TRANSCRIPT=ENST00000604567.6|STRAND=+|COSMIC=COSG113695|REGION=TSS_UPSTREAM500(+)	SETD1B	623	ENST00000604567.6	+	COSG113695	TSS_UPSTREAM500(+)	500	2	82	4	y
620	GENE=SETD2|GENE_NO=624|TRANSCRIPT=ENST00000409792.4|STRAND=-|COSMIC=COSG98373|REGION=TSS_UPSTREAM500(-)	SETD2	624	ENST00000409792.4	-	COSG98373	TSS_UPSTREAM500(-)	500	2	57	3	y
621	GENE=SETDB1|GENE_NO=625|TRANSCRIPT=ENST00000692827.1|STRAND=+|COSMIC=COSG106164|REGION=TSS_UPSTREAM500(+)	SETDB1	625	ENST00000692827.1	+	COSG106164	TSS_UPSTREAM500(+)	500	3	36	2	y
622	GENE=SF3B1|GENE_NO=626|TRANSCRIPT=ENST00000335508.11|STRAND=-|COSMIC=COSG68035|REGION=TSS_UPSTREAM500(-)	SF3B1	626	ENST00000335508.11	-	COSG68035	TSS_UPSTREAM500(-)	500	4	35	2	y
623	GENE=SFPQ|GENE_NO=627|TRANSCRIPT=ENST00000357214.6|STRAND=-|COSMIC=COSG102257|REGION=TSS_UPSTREAM500(-)	SFPQ	627	ENST00000357214.6	-	COSG102257	TSS_UPSTREAM500(-)	500	3	33	2	y
624	GENE=SFRP4|GENE_NO=628|TRANSCRIPT=ENST00000436072.7|STRAND=-|COSMIC=COSG92761|REGION=TSS_UPSTREAM500(-)	SFRP4	628	ENST00000436072.7	-	COSG92761	TSS_UPSTREAM500(-)	500	1	61	3	y
625	GENE=SGK1|GENE_NO=629|TRANSCRIPT=ENST00000367858.10|STRAND=-|COSMIC=COSG63500|REGION=TSS_UPSTREAM500(-)	SGK1	629	ENST00000367858.10	-	COSG63500	TSS_UPSTREAM500(-)	500	1	35	2	y
626	GENE=SH2B3|GENE_NO=630|TRANSCRIPT=ENST00000341259.7|STRAND=+|COSMIC=COSG79851|REGION=TSS_UPSTREAM500(+)	SH2B3	630	ENST00000341259.7	+	COSG79851	TSS_UPSTREAM500(+)	500	3	58	3	y
627	GENE=SH3GL1|GENE_NO=631|TRANSCRIPT=ENST00000269886.7|STRAND=-|COSMIC=COSG66356|REGION=TSS_UPSTREAM500(-)	SH3GL1	631	ENST00000269886.7	-	COSG66356	TSS_UPSTREAM500(-)	500	5	92	5	y
628	GENE=SHTN1|GENE_NO=632|TRANSCRIPT=ENST00000355371.9|STRAND=-|COSMIC=COSG92016|REGION=TSS_UPSTREAM500(-)	SHTN1	632	ENST00000355371.9	-	COSG92016	TSS_UPSTREAM500(-)	500	5	36	2	y
629	GENE=SIRPA|GENE_NO=633|TRANSCRIPT=ENST00000358771.5|STRAND=+|COSMIC=COSG81390|REGION=TSS_UPSTREAM500(+)	SIRPA	633	ENST00000358771.5	+	COSG81390	TSS_UPSTREAM500(+)	500	2	63	3	y
630	GENE=SIX1|GENE_NO=634|TRANSCRIPT=ENST00000645694.3|STRAND=-|COSMIC=COSG59671|REGION=TSS_UPSTREAM500(-)	SIX1	634	ENST00000645694.3	-	COSG59671	TSS_UPSTREAM500(-)	500	2	53	3	y
631	GENE=SIX2|GENE_NO=635|TRANSCRIPT=ENST00000303077.7|STRAND=-|COSMIC=COSG60891|REGION=TSS_UPSTREAM500(-)	SIX2	635	ENST00000303077.7	-	COSG60891	TSS_UPSTREAM500(-)	500	2	35	2	y
632	GENE=SKI|GENE_NO=636|TRANSCRIPT=ENST00000378536.5|STRAND=+|COSMIC=COSG101216|REGION=TSS_UPSTREAM500(+)	SKI	636	ENST00000378536.5	+	COSG101216	TSS_UPSTREAM500(+)	500	2	76	4	y
633	GENE=SLC34A2|GENE_NO=637|TRANSCRIPT=ENST00000382051.8|STRAND=+|COSMIC=COSG66821|REGION=TSS_UPSTREAM500(+)	SLC34A2	637	ENST00000382051.8	+	COSG66821	TSS_UPSTREAM500(+)	500	1	82	4	y
634	GENE=SLC45A3|GENE_NO=638|TRANSCRIPT=ENST00000367145.4|STRAND=-|COSMIC=COSG90757|REGION=TSS_UPSTREAM500(-)	SLC45A3	638	ENST00000367145.4	-	COSG90757	TSS_UPSTREAM500(-)	500	1	36	2	y
635	GENE=SMAD2|GENE_NO=639|TRANSCRIPT=ENST00000262160.11|STRAND=-|COSMIC=COSG72498|REGION=TSS_UPSTREAM500(-)	SMAD2	639	ENST00000262160.11	-	COSG72498	TSS_UPSTREAM500(-)	500	3	62	3	y
636	GENE=SMAD3|GENE_NO=640|TRANSCRIPT=ENST00000327367.9|STRAND=+|COSMIC=COSG112721|REGION=TSS_UPSTREAM500(+)	SMAD3	640	ENST00000327367.9	+	COSG112721	TSS_UPSTREAM500(+)	500	2	77	4	y
637	GENE=SMAD4|GENE_NO=641|TRANSCRIPT=ENST00000342988.8|STRAND=+|COSMIC=COSG63839|REGION=TSS_UPSTREAM500(+)	SMAD4	641	ENST00000342988.8	+	COSG63839	TSS_UPSTREAM500(+)	500	3	58	3	y
638	GENE=SMARCA4|GENE_NO=642|TRANSCRIPT=ENST00000344626.10|STRAND=+|COSMIC=COSG94137|REGION=TSS_UPSTREAM500(+)	SMARCA4	642	ENST00000344626.10	+	COSG94137	TSS_UPSTREAM500(+)	500	3	56	3	y
639	GENE=SMARCB1|GENE_NO=643|TRANSCRIPT=ENST00000644036.2|STRAND=+|COSMIC=COSG106041|REGION=TSS_UPSTREAM500(+)	SMARCB1	643	ENST00000644036.2	+	COSG106041	TSS_UPSTREAM500(+)	500	3	34	2	y
640	GENE=SMARCD1|GENE_NO=644|TRANSCRIPT=ENST00000394963.9|STRAND=+|COSMIC=COSG71965|REGION=TSS_UPSTREAM500(+)	SMARCD1	644	ENST00000394963.9	+	COSG71965	TSS_UPSTREAM500(+)	500	3	88	5	y
641	GENE=SMARCE1|GENE_NO=645|TRANSCRIPT=ENST00000348513.12|STRAND=-|COSMIC=COSG61073|REGION=TSS_UPSTREAM500(-)	SMARCE1	645	ENST00000348513.12	-	COSG61073	TSS_UPSTREAM500(-)	500	3	56	3	y
642	GENE=SMC1A|GENE_NO=646|TRANSCRIPT=ENST00000322213.9|STRAND=-|COSMIC=COSG73424|REGION=TSS_UPSTREAM500(-)	SMC1A	646	ENST00000322213.9	-	COSG73424	TSS_UPSTREAM500(-)	500	3	36	2	y
643	GENE=SMO|GENE_NO=647|TRANSCRIPT=ENST00000249373.8|STRAND=+|COSMIC=COSG112751|REGION=TSS_UPSTREAM500(+)	SMO	647	ENST00000249373.8	+	COSG112751	TSS_UPSTREAM500(+)	500	3	36	2	y
644	GENE=SND1|GENE_NO=648|TRANSCRIPT=ENST00000354725.8|STRAND=+|COSMIC=COSG69136|REGION=TSS_UPSTREAM500(+)	SND1	648	ENST00000354725.8	+	COSG69136	TSS_UPSTREAM500(+)	500	2	61	3	y
645	GENE=SNX29|GENE_NO=649|TRANSCRIPT=ENST00000566228.6|STRAND=+|COSMIC=COSG71274|REGION=TSS_UPSTREAM500(+)	SNX29	649	ENST00000566228.6	+	COSG71274	TSS_UPSTREAM500(+)	500	3	81	4	y
646	GENE=SOCS1|GENE_NO=650|TRANSCRIPT=ENST00000332029.4|STRAND=-|COSMIC=COSG89969|REGION=TSS_UPSTREAM500(-)	SOCS1	650	ENST00000332029.4	-	COSG89969	TSS_UPSTREAM500(-)	500	2	81	4	y
647	GENE=SOS1|GENE_NO=651|TRANSCRIPT=ENST00000402219.8|STRAND=-|COSMIC=COSG84335|REGION=TSS_UPSTREAM500(-)	SOS1	651	ENST00000402219.8	-	COSG84335	TSS_UPSTREAM500(-)	500	2	58	3	y
648	GENE=SOX2|GENE_NO=652|TRANSCRIPT=ENST00000325404.3|STRAND=+|COSMIC=COSG104377|REGION=TSS_UPSTREAM500(+)	SOX2	652	ENST00000325404.3	+	COSG104377	TSS_UPSTREAM500(+)	500	3	36	2	y
649	GENE=SOX21|GENE_NO=653|TRANSCRIPT=ENST00000376945.4|STRAND=-|COSMIC=COSG94735|REGION=TSS_UPSTREAM500(-)	SOX21	653	ENST00000376945.4	-	COSG94735	TSS_UPSTREAM500(-)	500	3	35	2	y
650	GENE=SPECC1|GENE_NO=654|TRANSCRIPT=ENST00000395527.9|STRAND=+|COSMIC=COSG97186|REGION=TSS_UPSTREAM500(+)	SPECC1	654	ENST00000395527.9	+	COSG97186	TSS_UPSTREAM500(+)	500	3	36	2	y
651	GENE=SPEN|GENE_NO=655|TRANSCRIPT=ENST00000375759.8|STRAND=+|COSMIC=COSG69096|REGION=TSS_UPSTREAM500(+)	SPEN	655	ENST00000375759.8	+	COSG69096	TSS_UPSTREAM500(+)	500	3	36	2	y
652	GENE=SPOP|GENE_NO=656|TRANSCRIPT=ENST00000504102.6|STRAND=-|COSMIC=COSG63219|REGION=TSS_UPSTREAM500(-)	SPOP	656	ENST00000504102.6	-	COSG63219	TSS_UPSTREAM500(-)	500	1	74	4	y
653	GENE=SRC|GENE_NO=657|TRANSCRIPT=ENST00000373578.7|STRAND=+|COSMIC=COSG62428|REGION=TSS_UPSTREAM500(+)	SRC	657	ENST00000373578.7	+	COSG62428	TSS_UPSTREAM500(+)	500	2	77	4	y
654	GENE=SRGAP3|GENE_NO=658|TRANSCRIPT=ENST00000383836.8|STRAND=-|COSMIC=COSG90916|REGION=TSS_UPSTREAM500(-)	SRGAP3	658	ENST00000383836.8	-	COSG90916	TSS_UPSTREAM500(-)	500	1	23	2	y
655	GENE=SRSF2|GENE_NO=659|TRANSCRIPT=ENST00000359995.10|STRAND=-|COSMIC=COSG66820|REGION=TSS_UPSTREAM500(-)	SRSF2	659	ENST00000359995.10	-	COSG66820	TSS_UPSTREAM500(-)	500	3	61	3	y
656	GENE=SRSF3|GENE_NO=660|TRANSCRIPT=ENST00000373715.11|STRAND=+|COSMIC=COSG100307|REGION=TSS_UPSTREAM500(+)	SRSF3	660	ENST00000373715.11	+	COSG100307	TSS_UPSTREAM500(+)	500	3	36	2	y
657	GENE=SS18|GENE_NO=661|TRANSCRIPT=ENST00000415083.7|STRAND=-|COSMIC=COSG67889|REGION=TSS_UPSTREAM500(-)	SS18	661	ENST00000415083.7	-	COSG67889	TSS_UPSTREAM500(-)	500	2	55	3	y
658	GENE=SS18L1|GENE_NO=662|TRANSCRIPT=ENST00000331758.8|STRAND=+|COSMIC=COSG68150|REGION=TSS_UPSTREAM500(+)	SS18L1	662	ENST00000331758.8	+	COSG68150	TSS_UPSTREAM500(+)	500	2	62	3	y
659	GENE=SSX1|GENE_NO=663|TRANSCRIPT=ENST00000376919.4|STRAND=+|COSMIC=COSG107838|REGION=TSS_UPSTREAM500(+)	SSX1	663	ENST00000376919.4	+	COSG107838	TSS_UPSTREAM500(+)	500	2	35	2	y
660	GENE=SSX2|GENE_NO=664|TRANSCRIPT=ENST00000337502.6|STRAND=-|COSMIC=COSG89496|REGION=TSS_UPSTREAM500(-)	SSX2	664	ENST00000337502.6	-	COSG89496	TSS_UPSTREAM500(-)	500	1	35	2	y
661	GENE=SSX4|GENE_NO=665|TRANSCRIPT=ENST00000595689.3|STRAND=+|COSMIC=COSG73109|REGION=TSS_UPSTREAM500(+)	SSX4	665	ENST00000595689.3	+	COSG73109	TSS_UPSTREAM500(+)	500	2	52	3	y
662	GENE=STAG1|GENE_NO=666|TRANSCRIPT=ENST00000383202.7|STRAND=-|COSMIC=COSG104937|REGION=TSS_UPSTREAM500(-)	STAG1	666	ENST00000383202.7	-	COSG104937	TSS_UPSTREAM500(-)	500	4	36	2	y
663	GENE=STAG2|GENE_NO=667|TRANSCRIPT=ENST00000371145.8|STRAND=+|COSMIC=COSG95834|REGION=TSS_UPSTREAM500(+)	STAG2	667	ENST00000371145.8	+	COSG95834	TSS_UPSTREAM500(+)	500	2	60	3	y
664	GENE=STAT3|GENE_NO=668|TRANSCRIPT=ENST00000264657.10|STRAND=-|COSMIC=COSG84383|REGION=TSS_UPSTREAM500(-)	STAT3	668	ENST00000264657.10	-	COSG84383	TSS_UPSTREAM500(-)	500	3	63	3	y
665	GENE=STAT5B|GENE_NO=669|TRANSCRIPT=ENST00000293328.8|STRAND=-|COSMIC=COSG97911|REGION=TSS_UPSTREAM500(-)	STAT5B	669	ENST00000293328.8	-	COSG97911	TSS_UPSTREAM500(-)	500	2	62	3	y
666	GENE=STAT6|GENE_NO=670|TRANSCRIPT=ENST00000300134.8|STRAND=-|COSMIC=COSG114380|REGION=TSS_UPSTREAM500(-)	STAT6	670	ENST00000300134.8	-	COSG114380	TSS_UPSTREAM500(-)	500	2	49	3	y
667	GENE=STIL|GENE_NO=671|TRANSCRIPT=ENST00000371877.8|STRAND=-|COSMIC=COSG80911|REGION=TSS_UPSTREAM500(-)	STIL	671	ENST00000371877.8	-	COSG80911	TSS_UPSTREAM500(-)	500	2	34	2	y
668	GENE=STK11|GENE_NO=672|TRANSCRIPT=ENST00000326873.12|STRAND=+|COSMIC=COSG67170|REGION=TSS_UPSTREAM500(+)	STK11	672	ENST00000326873.12	+	COSG67170	TSS_UPSTREAM500(+)	500	2	80	4	y
669	GENE=STRN|GENE_NO=673|TRANSCRIPT=ENST00000263918.9|STRAND=-|COSMIC=COSG109920|REGION=TSS_UPSTREAM500(-)	STRN	673	ENST00000263918.9	-	COSG109920	TSS_UPSTREAM500(-)	500	4	58	3	y
670	GENE=SUB1|GENE_NO=674|TRANSCRIPT=ENST00000265073.9|STRAND=+|COSMIC=COSG89159|REGION=TSS_UPSTREAM500(+)	SUB1	674	ENST00000265073.9	+	COSG89159	TSS_UPSTREAM500(+)	500	3	56	3	y
671	GENE=SUFU|GENE_NO=675|TRANSCRIPT=ENST00000369902.8|STRAND=+|COSMIC=COSG111528|REGION=TSS_UPSTREAM500(+)	SUFU	675	ENST00000369902.8	+	COSG111528	TSS_UPSTREAM500(+)	500	2	56	3	y
672	GENE=SUZ12|GENE_NO=676|TRANSCRIPT=ENST00000322652.10|STRAND=+|COSMIC=COSG102561|REGION=TSS_UPSTREAM500(+)	SUZ12	676	ENST00000322652.10	+	COSG102561	TSS_UPSTREAM500(+)	500	4	60	3	y
673	GENE=SYK|GENE_NO=677|TRANSCRIPT=ENST00000375754.9|STRAND=+|COSMIC=COSG106457|REGION=TSS_UPSTREAM500(+)	SYK	677	ENST00000375754.9	+	COSG106457	TSS_UPSTREAM500(+)	500	2	63	3	y
674	GENE=TAF15|GENE_NO=678|TRANSCRIPT=ENST00000605844.6|STRAND=+|COSMIC=COSG76204|REGION=TSS_UPSTREAM500(+)	TAF15	678	ENST00000605844.6	+	COSG76204	TSS_UPSTREAM500(+)	500	2	60	3	y
675	GENE=TAL1|GENE_NO=679|TRANSCRIPT=ENST00000691006.1|STRAND=-|COSMIC=COSG97131|REGION=TSS_UPSTREAM500(-)	TAL1	679	ENST00000691006.1	-	COSG97131	TSS_UPSTREAM500(-)	500	2	82	4	y
676	GENE=TAL2|GENE_NO=680|TRANSCRIPT=ENST00000334077.6|STRAND=+|COSMIC=COSG92048|REGION=TSS_UPSTREAM500(+)	TAL2	680	ENST00000334077.6	+	COSG92048	TSS_UPSTREAM500(+)	500	3	35	2	y
677	GENE=TBL1XR1|GENE_NO=681|TRANSCRIPT=ENST00000457928.7|STRAND=-|COSMIC=COSG96938|REGION=TSS_UPSTREAM500(-)	TBL1XR1	681	ENST00000457928.7	-	COSG96938	TSS_UPSTREAM500(-)	500	4	61	3	y
678	GENE=TBX3|GENE_NO=682|TRANSCRIPT=ENST00000349155.7|STRAND=-|COSMIC=COSG61092|REGION=TSS_UPSTREAM500(-)	TBX3	682	ENST00000349155.7	-	COSG61092	TSS_UPSTREAM500(-)	500	1	29	2	y
679	GENE=TCEA1|GENE_NO=683|TRANSCRIPT=ENST00000521604.7|STRAND=-|COSMIC=COSG66746|REGION=TSS_UPSTREAM500(-)	TCEA1	683	ENST00000521604.7	-	COSG66746	TSS_UPSTREAM500(-)	500	2	34	2	y
680	GENE=TCF12|GENE_NO=684|TRANSCRIPT=ENST00000333725.10|STRAND=+|COSMIC=COSG62962|REGION=TSS_UPSTREAM500(+)	TCF12	684	ENST00000333725.10	+	COSG62962	TSS_UPSTREAM500(+)	500	3	64	3	y
681	GENE=TCF3|GENE_NO=685|TRANSCRIPT=ENST00000262965.12|STRAND=-|COSMIC=COSG59650|REGION=TSS_UPSTREAM500(-)	TCF3	685	ENST00000262965.12	-	COSG59650	TSS_UPSTREAM500(-)	500	3	83	4	y
682	GENE=TCF7L2|GENE_NO=686|TRANSCRIPT=ENST00000355995.9|STRAND=+|COSMIC=COSG99267|REGION=TSS_UPSTREAM500(+)	TCF7L2	686	ENST00000355995.9	+	COSG99267	TSS_UPSTREAM500(+)	500	2	30	2	y
683	GENE=TCL1A|GENE_NO=687|TRANSCRIPT=ENST00000402399.6|STRAND=-|COSMIC=COSG80884|REGION=TSS_UPSTREAM500(-)	TCL1A	687	ENST00000402399.6	-	COSG80884	TSS_UPSTREAM500(-)	500	2	56	3	y
684	GENE=TEC|GENE_NO=688|TRANSCRIPT=ENST00000381501.8|STRAND=-|COSMIC=COSG72827|REGION=TSS_UPSTREAM500(-)	TEC	688	ENST00000381501.8	-	COSG72827	TSS_UPSTREAM500(-)	500	3	84	4	y
685	GENE=TENT5C|GENE_NO=689|TRANSCRIPT=ENST00000369448.4|STRAND=+|COSMIC=COSG82010|REGION=TSS_UPSTREAM500(+)	TENT5C	689	ENST00000369448.4	+	COSG82010	TSS_UPSTREAM500(+)	500	2	68	4	y
686	GENE=TERT|GENE_NO=690|TRANSCRIPT=ENST00000310581.10|STRAND=-|COSMIC=COSG76097|REGION=TSS_UPSTREAM500(-)	TERT	690	ENST00000310581.10	-	COSG76097	TSS_UPSTREAM500(-)	500	2	36	2	y
687	GENE=TET1|GENE_NO=691|TRANSCRIPT=ENST00000373644.5|STRAND=+|COSMIC=COSG68435|REGION=TSS_UPSTREAM500(+)	TET1	691	ENST00000373644.5	+	COSG68435	TSS_UPSTREAM500(+)	500	2	63	3	y
688	GENE=TET2|GENE_NO=692|TRANSCRIPT=ENST00000380013.9|STRAND=+|COSMIC=COSG109769|REGION=TSS_UPSTREAM500(+)	TET2	692	ENST00000380013.9	+	COSG109769	TSS_UPSTREAM500(+)	500	1	63	3	y
689	GENE=TFE3|GENE_NO=693|TRANSCRIPT=ENST00000315869.8|STRAND=-|COSMIC=COSG110599|REGION=TSS_UPSTREAM500(-)	TFE3	693	ENST00000315869.8	-	COSG110599	TSS_UPSTREAM500(-)	500	3	61	3	y
690	GENE=TFEB|GENE_NO=694|TRANSCRIPT=ENST00000373033.6|STRAND=-|COSMIC=COSG81648|REGION=TSS_UPSTREAM500(-)	TFEB	694	ENST00000373033.6	-	COSG81648	TSS_UPSTREAM500(-)	500	3	58	3	y
691	GENE=TFG|GENE_NO=695|TRANSCRIPT=ENST00000240851.9|STRAND=+|COSMIC=COSG60365|REGION=TSS_UPSTREAM500(+)	TFG	695	ENST00000240851.9	+	COSG60365	TSS_UPSTREAM500(+)	500	4	34	2	y
692	GENE=TFPT|GENE_NO=696|TRANSCRIPT=ENST00000391759.6|STRAND=-|COSMIC=COSG94651|REGION=TSS_UPSTREAM500(-)	TFPT	696	ENST00000391759.6	-	COSG94651	TSS_UPSTREAM500(-)	500	2	36	2	y
693	GENE=TFRC|GENE_NO=697|TRANSCRIPT=ENST00000360110.9|STRAND=-|COSMIC=COSG93056|REGION=TSS_UPSTREAM500(-)	TFRC	697	ENST00000360110.9	-	COSG93056	TSS_UPSTREAM500(-)	500	2	70	4	y
694	GENE=TGFBR1|GENE_NO=698|TRANSCRIPT=ENST00000374994.9|STRAND=+|COSMIC=COSG101127|REGION=TSS_UPSTREAM500(+)	TGFBR1	698	ENST00000374994.9	+	COSG101127	TSS_UPSTREAM500(+)	500	2	73	4	y
695	GENE=TGFBR2|GENE_NO=699|TRANSCRIPT=ENST00000295754.10|STRAND=+|COSMIC=COSG68111|REGION=TSS_UPSTREAM500(+)	TGFBR2	699	ENST00000295754.10	+	COSG68111	TSS_UPSTREAM500(+)	500	2	35	2	y
696	GENE=THRAP3|GENE_NO=700|TRANSCRIPT=ENST00000354618.10|STRAND=+|COSMIC=COSG77463|REGION=TSS_UPSTREAM500(+)	THRAP3	700	ENST00000354618.10	+	COSG77463	TSS_UPSTREAM500(+)	500	4	36	2	y
697	GENE=TLX1|GENE_NO=701|TRANSCRIPT=ENST00000370196.11|STRAND=+|COSMIC=COSG114529|REGION=TSS_UPSTREAM500(+)	TLX1	701	ENST00000370196.11	+	COSG114529	TSS_UPSTREAM500(+)	500	2	34	2	y
698	GENE=TLX3|GENE_NO=702|TRANSCRIPT=ENST00000296921.6|STRAND=+|COSMIC=COSG101712|REGION=TSS_UPSTREAM500(+)	TLX3	702	ENST00000296921.6	+	COSG101712	TSS_UPSTREAM500(+)	500	4	35	2	y
699	GENE=TMEM127|GENE_NO=703|TRANSCRIPT=ENST00000258439.8|STRAND=-|COSMIC=COSG94256|REGION=TSS_UPSTREAM500(-)	TMEM127	703	ENST00000258439.8	-	COSG94256	TSS_UPSTREAM500(-)	500	5	52	3	y
700	GENE=TMPRSS2|GENE_NO=704|TRANSCRIPT=ENST00000332149.10|STRAND=-|COSMIC=COSG82247|REGION=TSS_UPSTREAM500(-)	TMPRSS2	704	ENST00000332149.10	-	COSG82247	TSS_UPSTREAM500(-)	500	3	35	2	y
701	GENE=TMSB4X|GENE_NO=705|TRANSCRIPT=ENST00000451311.7|STRAND=+|COSMIC=COSG64710|REGION=TSS_UPSTREAM500(+)	TMSB4X	705	ENST00000451311.7	+	COSG64710	TSS_UPSTREAM500(+)	500	2	52	3	y
702	GENE=TNC|GENE_NO=706|TRANSCRIPT=ENST00000350763.9|STRAND=-|COSMIC=COSG105617|REGION=TSS_UPSTREAM500(-)	TNC	706	ENST00000350763.9	-	COSG105617	TSS_UPSTREAM500(-)	500	4	62	3	y
703	GENE=TNFAIP3|GENE_NO=707|TRANSCRIPT=ENST00000612899.5|STRAND=+|COSMIC=COSG107227|REGION=TSS_UPSTREAM500(+)	TNFAIP3	707	ENST00000612899.5	+	COSG107227	TSS_UPSTREAM500(+)	500	4	82	4	y
704	GENE=TNFRSF14|GENE_NO=708|TRANSCRIPT=ENST00000355716.5|STRAND=+|COSMIC=COSG68245|REGION=TSS_UPSTREAM500(+)	TNFRSF14	708	ENST00000355716.5	+	COSG68245	TSS_UPSTREAM500(+)	500	3	63	3	y
705	GENE=TNFRSF17|GENE_NO=709|TRANSCRIPT=ENST00000053243.6|STRAND=+|COSMIC=COSG95322|REGION=TSS_UPSTREAM500(+)	TNFRSF17	709	ENST00000053243.6	+	COSG95322	TSS_UPSTREAM500(+)	500	1	22	2	y
706	GENE=TNRC18|GENE_NO=710|TRANSCRIPT=ENST00000430969.6|STRAND=-|COSMIC=COSG96118|REGION=TSS_UPSTREAM500(-)	TNRC18	710	ENST00000430969.6	-	COSG96118	TSS_UPSTREAM500(-)	500	3	64	3	y
707	GENE=TOP1|GENE_NO=711|TRANSCRIPT=ENST00000361337.3|STRAND=+|COSMIC=COSG78149|REGION=TSS_UPSTREAM500(+)	TOP1	711	ENST00000361337.3	+	COSG78149	TSS_UPSTREAM500(+)	500	1	59	3	y
708	GENE=TP53|GENE_NO=712|TRANSCRIPT=ENST00000269305.9|STRAND=-|COSMIC=COSG115384|REGION=TSS_UPSTREAM500(-)	TP53	712	ENST00000269305.9	-	COSG115384	TSS_UPSTREAM500(-)	500	1	34	2	y
709	GENE=TP63|GENE_NO=713|TRANSCRIPT=ENST00000264731.8|STRAND=+|COSMIC=COSG61770|REGION=TSS_UPSTREAM500(+)	TP63	713	ENST00000264731.8	+	COSG61770	TSS_UPSTREAM500(+)	500	3	63	3	y
710	GENE=TPM3|GENE_NO=714|TRANSCRIPT=ENST00000651641.1|STRAND=-|COSMIC=COSG101931|REGION=TSS_UPSTREAM500(-)	TPM3	714	ENST00000651641.1	-	COSG101931	TSS_UPSTREAM500(-)	500	2	35	2	y
711	GENE=TPM4|GENE_NO=715|TRANSCRIPT=ENST00000643579.2|STRAND=+|COSMIC=COSG98099|REGION=TSS_UPSTREAM500(+)	TPM4	715	ENST00000643579.2	+	COSG98099	TSS_UPSTREAM500(+)	500	2	60	3	y
712	GENE=TPR|GENE_NO=716|TRANSCRIPT=ENST00000367478.9|STRAND=-|COSMIC=COSG113909|REGION=TSS_UPSTREAM500(-)	TPR	716	ENST00000367478.9	-	COSG113909	TSS_UPSTREAM500(-)	500	3	46	3	y
713	GENE=TRAF7|GENE_NO=718|TRANSCRIPT=ENST00000326181.11|STRAND=+|COSMIC=COSG74104|REGION=TSS_UPSTREAM500(+)	TRAF7	718	ENST00000326181.11	+	COSG74104	TSS_UPSTREAM500(+)	500	3	36	2	y
714	GENE=TRIM24|GENE_NO=721|TRANSCRIPT=ENST00000343526.9|STRAND=+|COSMIC=COSG114610|REGION=TSS_UPSTREAM500(+)	TRIM24	721	ENST00000343526.9	+	COSG114610	TSS_UPSTREAM500(+)	500	3	76	4	y
715	GENE=TRIM27|GENE_NO=722|TRANSCRIPT=ENST00000377199.4|STRAND=-|COSMIC=COSG92877|REGION=TSS_UPSTREAM500(-)	TRIM27	722	ENST00000377199.4	-	COSG92877	TSS_UPSTREAM500(-)	500	3	34	2	y
716	GENE=TRIM33|GENE_NO=723|TRANSCRIPT=ENST00000358465.7|STRAND=-|COSMIC=COSG58637|REGION=TSS_UPSTREAM500(-)	TRIM33	723	ENST00000358465.7	-	COSG58637	TSS_UPSTREAM500(-)	500	2	35	2	y
717	GENE=TRIP11|GENE_NO=724|TRANSCRIPT=ENST00000267622.8|STRAND=-|COSMIC=COSG101385|REGION=TSS_UPSTREAM500(-)	TRIP11	724	ENST00000267622.8	-	COSG101385	TSS_UPSTREAM500(-)	500	3	33	2	y
718	GENE=TRRAP|GENE_NO=725|TRANSCRIPT=ENST00000456197.2|STRAND=+|COSMIC=COSG67046|REGION=TSS_UPSTREAM500(+)	TRRAP	725	ENST00000456197.2	+	COSG67046	TSS_UPSTREAM500(+)	500	3	36	2	y
719	GENE=TSC1|GENE_NO=726|TRANSCRIPT=ENST00000298552.9|STRAND=-|COSMIC=COSG74466|REGION=TSS_UPSTREAM500(-)	TSC1	726	ENST00000298552.9	-	COSG74466	TSS_UPSTREAM500(-)	500	2	62	3	y
720	GENE=TSC2|GENE_NO=727|TRANSCRIPT=ENST00000219476.9|STRAND=+|COSMIC=COSG57978|REGION=TSS_UPSTREAM500(+)	TSC2	727	ENST00000219476.9	+	COSG57978	TSS_UPSTREAM500(+)	500	3	58	3	y
721	GENE=TSHR|GENE_NO=728|TRANSCRIPT=ENST00000298171.7|STRAND=+|COSMIC=COSG90928|REGION=TSS_UPSTREAM500(+)	TSHR	728	ENST00000298171.7	+	COSG90928	TSS_UPSTREAM500(+)	500	2	76	4	y
722	GENE=U2AF1|GENE_NO=729|TRANSCRIPT=ENST00000291552.9|STRAND=-|COSMIC=COSG64514|REGION=TSS_UPSTREAM500(-)	U2AF1	729	ENST00000291552.9	-	COSG64514	TSS_UPSTREAM500(-)	500	3	63	3	y
723	GENE=UBR5|GENE_NO=730|TRANSCRIPT=ENST00000520539.6|STRAND=-|COSMIC=COSG65755|REGION=TSS_UPSTREAM500(-)	UBR5	730	ENST00000520539.6	-	COSG65755	TSS_UPSTREAM500(-)	500	3	36	2	y
724	GENE=UBTF|GENE_NO=731|TRANSCRIPT=ENST00000436088.6|STRAND=-|COSMIC=COSG67388|REGION=TSS_UPSTREAM500(-)	UBTF	731	ENST00000436088.6	-	COSG67388	TSS_UPSTREAM500(-)	500	3	54	3	y
725	GENE=USP44|GENE_NO=732|TRANSCRIPT=ENST00000258499.8|STRAND=-|COSMIC=COSG92286|REGION=TSS_UPSTREAM500(-)	USP44	732	ENST00000258499.8	-	COSG92286	TSS_UPSTREAM500(-)	500	3	36	2	y
726	GENE=USP6|GENE_NO=733|TRANSCRIPT=ENST00000574788.6|STRAND=+|COSMIC=COSG107118|REGION=TSS_UPSTREAM500(+)	USP6	733	ENST00000574788.6	+	COSG107118	TSS_UPSTREAM500(+)	500	1	60	3	y
727	GENE=USP8|GENE_NO=734|TRANSCRIPT=ENST00000307179.9|STRAND=+|COSMIC=COSG87291|REGION=TSS_UPSTREAM500(+)	USP8	734	ENST00000307179.9	+	COSG87291	TSS_UPSTREAM500(+)	500	3	58	3	y
728	GENE=USP9X|GENE_NO=735|TRANSCRIPT=ENST00000378308.7|STRAND=+|COSMIC=COSG86650|REGION=TSS_UPSTREAM500(+)	USP9X	735	ENST00000378308.7	+	COSG86650	TSS_UPSTREAM500(+)	500	2	63	3	y
729	GENE=VAV1|GENE_NO=736|TRANSCRIPT=ENST00000602142.6|STRAND=+|COSMIC=COSG96287|REGION=TSS_UPSTREAM500(+)	VAV1	736	ENST00000602142.6	+	COSG96287	TSS_UPSTREAM500(+)	500	3	62	3	y
730	GENE=VHL|GENE_NO=737|TRANSCRIPT=ENST00000256474.3|STRAND=+|COSMIC=COSG111666|REGION=TSS_UPSTREAM500(+)	VHL	737	ENST00000256474.3	+	COSG111666	TSS_UPSTREAM500(+)	500	3	34	2	y
731	GENE=VTI1A|GENE_NO=738|TRANSCRIPT=ENST00000393077.3|STRAND=+|COSMIC=COSG86674|REGION=TSS_UPSTREAM500(+)	VTI1A	738	ENST00000393077.3	+	COSG86674	TSS_UPSTREAM500(+)	500	4	34	2	y
732	GENE=WAS|GENE_NO=739|TRANSCRIPT=ENST00000376701.5|STRAND=+|COSMIC=COSG72492|REGION=TSS_UPSTREAM500(+)	WAS	739	ENST00000376701.5	+	COSG72492	TSS_UPSTREAM500(+)	500	2	36	2	y
733	GENE=WDCP|GENE_NO=740|TRANSCRIPT=ENST00000295148.9|STRAND=-|COSMIC=COSG91148|REGION=TSS_UPSTREAM500(-)	WDCP	740	ENST00000295148.9	-	COSG91148	TSS_UPSTREAM500(-)	500	5	59	3	y
734	GENE=WIF1|GENE_NO=741|TRANSCRIPT=ENST00000286574.9|STRAND=-|COSMIC=COSG112650|REGION=TSS_UPSTREAM500(-)	WIF1	741	ENST00000286574.9	-	COSG112650	TSS_UPSTREAM500(-)	500	3	36	2	y
735	GENE=WNK2|GENE_NO=742|TRANSCRIPT=ENST00000427277.7|STRAND=+|COSMIC=COSG97812|REGION=TSS_UPSTREAM500(+)	WNK2	742	ENST00000427277.7	+	COSG97812	TSS_UPSTREAM500(+)	500	3	36	2	y
736	GENE=WRN|GENE_NO=743|TRANSCRIPT=ENST00000298139.7|STRAND=+|COSMIC=COSG61815|REGION=TSS_UPSTREAM500(+)	WRN	743	ENST00000298139.7	+	COSG61815	TSS_UPSTREAM500(+)	500	3	82	4	y
737	GENE=WT1|GENE_NO=744|TRANSCRIPT=ENST00000452863.10|STRAND=-|COSMIC=COSG61501|REGION=TSS_UPSTREAM500(-)	WT1	744	ENST00000452863.10	-	COSG61501	TSS_UPSTREAM500(-)	500	2	61	3	y
738	GENE=WWTR1|GENE_NO=745|TRANSCRIPT=ENST00000360632.8|STRAND=-|COSMIC=COSG84133|REGION=TSS_UPSTREAM500(-)	WWTR1	745	ENST00000360632.8	-	COSG84133	TSS_UPSTREAM500(-)	500	4	60	3	y
739	GENE=XPA|GENE_NO=746|TRANSCRIPT=ENST00000375128.5|STRAND=-|COSMIC=COSG102586|REGION=TSS_UPSTREAM500(-)	XPA	746	ENST00000375128.5	-	COSG102586	TSS_UPSTREAM500(-)	500	2	36	2	y
740	GENE=XPC|GENE_NO=747|TRANSCRIPT=ENST00000285021.12|STRAND=-|COSMIC=COSG95459|REGION=TSS_UPSTREAM500(-)	XPC	747	ENST00000285021.12	-	COSG95459	TSS_UPSTREAM500(-)	500	2	52	3	y
741	GENE=XPO1|GENE_NO=748|TRANSCRIPT=ENST00000401558.7|STRAND=-|COSMIC=COSG68225|REGION=TSS_UPSTREAM500(-)	XPO1	748	ENST00000401558.7	-	COSG68225	TSS_UPSTREAM500(-)	500	2	62	3	y
742	GENE=YAP1|GENE_NO=749|TRANSCRIPT=ENST00000282441.10|STRAND=+|COSMIC=COSG79741|REGION=TSS_UPSTREAM500(+)	YAP1	749	ENST00000282441.10	+	COSG79741	TSS_UPSTREAM500(+)	500	2	62	3	y
743	GENE=YWHAE|GENE_NO=750|TRANSCRIPT=ENST00000264335.13|STRAND=-|COSMIC=COSG73314|REGION=TSS_UPSTREAM500(-)	YWHAE	750	ENST00000264335.13	-	COSG73314	TSS_UPSTREAM500(-)	500	2	36	2	y
744	GENE=ZBTB16|GENE_NO=751|TRANSCRIPT=ENST00000335953.9|STRAND=+|COSMIC=COSG68438|REGION=TSS_UPSTREAM500(+)	ZBTB16	751	ENST00000335953.9	+	COSG68438	TSS_UPSTREAM500(+)	500	3	80	4	y
745	GENE=ZCCHC8|GENE_NO=752|TRANSCRIPT=ENST00000633063.3|STRAND=-|COSMIC=COSG91510|REGION=TSS_UPSTREAM500(-)	ZCCHC8	752	ENST00000633063.3	-	COSG91510	TSS_UPSTREAM500(-)	500	2	33	2	y
746	GENE=ZEB1|GENE_NO=753|TRANSCRIPT=ENST00000424869.6|STRAND=+|COSMIC=COSG60276|REGION=TSS_UPSTREAM500(+)	ZEB1	753	ENST00000424869.6	+	COSG60276	TSS_UPSTREAM500(+)	500	2	82	4	y
747	GENE=ZFHX3|GENE_NO=754|TRANSCRIPT=ENST00000268489.10|STRAND=-|COSMIC=COSG106670|REGION=TSS_UPSTREAM500(-)	ZFHX3	754	ENST00000268489.10	-	COSG106670	TSS_UPSTREAM500(-)	500	2	60	3	y
748	GENE=ZMYM2|GENE_NO=755|TRANSCRIPT=ENST00000610343.5|STRAND=+|COSMIC=COSG84691|REGION=TSS_UPSTREAM500(+)	ZMYM2	755	ENST00000610343.5	+	COSG84691	TSS_UPSTREAM500(+)	500	1	80	4	y
749	GENE=ZMYM3|GENE_NO=756|TRANSCRIPT=ENST00000314425.9|STRAND=-|COSMIC=COSG81053|REGION=TSS_UPSTREAM500(-)	ZMYM3	756	ENST00000314425.9	-	COSG81053	TSS_UPSTREAM500(-)	500	2	68	4	y
750	GENE=ZNF331|GENE_NO=757|TRANSCRIPT=ENST00000449416.6|STRAND=+|COSMIC=COSG73607|REGION=TSS_UPSTREAM500(+)	ZNF331	757	ENST00000449416.6	+	COSG73607	TSS_UPSTREAM500(+)	500	4	63	3	y
751	GENE=ZNF384|GENE_NO=758|TRANSCRIPT=ENST00000683879.1|STRAND=-|COSMIC=COSG68568|REGION=TSS_UPSTREAM500(-)	ZNF384	758	ENST00000683879.1	-	COSG68568	TSS_UPSTREAM500(-)	500	3	63	3	y
752	GENE=ZNF429|GENE_NO=759|TRANSCRIPT=ENST00000358491.9|STRAND=+|COSMIC=COSG92428|REGION=TSS_UPSTREAM500(+)	ZNF429	759	ENST00000358491.9	+	COSG92428	TSS_UPSTREAM500(+)	500	3	32	2	y
753	GENE=ZNF479|GENE_NO=760|TRANSCRIPT=ENST00000319636.10|STRAND=-|COSMIC=COSG111702|REGION=TSS_UPSTREAM500(-)	ZNF479	760	ENST00000319636.10	-	COSG111702	TSS_UPSTREAM500(-)	500	3	32	2	y
754	GENE=ZNF521|GENE_NO=761|TRANSCRIPT=ENST00000361524.8|STRAND=-|COSMIC=COSG65491|REGION=TSS_UPSTREAM500(-)	ZNF521	761	ENST00000361524.8	-	COSG65491	TSS_UPSTREAM500(-)	500	1	56	3	y
755	GENE=ZNRF3|GENE_NO=762|TRANSCRIPT=ENST00000544604.7|STRAND=+|COSMIC=COSG102839|REGION=TSS_UPSTREAM500(+)	ZNRF3	762	ENST00000544604.7	+	COSG102839	TSS_UPSTREAM500(+)	500	1	84	4	y
756	GENE=ZRSR2|GENE_NO=763|TRANSCRIPT=ENST00000307771.8|STRAND=+|COSMIC=COSG85804|REGION=TSS_UPSTREAM500(+)	ZRSR2	763	ENST00000307771.8	+	COSG85804	TSS_UPSTREAM500(+)	500	3	35	2	y
